cif_file,Unnamed: 0,composition,A,B,B_prime,X,formula,n_inequivalent,reduction_ratio,Q2_mean,Q2_var,Q4_mean,Q4_var,Q6_mean,Q6_var,Q8_mean,Q8_var,W2_mean,W2_var,W4_mean,W4_var,W6_mean,W6_var,W8_mean,W8_var,_angle_diversity_mean,_angle_diversity_var,_angle_symmetry_mean,_angle_symmetry_var,_anisotropy_mean,_anisotropy_var,_convex_area_mean,_convex_area_var,_convex_volume_mean,_convex_volume_var,_distance_symmetry_mean,_distance_symmetry_var,_inertia_max_mean,_inertia_max_var,_inertia_mid_mean,_inertia_mid_var,_inertia_min_mean,_inertia_min_var,_inertia_ratio_mean,_inertia_ratio_var,_radial_asymmetry_mean,_radial_asymmetry_var,_radial_std_mean,_radial_std_var,_sphericity_mean,_sphericity_var,_unique_angles_mean,_unique_angles_var,_unique_distances_mean,_unique_distances_var,angle_entropy_mean,angle_entropy_var,angle_max_mean,angle_max_var,angle_min_mean,angle_min_var,angle_range_mean,angle_range_var,angle_std_mean,angle_std_var,avg_angle_mean,avg_angle_var,avg_distance_mean,avg_distance_var,coordination_mean,coordination_var,dihedral_entropy_mean,dihedral_entropy_var,dihedral_mean_mean,dihedral_mean_var,dihedral_std_mean,dihedral_std_var,dist_skew_mean,dist_skew_var,dist_unique_mean,dist_unique_var,distance_range_mean,distance_range_var,distance_std_mean,distance_std_var,max_distance_mean,max_distance_var,min_distance_mean,min_distance_var,poly_nodes,poly_edges,poly_density,poly_components,poly_diameter,poly_avg_path_length,poly_avg_degree,poly_max_degree,poly_degree_std,poly_avg_clustering,cat_nodes,cat_edges,cat_density,cat_components,cat_diameter,cat_avg_path_length,cat_avg_degree,cat_max_degree,cat_degree_std,cat_avg_clustering,global_total_anion_bridged,poly_frac_corner_sharing,poly_frac_edge_sharing,poly_frac_face_sharing,L1_bond_kurt_mean,L1_bond_kurt_max,L1_bond_mean_mean,L1_bond_mean_max,L1_bond_skew_mean,L1_bond_skew_max,L1_bond_std_mean,L1_bond_std_max,L1_cn_mean_mean,L1_cn_mean_max,L2_lattice_kurt_mean,L2_lattice_kurt_max,L2_lattice_mean_mean,L2_lattice_mean_max,L2_lattice_skew_mean,L2_lattice_skew_max,L2_lattice_std_mean,L2_lattice_std_max,L3_global_min_dist_mean,L3_global_min_dist_max,L3_inter_kurt_mean,L3_inter_kurt_max,L3_inter_mean_mean,L3_inter_mean_max,L3_inter_skew_mean,L3_inter_skew_max,L3_inter_std_mean,L3_inter_std_max,A_atomic_hfomo,A_atomic_hpomo,A_atomic_lfumo,A_atomic_lpumo,A_atomic_ea,A_atomic_ip,A_atomic_ea_by_half_charged_homo,A_atomic_ip_by_half_charged_homo,A_X,A_atomic_ie_1,A_atomic_ie_2,A_atomic_ndunf,A_atomic_ndval,A_atomic_nfunf,A_atomic_nfval,A_atomic_npunf,A_atomic_npval,A_atomic_nsunf,A_atomic_nsval,A_atomic_nunf,A_atomic_nval,A_atomic_pol,B_atomic_hfomo,B_atomic_hpomo,B_atomic_lfumo,B_atomic_lpumo,B_atomic_ea,B_atomic_ip,B_atomic_ea_by_half_charged_homo,B_atomic_ip_by_half_charged_homo,B_X,B_atomic_ie_1,B_atomic_ie_2,B_atomic_ndunf,B_atomic_ndval,B_atomic_nfunf,B_atomic_nfval,B_atomic_npunf,B_atomic_npval,B_atomic_nsunf,B_atomic_nsval,B_atomic_nunf,B_atomic_nval,B_atomic_pol,X_atomic_hfomo,X_atomic_hpomo,X_atomic_lfumo,X_atomic_lpumo,X_atomic_ea,X_atomic_ip,X_atomic_ea_by_half_charged_homo,X_atomic_ip_by_half_charged_homo,X_X,X_atomic_ie_1,X_atomic_ie_2,X_atomic_ndunf,X_atomic_ndval,X_atomic_nfunf,X_atomic_nfval,X_atomic_npunf,X_atomic_npval,X_atomic_nsunf,X_atomic_nsval,X_atomic_nunf,X_atomic_nval,X_atomic_pol,lattice_constant,space_group_number,lattice_constant_1
mp-542112.cif,0,Ca1 Zr1 O3,Ca,Zr,Zr,O,CaZrO3,3,0.6,1.2440063943579455e-16,3.868832227853493e-33,0.532985149367236,0.0789361620670483,0.4425777310191424,0.0117464526885488,0.5915038277180037,0.0237425174967294,5.388372529745172e-39,8.064721561269213e-77,0.2719860838318793,1.8866716800408327,0.1888576273316757,0.9096452937891784,1.5936995614604004,3.840265131647437e-19,36.15565451566251,0.0359098123834778,11.125903572813586,19.48595543597995,0.0320926779136529,0.0021793278156958,56.98135726146899,472.1799398509135,35.186821317196575,436.64148689509295,7.454488711132807,15.27641789267032,43.77707036745737,481.38494571006856,41.00006034320244,548.6037595832684,41.00006034320244,548.6037595832686,0.9197683052158678,0.0136207988480988,1.1329322244470654,0.0373913539459537,0.130345115853592,0.0359501057142326,0.8619429154958889,0.0013334049845821,2.8057563495141307,0.9622694042459232,1.3209267791365278,0.2179327815695821,0.2508825593435378,0.0003044894638785,180.0,0.0,77.91365475728803,216.51061595533267,102.086345242712,216.51061595533264,36.15565451566251,0.0359098123834778,104.04446878171402,23.189897433249367,2.611482671038651,0.1225076260944845,8.41726904854239,8.66042463821331,0.2022840459164908,0.0008351875706672,95.5233425217288,88.74507322297588,26.11617420022144,322.4711437689409,-0.226929468,0.1089663582568885,1.3209267791365278,0.2179327815695821,0.276503745943864,0.1617754757140472,0.130345115853592,0.0359501057142326,2.7036505863532723,0.1483978331248687,2.4271468404094083,0.1785775291764147,27.0,81.0,0.2307692307692307,1.0,3.0,2.076923076923077,6.0,6.0,0.0,0.2,27.0,243.0,0.6923076923076923,1.0,2.0,1.3076923076923077,18.0,18.0,0.0,0.6862745098039215,81.0,1.0,0.0,0.0,-0.409040617,1.2729828637472158,2.596982848590501,2.9416144143175025,-0.931133459,-0.707106781,0.2436913171365,0.4061521952274994,7.2,12.0,-0.508994743,-0.132963989,3.4289970485905004,4.160070999999999,-0.876997973,0.2841645856167689,9.386011754185261e-16,1.3674401325394233e-15,2.874792360621476,3.6027271675469303,-0.475432658,0.1905452551966773,2.8747923606214774,3.602727167546932,-0.480599731,0.4842715922052424,8.94812147455232e-16,1.0580070963719164e-15,-3.942079968,-3.942079968,-0.935069992,-0.935069992,1.3744005986758032,6.388740337367709,1.3953099885043316,6.391409947342504,1.0,6.11316,11.87172,0.0,0.0,0.0,0.0,0.0,0.0,0.0,2.0,0.0,2.0,25.73333333,-4.648009962,-3.055889975,-3.055889975,-3.055889975,0.5037961558380569,7.098576891509628,0.5568399954123112,7.006299942276553,1.33,6.6339,13.1,8.0,2.0,0.0,0.0,0.0,0.0,0.0,2.0,8.0,4.0,17.9,-9.787249919,-9.787269919,3.47662997135677,-9.787269919,-3.814405005,16.99279956799987,-3.66805997,16.856479861122974,3.44,13.61805,35.1211,0.0,0.0,0.0,0.0,2.0,4.0,0.0,2.0,2.0,6.0,0.802,4.160071,221.0,4.160071
mp-754524.cif,1,Ce1 Ti1 O3,Ce,Ti,Ti,O,CeTiO3,3,0.6,9.210562074802847e-17,4.840918089295844e-33,0.5403753765372545,0.0780592579889355,0.4397268889958555,0.0116159610102582,0.5955568889824818,0.0234787611919845,4.30333712638937e-39,3.408185185877845e-77,-0.091017782,1.3176725023509226,-0.383674276,0.7189900148456199,1.3514671232048716,0.1192480102775044,36.15067002448082,0.035510907345401,11.00979062855234,19.269485400697235,0.0329783322841487,0.0022102628281711,50.73126133219862,377.1349009601467,29.517433944290865,312.8643112225496,7.350510450510436,15.183333942844843,38.857597429184544,384.3145785984779,36.29438619878799,437.4886849697227,36.29438619878799,437.4886849697227,0.9175541692896284,0.0138141426760696,1.136600724965409,0.0379221148495942,0.1269432471975385,0.0327495809556104,0.860967294568784,0.0013237689724724,2.7799534730116315,0.9515795259603572,1.329783322841486,0.2210262828171142,0.243020751358658,0.0004946234655157,180.0,0.0,78.30069790482551,214.10539334108057,101.69930209517447,214.10539334108057,36.15067002448082,0.035510907345401,104.17113747735402,22.932280002543536,2.469309583079036,0.1097843725915097,8.339860419034896,8.564215733643215,0.2096163649226761,9.564657176465929e-05,88.12457619564728,64.89173988790844,36.835243164260206,19.01270998348722,-0.233191983,0.1105131026559375,1.329783322841486,0.2210262828171142,0.2692872927576601,0.1473731143002479,0.1269432471975385,0.0327495809556104,2.5590720139982563,0.1344906575458089,2.289784721240596,0.1586205455497433,27.0,81.0,0.2307692307692307,1.0,3.0,2.076923076923077,6.0,6.0,0.0,0.2,27.0,243.0,0.6923076923076923,1.0,2.0,1.3076923076923077,18.0,18.0,0.0,0.6862745098039215,81.0,1.0,0.0,0.0,-0.437870187,2.919510613357967,2.461280949597971,2.7879042493299515,-0.933101675,-0.707106781,0.2309575501340099,0.3849292502233495,7.2,12.0,-1.979616,-1.979616,3.24981934959797,3.942691999999999,0.5810240890014802,0.5810240890014802,6.9809912422845075e-16,1.3513204321084705e-15,2.72457389354254,3.4144714312976725,-1.032686316,-0.462443926,2.7245738935425408,3.4144714312976743,0.1388209043320892,1.0979016989968478,8.888480596641225e-16,1.0631723366579553e-15,-1.845129985,-1.845129985,-1.766549985,-1.845129985,0.9969753918058928,5.602414853864822,0.78892999350017,6.363579947571789,1.12,5.5387,10.85,9.0,1.0,13.0,1.0,0.0,0.0,0.0,2.0,22.0,4.0,29.6,-4.762429961,-3.553389971,-3.553389971,-3.553389971,0.7799878335735743,7.4794458083788,0.8744399927956709,7.940329934581274,1.54,6.82812,13.5755,8.0,2.0,0.0,0.0,0.0,0.0,0.0,2.0,8.0,4.0,14.6,-9.787249919,-9.787269919,3.47662997135677,-9.787269919,-3.814405005,16.99279956799987,-3.66805997,16.856479861122974,3.44,13.61805,35.1211,0.0,0.0,0.0,0.0,2.0,4.0,0.0,2.0,2.0,6.0,0.802,3.942692,221.0,3.942692
mp-754696.cif,3,Pr1 Ti1 O3,Pr,Ti,Ti,O,PrTiO3,3,0.6,1.1058842924292196e-16,2.5842696747910824e-34,0.5416177156120208,0.0779011208687892,0.4392476462932925,0.0115924287007126,0.5962382315536154,0.0234311965113155,1.938757248238888e-39,1.148364569601183e-77,-0.094680065,1.301510607661666,-0.394034471,0.7090029374589899,1.3455584274048915,0.1206905971016433,36.14983213007029,0.0354389559325889,10.99027138449891,19.23044812303825,0.0337827618433698,0.0022370011865711,50.7812293588158,373.2473693880684,29.523206400515715,310.5886988164402,7.31336473436485,15.276607178425664,38.89223374196872,380.6365533447651,36.265774316313376,435.0991378082571,36.26577431631337,435.0991378082571,0.9155430953915756,0.0139812574160695,1.139932781299441,0.0383808725526193,0.1300576743336567,0.0331549119466046,0.8606485250948774,0.0013303030807584,2.7756158632219803,0.949651759162383,1.337827618433697,0.2237001186571134,0.2580287731227527,0.0001333642756252,180.0,0.0,78.36576205167027,213.67164581153605,101.63423794832973,213.67164581153605,36.14983213007029,0.0354389559325889,104.1924312169103,22.88582255964884,2.4722587854488243,0.1081476618940371,8.326847589665942,8.546865832461448,0.2141987037444664,0.0002572457258671,88.84087669411394,13.21971696257455,26.66830365805832,365.5443443397321,-0.238880158,0.111850020123363,1.337827618433697,0.2237001186571134,0.2758939904000413,0.1491971037597209,0.1300576743336567,0.0331549119466046,2.564223448915505,0.1327824163637169,2.288329458515464,0.1583428887944919,27.0,81.0,0.2307692307692307,1.0,3.0,2.076923076923077,6.0,6.0,0.0,0.2,27.0,243.0,0.6923076923076923,1.0,2.0,1.3076923076923077,18.0,18.0,0.0,0.6862745098039215,81.0,1.0,0.0,0.0,-1.18499499,-0.313925483,2.46162054925135,2.788288915418917,-0.726583618,-0.707106781,0.2309894169162168,0.3849823615270276,7.2,12.0,0.0,0.0,3.250267749251349,3.943235999999999,0.0,0.0,4.633972194941126e-16,5.268416938279859e-16,2.724949821512082,3.4149425491173324,-0.672714416,0.0935077139948314,2.724949821512083,3.414942549117334,-0.29163069,1.1856704495565469,7.977163710381894e-16,1.1394444142547051e-15,-3.552829971,-1.857289985,-1.857289985,-1.857289985,-2.664784778,2.129404682427247,0.600049995056313,6.411329947178387,1.13,5.473,10.55,0.0,0.0,11.0,3.0,0.0,0.0,0.0,2.0,11.0,5.0,28.2,-4.762429961,-3.553389971,-3.553389971,-3.553389971,0.7799878335735743,7.4794458083788,0.8744399927956709,7.940329934581274,1.54,6.82812,13.5755,8.0,2.0,0.0,0.0,0.0,0.0,0.0,2.0,8.0,4.0,14.6,-9.787249919,-9.787269919,3.47662997135677,-9.787269919,-3.814405005,16.99279956799987,-3.66805997,16.856479861122974,3.44,13.61805,35.1211,0.0,0.0,0.0,0.0,2.0,4.0,0.0,2.0,2.0,6.0,0.802,3.943235999999999,221.0,3.943235999999999
mp-754941.cif,4,Eu1 Cr1 O3,Eu,Cr,Cr,O,EuCrO3,3,0.6,7.78954941244421e-17,9.491236615913639e-35,0.5405290470279951,0.0780398645957017,0.4396676093170766,0.011613075088646,0.5956411673002094,0.0234729280229259,2.1519312117815155e-40,2.5870710335542845e-79,-0.094981663,1.3094373108058073,-0.390212577,0.7129954684352551,1.34860551586004,0.1199553809866263,36.150566391790335,0.0355020628544835,11.007376205732117,19.26469800305323,0.0333679210550377,0.0022233739499685,49.17327982480511,351.6808117350158,28.15083710990288,282.9610377552547,7.33721317217028,15.244478650056156,37.67082242913873,358.53926435076625,35.159645522568695,409.1405221701893,35.15964552256869,409.1405221701894,0.9165801973624056,0.0138960871873033,1.1382144544919142,0.0381470661360523,0.1263881302391301,0.0318982452158998,0.8608593808771878,0.0013283021111,2.779416934607137,0.951343111261888,1.3336792105503772,0.2223373949968542,0.2409594904352136,0.0005829250942982,180.0,0.0,78.30874598089294,214.0522000339249,101.69125401910706,214.0522000339249,36.150566391790335,0.0355020628544835,104.1737714018461,22.926582868263072,2.4316782700205217,0.105407204145492,8.338250803821412,8.562088001356992,0.2010134078444407,0.0002143875562054,88.04054563037027,65.02092724850455,35.82070262713808,19.77583727622805,-0.235946789,0.1111686565835751,1.3336792105503772,0.2223373949968542,0.2681097118607333,0.1435421034715498,0.1263881302391302,0.0318982452158998,2.5210481739741,0.1291842066469321,2.2529384621133666,0.1535479347903121,27.0,81.0,0.2307692307692307,1.0,3.0,2.076923076923077,6.0,6.0,0.0,0.2,27.0,243.0,0.6923076923076923,1.0,2.0,1.3076923076923077,18.0,18.0,0.0,0.6862745098039215,81.0,1.0,0.0,0.0,-1.042606916,-0.235701245,2.421906741992103,2.7433049033201726,-0.485782335,0.7919573954993472,0.2272628193359658,0.3787713655599425,7.2,12.0,-0.022840237,0.6362130177514791,3.197830541992103,3.879619,-1.442331265,-1.0,7.495742153937973e-16,8.881784197001252e-16,2.680987671441649,3.359848611004778,-1.001034008,-0.629395866,2.6809876714416503,3.3598486110047805,-0.98049732,-0.447020115,9.310977391789018e-16,1.5642664925495666e-15,-2.358419981,-2.358419981,-2.358419981,-2.358419981,-7.773939136,-3.007723375,2.1781999820542635,6.07905994991589,1.2,5.67038,11.25,0.0,0.0,7.0,7.0,0.0,0.0,0.0,2.0,7.0,9.0,27.7,-4.787509961,-4.787509961,-4.710739961,-4.787509961,-3.386652872,7.192547130741292,-0.713879994,7.198049940696766,1.66,6.76651,16.4857,5.0,5.0,0.0,0.0,0.0,0.0,1.0,1.0,6.0,6.0,11.6,-9.787249919,-9.787269919,3.47662997135677,-9.787269919,-3.814405005,16.99279956799987,-3.66805997,16.856479861122974,3.44,13.61805,35.1211,0.0,0.0,0.0,0.0,2.0,4.0,0.0,2.0,2.0,6.0,0.802,3.879619,221.0,3.879619
mp-755572.cif,5,Eu1 Nb1 O3,Eu,Nb,Nb,O,EuNbO3,3,0.6,8.652576181122344e-17,2.6040558864448207e-35,0.5412213677996891,0.0779519072182025,0.4394005407812749,0.0115999861931849,0.5960208604324762,0.023446472092975,-4.1999999999999995e-40,2.7578214659932005e-79,-0.096149264,1.3019752385208574,-0.39467846,0.7085878813698397,1.345842758503799,0.1206227778679238,36.15009945845332,0.0354620597747271,10.996498677704194,19.24298509615057,0.0337440520588581,0.0022357441565348,53.94508276520048,420.96891909406736,32.32696259978097,371.9793112704657,7.318677556703729,15.284048897559853,41.3223587447648,429.3191665060908,38.536866922730106,490.8113454933337,38.53686692273007,490.8113454933327,0.9156398698528552,0.0139734009783429,1.139772440122027,0.0383593053268592,0.1338605546044658,0.0351830009101478,0.8606987740270893,0.0013310132617708,2.7769997061564875,0.9502708689457072,1.3374405205885775,0.2235744156534873,0.2511282184118697,0.0003426662472745,180.0,0.0,78.34500440765268,213.8109455127841,101.65499559234736,213.8109455127841,36.15009945845332,0.0354620597747271,104.18563780614087,22.900742593765948,2.5478316121644906,0.1148189204881306,8.330999118469462,8.552437820511363,0.21961597338352,2.094957210319876e-05,89.14785789320158,74.68974739820659,37.41090743546769,20.20428047716213,-0.238606442,0.1117871720124954,1.3374405205885775,0.2235744156534873,0.28396111768263,0.1583235040956654,0.1338605546044657,0.0351830009101478,2.6424853180587013,0.1408864742719937,2.358524200376072,0.1682328156508483,27.0,81.0,0.2307692307692307,1.0,3.0,2.076923076923077,6.0,6.0,0.0,0.2,27.0,243.0,0.6923076923076923,1.0,2.0,1.3076923076923077,18.0,18.0,0.0,0.6862745098039215,81.0,1.0,0.0,0.0,-1.156464826,-0.422582733,2.5365046575102257,2.87311048918371,-0.495495499,-0.016017082,0.2380162661632585,0.3966937769387635,7.2,12.0,2.5568299861495856,2.5568299861495856,3.3491430215102245,4.063191819999999,-1.748917642,-1.748917642,8.541795826878405e-16,8.881784197001252e-16,2.8078445785842767,3.5188273365691254,-0.820928701,-0.489384574,2.807844578584278,3.518827336569128,-0.56677942,0.2899080996528617,9.728392213905764e-16,1.2517050007811828e-15,-2.358419981,-2.358419981,-2.358419981,-2.358419981,-7.773939136,-3.007723375,2.1781999820542635,6.07905994991589,1.2,5.67038,11.25,0.0,0.0,7.0,7.0,0.0,0.0,0.0,2.0,7.0,9.0,27.7,-4.966219959,-4.334109964,-4.334109964,-4.334109964,-0.511766596,7.220987540517275,-0.459349996,7.633379937110171,1.6,6.75885,14.0,6.0,4.0,0.0,0.0,0.0,0.0,1.0,1.0,7.0,5.0,15.7,-9.787249919,-9.787269919,3.47662997135677,-9.787269919,-3.814405005,16.99279956799987,-3.66805997,16.856479861122974,3.44,13.61805,35.1211,0.0,0.0,0.0,0.0,2.0,4.0,0.0,2.0,2.0,6.0,0.802,4.063504103259971,221.0,4.063504103259971
mp-758371.cif,6,Yb1 Al1 O3,Yb,Al,Al,O,YbAlO3,3,0.6,1.194313088186316e-16,2.6109110396688826e-33,0.5421097453353425,0.0778376371317085,0.4390578417068188,0.011582981716028,0.596508078009846,0.0234121017935217,5.55589806418092e-39,3.7912612952382715e-77,-0.085422424,1.3140740456424254,-0.382104514,0.7196204811956542,1.3497169717514266,0.119682581543667,36.1495002324554,0.035410059770262,10.982540766951631,19.214776709084628,0.0332166037424111,0.0022183176100607,43.23708164158721,274.2194002105544,23.21550185598344,194.23256661733595,7.325195732362095,15.163513675552796,33.09427888281504,279.4188125651814,30.88955799779932,318.0499189891908,30.889557997799315,318.04991898919087,0.9169584906439724,0.0138644850628795,1.1375876776607952,0.0380603130584281,0.1181564626918783,0.0280690838101727,0.8607311496816685,0.0013216189580458,2.773897948211474,0.9488778621770187,1.3321660374241089,0.2218317610060743,0.2400129400150078,0.0005391341463799,180.0,0.0,78.39153077682789,213.4975189898293,101.60846922317214,213.4975189898293,36.1495002324554,0.035410059770262,104.20086460285428,22.86717246265796,2.280815380095961,0.0936299248467024,8.32169384463442,8.539900759593168,0.1996121213770739,0.0002732493745041,89.07621891379625,176.2746727854117,34.62060218551088,6.33716985701774,-0.234876805,0.1109158312178028,1.3321660374241089,0.2218317610060743,0.2506477080313287,0.1263108771457789,0.1181564626918785,0.0280690838101728,2.364364616106405,0.115012199354988,2.113716908075076,0.1350726272606511,27.0,81.0,0.2307692307692307,1.0,3.0,2.076923076923077,6.0,6.0,0.0,0.2,27.0,243.0,0.6923076923076923,1.0,2.0,1.3076923076923077,18.0,18.0,0.0,0.6862745098039215,81.0,1.0,0.0,0.0,-0.329110919,2.1257436049970257,2.274482143883751,2.5763163831395848,-0.093658867,1.0646849070326114,0.2134290373720832,0.355715062286805,7.2,12.0,-1.148279773,-1.148279773,3.00317445788375,3.64346157,-1.007008236,-1.007008236,5.1465473223187005e-16,9.165101083499073e-16,2.517792481823971,3.155330277332333,2.820759460853529,11.065437239738252,2.517792481823972,3.155330277332333,-0.32168404,1.2670831705177104,8.340905786976981e-16,1.1995585543291554e-15,-3.926989968,-3.926989968,-0.194009998,-0.194009998,2.0578892829804767,6.480050346556007,2.07519998290286,6.488929946539056,1.1,6.25416,12.176,0.0,0.0,0.0,14.0,0.0,0.0,0.0,2.0,0.0,16.0,20.9,-8.290709932,-2.361949981,-2.361949981,-2.361949981,0.4441415743394725,5.425257643300485,0.4751699960851733,5.362649955818243,1.61,5.985768,18.82855,0.0,0.0,0.0,0.0,5.0,1.0,0.0,2.0,5.0,3.0,6.8,-9.787249919,-9.787269919,3.47662997135677,-9.787269919,-3.814405005,16.99279956799987,-3.66805997,16.856479861122974,3.44,13.61805,35.1211,0.0,0.0,0.0,0.0,2.0,4.0,0.0,2.0,2.0,6.0,0.802,3.643461568914077,221.0,3.643461568914077
mp-762506.cif,7,Sr1 Ni1 O3,Sr,Ni,Ni,O,SrNiO3,3,0.6,1.0350974003287276e-16,1.9715434240654504e-33,0.5219374462894298,0.0800433554219644,0.4468394750048723,0.0119112136044589,0.5854448776511142,0.0240755404980127,4.77027398113921e-39,2.5514367247238806e-77,0.2179750916570911,1.9131349674917129,0.151354280306974,0.9224043790834268,1.5936995614360328,3.89412627457938e-19,36.16310606375106,0.0364135061711564,11.299481637760248,19.75927402416493,0.0326445919092375,0.002198789810003,51.01351724710656,358.78790283905727,29.775447532484613,294.56506850331687,7.553650001229707,15.7221114965513,39.409164446226335,366.9346302456731,36.92839707235242,424.3453266361987,36.92839707235242,424.3453266361988,0.918388520226906,0.0137424363125193,1.135218327069412,0.0377252689781009,0.1242515178228018,0.0318540482266622,0.8629585170496561,0.0013703014552493,2.8443292528356108,0.9757666184772807,1.3264459190923747,0.2198789810003095,0.2464644505748457,0.0006492680569358,180.0,0.0,77.33506120746583,219.54748915738827,102.66493879253416,219.54748915738827,36.16310606375106,0.0364135061711564,103.85511094062518,23.51516908660949,2.4658519618170898,0.102946927171364,8.532987758506831,8.781899566295529,0.2097397266375903,0.000350901137684,80.02670732656284,63.666076509111655,36.37613852899021,11.826593182467262,-0.230832081,0.1099394506240963,1.3264459190923747,0.2198789810003095,0.2635772724756733,0.1433432170199803,0.1242515178228018,0.0318540482266622,2.5537110526423143,0.1226864012679572,2.2901337801666406,0.1590301236581643,27.0,81.0,0.2307692307692307,1.0,3.0,2.076923076923077,6.0,6.0,0.0,0.2,27.0,243.0,0.6923076923076923,1.0,2.0,1.3076923076923077,18.0,18.0,0.0,0.6862745098039215,81.0,1.0,0.0,0.0,-0.047416031,4.843364955837538,2.43372069602949,2.7566866233824823,-0.028242761,1.3402004996839436,0.2283713973235036,0.3806189955391722,7.2,12.0,-0.575627371,1.4591942916604728,3.213429418029489,3.89854361,-0.681959984,-0.083374873,8.748373270577347e-16,1.2589781880886414e-15,2.6940654108013224,3.376237804021489,0.0535539992837315,1.533687415581145,2.694065410801324,3.376237804021491,0.0081344173592774,1.1117592057217642,7.59515438348401e-16,1.2236726957776476e-15,-3.709159969,-3.709159969,-0.900649993,-0.900649993,1.114752790845946,5.960128210919736,1.1364599906369428,5.964719950857914,0.95,5.69485,11.0301,0.0,0.0,0.0,0.0,0.0,0.0,0.0,2.0,0.0,2.0,25.55,-2.825219977,-2.825229977,-2.697169978,-2.825229977,-0.396642997,8.055245913651854,-0.517239996,7.938709934594622,1.91,7.6398,18.16884,2.0,8.0,0.0,0.0,0.0,0.0,0.0,2.0,2.0,10.0,6.8,-9.787249919,-9.787269919,3.47662997135677,-9.787269919,-3.814405005,16.99279956799987,-3.66805997,16.856479861122974,3.44,13.61805,35.1211,0.0,0.0,0.0,0.0,2.0,4.0,0.0,2.0,2.0,6.0,0.802,5.504619191047914,221.0,5.504619191047914
mp-771055.cif,8,Eu1 Zr1 O3,Eu,Zr,Zr,O,EuZrO3,3,0.6,8.312353693161789e-17,5.0756437130328234e-34,0.5392229944587502,0.078203184865267,0.4401714300337292,0.0116373787001885,0.5949248820012603,0.0235220516977561,3.641786009846112e-40,1.1251261899744468e-78,-0.095513224,1.3186442550055348,-0.385881683,0.7175169507259878,1.3521580282836867,0.1190747685885161,36.15144721853001,0.0355763648840489,11.027896496338364,19.305014778168776,0.0328842701613697,0.002207051792091,57.584049760000255,484.9203198714535,35.70154773695226,456.10779522141104,7.365402892717824,15.206845240434522,44.12871975420615,494.2153998376359,41.23200945510036,562.8648677719056,41.23200945510036,562.8648677719056,0.9177893245965756,0.0137940737005687,1.136211106895802,0.037867022180313,0.134756491558674,0.0370625674044524,0.861109029091493,0.0013259652573459,2.7839769991863035,0.9533340631194456,1.3288427016136954,0.2207051792091015,0.2513745633734062,0.0003401172498432,180.0,0.0,78.24034501220544,214.5001642018753,101.75965498779456,214.5001642018753,36.15144721853001,0.0355763648840489,104.15138559237472,22.97456309489265,2.629995042582604,0.124349944752246,8.35193099755891,8.580006568075012,0.2191783315139653,2.2888999152985e-05,92.43985799669916,145.74234733204952,35.78641989251579,10.73698102309772,-0.23252687,0.1103525575324086,1.3288427016136954,0.2207051792091015,0.2858616869701388,0.1667815533200363,0.134756491558674,0.0370625674044524,2.7252822715726497,0.1520673382857514,2.439420584602511,0.1801028598985927,27.0,81.0,0.2307692307692307,1.0,3.0,2.076923076923077,6.0,6.0,0.0,0.2,27.0,243.0,0.6923076923076923,1.0,2.0,1.3076923076923077,18.0,18.0,0.0,0.6862745098039215,81.0,1.0,0.0,0.0,-1.064703261,-0.039486143,2.6202441763188453,2.967962627198075,-0.218302873,1.11623767562665,0.2458740745603854,0.4097901242673084,7.2,12.0,-0.568404291,-0.568404291,3.459710776318844,4.197333,1.444866640566363,1.444866640566363,8.617649295211996e-16,8.881784197001252e-16,2.900542044446939,3.6349970061427466,-0.71780298,-0.337190083,2.9005420444469405,3.634997006142749,-0.462362217,1.0855901969904431,9.58175917665001e-16,1.0978179087418477e-15,-2.358419981,-2.358419981,-2.358419981,-2.358419981,-7.773939136,-3.007723375,2.1781999820542635,6.07905994991589,1.2,5.67038,11.25,0.0,0.0,7.0,7.0,0.0,0.0,0.0,2.0,7.0,9.0,27.7,-4.648009962,-3.055889975,-3.055889975,-3.055889975,0.5037961558380569,7.098576891509628,0.5568399954123112,7.006299942276553,1.33,6.6339,13.1,8.0,2.0,0.0,0.0,0.0,0.0,0.0,2.0,8.0,4.0,17.9,-9.787249919,-9.787269919,3.47662997135677,-9.787269919,-3.814405005,16.99279956799987,-3.66805997,16.856479861122974,3.44,13.61805,35.1211,0.0,0.0,0.0,0.0,2.0,4.0,0.0,2.0,2.0,6.0,0.802,4.197333,221.0,4.197333
mp-8020.cif,10,La1 Ti1 O3,La,Ti,Ti,O,LaTiO3,3,0.6,8.109944618119579e-17,2.0059042022281527e-34,0.5373621223146605,0.0784299913992026,0.4408892770479398,0.0116711296725003,0.593904314076643,0.0235902708505414,8.400113401086482e-40,3.2090036094227313e-80,-0.105812174,1.3146604563650213,-0.393997512,0.7109494519798097,1.3514289326741566,0.1192575585510119,36.15270243952976,0.0356795509229106,11.057133939054683,19.361003591117463,0.0329835316695069,0.0022104398055573,51.39843623707671,383.05605574234266,30.101961102934187,321.11286778315065,7.381916675951249,15.287359907202204,39.42664050233183,390.60326694350726,36.841854694208806,445.9495533596669,36.8418546942088,445.9495533596666,0.9175411708262324,0.0138152487847332,1.1366222615247228,0.0379251513014943,0.127486417701664,0.0330226725254757,0.8612786100798309,0.0013326916326112,2.790474208678819,0.9560989427712328,1.329835316695069,0.2210439805557325,0.2515533658651359,0.0001876761820644,180.0,0.0,78.14288686981772,215.1222621235273,101.8571131301823,215.1222621235273,36.15270243952976,0.0356795509229106,104.119490248304,23.04119435637117,2.4838259761194283,0.1098824189859788,8.371422626036455,8.604890484941095,0.2079729848803274,0.0003288387787187,91.8464695979849,170.0673064442821,36.44295692437628,12.486417509672744,-0.233228749,0.110521951997306,1.329835316695069,0.2210439805557325,0.2704395313980819,0.1486020263646412,0.127486417701664,0.0330226725254757,2.573972486585456,0.1340126308437469,2.303532955187374,0.1606900128468703,27.0,81.0,0.2307692307692307,1.0,3.0,2.076923076923077,6.0,6.0,0.0,0.2,27.0,243.0,0.6923076923076923,1.0,2.0,1.3076923076923077,18.0,18.0,0.0,0.6862745098039215,81.0,1.0,0.0,0.0,-0.798303397,0.7428435156904976,2.471422743658265,2.7993919060971075,0.0890765795691561,1.320666743617817,0.2319092187805786,0.3865153646342973,7.2,12.0,0.0,0.0,3.263210343658264,3.958938,0.0,0.0,6.138432839044512e-16,7.644222728798687e-16,2.73580059536822,3.428540880007556,-1.112402553,-0.746198691,2.7358005953682207,3.428540880007555,0.3267151501199674,1.228600141354943,1.1089930117485756e-15,1.5885919771744865e-15,-3.59120997,-2.347539981,-2.347539981,-2.347539981,0.7574954937130738,5.540775954341044,0.79851999342116,5.6713799532746805,1.1,5.5769,11.059,9.0,1.0,0.0,0.0,0.0,0.0,0.0,2.0,9.0,3.0,31.1,-4.762429961,-3.553389971,-3.553389971,-3.553389971,0.7799878335735743,7.4794458083788,0.8744399927956709,7.940329934581274,1.54,6.82812,13.5755,8.0,2.0,0.0,0.0,0.0,0.0,0.0,2.0,8.0,4.0,14.6,-9.787249919,-9.787269919,3.47662997135677,-9.787269919,-3.814405005,16.99279956799987,-3.66805997,16.856479861122974,3.44,13.61805,35.1211,0.0,0.0,0.0,0.0,2.0,4.0,0.0,2.0,2.0,6.0,0.802,3.958938,221.0,3.958938
mp-8037.cif,11,Ba1 Th1 O3,Ba,Th,Th,O,BaThO3,3,0.6,8.714288656341988e-17,4.8211510275377395e-34,0.5410234865258299,0.0779771453094219,0.4394768751399029,0.0116037418615211,0.5959123353617857,0.0234540632375995,3.4382309309946286e-40,1.1597671685162447e-78,-0.091786254,1.3112715013412746,-0.387369001,0.7153608257991265,1.3490777708159278,0.11983977101984,36.15023287728344,0.035473518483158,10.999607726559304,19.249215299240152,0.0333036266899509,0.0022212311182914,69.06376386190331,695.8309162342663,46.86134837658848,786.6005612691151,7.333963017007677,15.21629997758856,52.89359181934401,709.2673940648638,49.36989193715983,808.6349580310729,49.36989193715981,808.6349580310728,0.9167409332751228,0.0138826944893217,1.1379481385118826,0.0381103009568503,0.1495713042863077,0.0448030160805207,0.8608232749450841,0.0013259985793307,2.7776906059020674,0.95057853329581,1.3330362668995082,0.2221231118291478,0.2514200297510434,0.0003493643348594,180.0,0.0,78.33464091146897,213.88016999155744,101.66535908853103,213.88016999155744,36.15023287728344,0.035473518483158,104.18224609513992,22.908157306443947,2.8820420240399263,0.1485848147016146,8.333071817706202,8.55520679966229,0.2193142321377355,0.0001053980588138,97.17646719521684,19.29661398847535,37.5909223611488,20.55224491957301,-0.235492177,0.1110615313944063,1.3330362668995082,0.2221231118291478,0.3172886505952945,0.2016135723623434,0.1495713042863077,0.0448030160805207,2.987804907571692,0.1822307821680831,2.6705162569763967,0.2157019280102405,27.0,81.0,0.2307692307692307,1.0,3.0,2.076923076923077,6.0,6.0,0.0,0.2,27.0,81.0,0.2307692307692307,1.0,3.0,2.076923076923077,6.0,6.0,0.0,0.2,81.0,1.0,0.0,0.0,-0.749905876,0.908490007227619,2.871686506442773,3.252772510737956,-0.476890524,0.1338609460667399,0.2694684978524093,0.4491141630873483,7.2,12.0,-0.566326531,-0.566326531,3.791709506442772,4.600114999999999,1.4398646590827704,1.4398646590827704,7.733116817501256e-16,8.546500828371395e-16,3.178882153689267,3.9838164503298494,-0.302688773,0.3955555555555552,3.178882153689268,3.9838164503298494,-0.109583972,1.3576740665630618,8.853353640607983e-16,1.070873484416736e-15,-3.358279972,-3.358279972,-1.334939989,-1.334939989,1.4983806876590446,5.406739955395823,1.6443999864521308,5.413399955400124,0.89,5.211664,10.00383,0.0,0.0,0.0,0.0,0.0,0.0,0.0,2.0,0.0,2.0,39.7,-4.461019963,-2.568309979,-2.568309979,-2.568309979,0.4565539962488869,5.734341152781665,0.4853899960009728,5.743299952682148,1.3,6.3067,11.9,8.0,2.0,0.0,0.0,0.0,0.0,0.0,2.0,8.0,4.0,32.1,-9.787249919,-9.787269919,3.47662997135677,-9.787269919,-3.814405005,16.99279956799987,-3.66805997,16.856479861122974,3.44,13.61805,35.1211,0.0,0.0,0.0,0.0,2.0,4.0,0.0,2.0,2.0,6.0,0.802,4.600115,221.0,4.600115
mp-756315.cif,12,Eu1 V1 O3,Eu,V,V,O,EuVO3,3,0.6,1.0933836511868016e-16,8.332362526621622e-34,0.5412575434232084,0.0779472848547028,0.4393865857315347,0.0115992983414736,0.5960407004204806,0.0234450817727036,1.570107442501969e-39,2.396965875576711e-78,-0.090727903,1.311328025965636,-0.386703113,0.7158592388873641,1.3490256218568284,0.1198525592093111,36.15007496030816,0.0354599690430687,10.99593029759074,19.241844032703785,0.0333107264232928,0.0022214681474818,48.318703731158735,340.81436525015647,27.42245737473376,269.60359560533533,7.331298405695048,15.209331123453133,37.00157267139552,347.3809954704564,34.53491261185208,395.9778225282887,34.53491261185207,395.97782252828847,0.916723183941768,0.0138841759217613,1.137977546570277,0.0381143677348211,0.125155449008979,0.031359664548872,0.8607973218088393,0.0013253861552249,2.776873399464609,0.95021452013352,1.3331072642329267,0.2221468147481818,0.2408790833383686,0.0005830993075305,180.0,0.0,78.34689900803085,213.798267030042,101.65310099196915,213.798267030042,36.15007496030816,0.0354599690430687,104.18625780920438,22.89938446541365,2.410778713957899,0.104030942321938,8.330620198393827,8.551930681201682,0.1950133148242515,0.0006790489963531,88.97001733647787,14.360306297953317,26.13258819123925,346.93551703748096,-0.235542361,0.1110733654905891,1.3331072642329267,0.2221468147481818,0.2654948000900881,0.1411184904699244,0.1251554490089788,0.0313596645488719,2.499276980654596,0.1276330848539075,2.233782180564507,0.1509056509046158,27.0,81.0,0.2307692307692307,1.0,3.0,2.076923076923077,6.0,6.0,0.0,0.2,27.0,243.0,0.6923076923076923,1.0,2.0,1.3076923076923077,18.0,18.0,0.0,0.6862745098039215,81.0,1.0,0.0,0.0,-0.539865955,2.9366783860500343,2.402403409045717,2.721213388409528,-0.006305534,1.21023526373429,0.2254326983180946,0.3757211638634905,7.2,12.0,-0.43288296,0.4819944598337953,3.1720787850457164,3.84837688,-0.03973773,1.0262636679252202,8.57505668337676e-16,1.124116676276002e-15,2.659397989942073,3.332792141416697,-1.380746349,-1.380746349,2.6593979899420743,3.332792141416697,0.4845450368915884,0.4845450368915884,5.930811137962059e-16,6.162969392497705e-16,-2.358419981,-2.358419981,-2.358419981,-2.358419981,-7.773939136,-3.007723375,2.1781999820542635,6.07905994991589,1.2,5.67038,11.25,0.0,0.0,7.0,7.0,0.0,0.0,0.0,2.0,7.0,9.0,27.7,-5.049649958,-4.732499961,-4.732499961,-4.732499961,0.0159499298721872,7.479533828386128,0.1019599991599727,7.555189937754362,1.63,6.74619,14.618,7.0,3.0,0.0,0.0,0.0,0.0,0.0,2.0,7.0,5.0,12.4,-9.787249919,-9.787269919,3.47662997135677,-9.787269919,-3.814405005,16.99279956799987,-3.66805997,16.856479861122974,3.44,13.61805,35.1211,0.0,0.0,0.0,0.0,2.0,4.0,0.0,2.0,2.0,6.0,0.802,3.846793228581801,221.0,3.846793228581801
mp-753781.cif,13,Eu1 Hf1 O3,Eu,Hf,Hf,O,EuHfO3,3,0.6,9.426404237833956e-17,3.4737756690636634e-34,0.5429589576653964,0.0777269291984067,0.4387302509384277,0.0115665073211914,0.5969738160069433,0.0233788029229583,7.996793129148567e-40,7.309721257042577e-79,-0.079146267,1.318485149393334,-0.376040793,0.7246387733691383,1.3510062919868804,0.1193630311117222,36.14892742106042,0.03535972057382,10.969198207693704,19.18744766497813,0.0330410713843709,0.00221239474021,54.58270098419331,439.8404306340917,32.9375478963509,393.51163819073713,7.321566663598017,15.10395080903458,41.756119321931536,448.00221714649786,38.982150151251744,508.9453264118219,38.98215015125173,508.9453264118218,0.9173973215390732,0.0138274671263124,1.1368605988274396,0.0379586926774233,0.132184622659439,0.0354092106967105,0.8606845069327675,0.001316818212473,2.7709329350430454,0.9475282797520064,1.3304107138437062,0.2212394740209987,0.245525294525338,0.0005205914242663,180.0,0.0,78.43600597435432,213.1938629442016,101.56399402564568,213.1938629442016,36.14892742106042,0.03535972057382,104.21542010341336,22.83464834458461,2.562910119978444,0.1191206128994058,8.312798805129136,8.527754517768058,0.2142191963709561,0.0001224528201942,88.7266112195728,69.24971506847422,37.4134903562602,20.00102461344317,-0.23363562,0.1106197024577923,1.3304107138437062,0.2212394740209987,0.2804059291532239,0.1593414481351984,0.1321846226594391,0.0354092106967106,2.6563787630295184,0.1464909435907248,2.3759728338762947,0.1706075836069006,27.0,81.0,0.2307692307692307,1.0,3.0,2.076923076923077,6.0,6.0,0.0,0.2,27.0,243.0,0.6923076923076923,1.0,2.0,1.3076923076923077,18.0,18.0,0.0,0.6862745098039215,81.0,1.0,0.0,0.0,-0.751039745,1.431114275542897,2.558038584134037,2.897502066890062,-0.467536128,1.14917663741799,0.2400369306219879,0.4000615510366461,7.2,12.0,0.0,0.0,3.377575928134036,4.097686719999999,0.0,0.0,4.785106939497094e-16,6.162969392497705e-16,2.831682074386729,3.5487007962701296,-0.202453384,0.3599999999999999,2.8316820743867304,3.548700796270132,-1.51046907,-1.410969196,6.656853445757238e-16,8.141635513917814e-16,-2.358419981,-2.358419981,-2.358419981,-2.358419981,-7.773939136,-3.007723375,2.1781999820542635,6.07905994991589,1.2,5.67038,11.25,0.0,0.0,7.0,7.0,0.0,0.0,0.0,2.0,7.0,9.0,27.7,-5.356469956,-2.187909982,-2.187909982,-2.187909982,1.2615776897041928,6.030562050389042,1.3050599892478825,5.949019950987262,1.3,6.82507,15.0,8.0,2.0,0.0,14.0,0.0,0.0,0.0,2.0,8.0,18.0,16.2,-9.787249919,-9.787269919,3.47662997135677,-9.787269919,-3.814405005,16.99279956799987,-3.66805997,16.856479861122974,3.44,13.61805,35.1211,0.0,0.0,0.0,0.0,2.0,4.0,0.0,2.0,2.0,6.0,0.802,4.097683320105714,221.0,4.097683320105714
mp-7006.cif,14,Sr1 Nb1 O3,Sr,Nb,Nb,O,SrNbO3,3,0.6,9.513273175098327e-17,3.559006996915589e-34,0.5369209380999844,0.0784827481152238,0.441059467553627,0.0116789803742892,0.5936623530908891,0.0236061390815322,3.687382699057956e-43,1.262820368367512e-79,-0.09592398,1.3358090307460466,-0.377460184,0.7260948862503787,1.358739043045294,0.1173767488243299,36.152999941348725,0.035703559284143,11.06406568782899,19.374026963300977,0.0319883088553986,0.0021755789821114,54.17196597939265,433.6535364251936,32.62241840829695,382.5323309292949,7.416394526224044,15.129037094384367,41.53686217219596,441.689733003673,38.88785037896246,501.1770039588025,38.887850378962426,501.1770039588012,0.9200292278615037,0.0135973686381967,1.1324999136528542,0.0373270341302624,0.1270985646819031,0.0343457959609471,0.8615593242675126,0.0013209726609489,2.792014597295331,0.9567420722617768,1.3198830885539827,0.2175578982111476,0.2411033449646766,0.0005918867154368,180.0,0.0,78.11978104057002,215.2669662588997,101.88021895942998,215.2669662588997,36.152999941348725,0.035703559284143,104.1119283075567,23.05669313127764,2.548368242934098,0.1186223942965558,8.376043791885994,8.61067865035599,0.2025834305301583,0.0003897428730004,100.63778070890848,63.25412039978364,36.0207176724295,9.666104077549813,-0.226191465,0.1087789144217757,1.3198830885539827,0.2175578982111476,0.2696167708969534,0.1545560818242632,0.1270985646819032,0.0343457959609471,2.6382404998997497,0.1444919672243676,2.3686237290027963,0.1699206363237746,27.0,81.0,0.2307692307692307,1.0,3.0,2.076923076923077,6.0,6.0,0.0,0.2,27.0,243.0,0.6923076923076923,1.0,2.0,1.3076923076923077,18.0,18.0,0.0,0.6862745098039215,81.0,1.0,0.0,0.0,-0.630515416,1.0648828344961734,2.5405610879728724,2.877705226621454,-0.728730401,-0.662107429,0.2383969066757098,0.397328177792849,7.2,12.0,-1.173590114,-0.527942925,3.354499039972871,4.069689759999999,0.3030309810647543,0.8812246377697761,8.565922397273727e-16,1.1077531149480598e-15,2.81233494143428,3.5244547176813925,0.815645209144531,3.478392889460877,2.812334941434282,3.5244547176813943,-1.09762047,-0.285347358,8.224044448037095e-16,9.439918708305205e-16,-3.709159969,-3.709159969,-0.900649993,-0.900649993,1.114752790845946,5.960128210919736,1.1364599906369428,5.964719950857914,0.95,5.69485,11.0301,0.0,0.0,0.0,0.0,0.0,0.0,0.0,2.0,0.0,2.0,25.55,-4.966219959,-4.334109964,-4.334109964,-4.334109964,-0.511766596,7.220987540517275,-0.459349996,7.633379937110171,1.6,6.75885,14.0,6.0,4.0,0.0,0.0,0.0,0.0,1.0,1.0,7.0,5.0,15.7,-9.787249919,-9.787269919,3.47662997135677,-9.787269919,-3.814405005,16.99279956799987,-3.66805997,16.856479861122974,3.44,13.61805,35.1211,0.0,0.0,0.0,0.0,2.0,4.0,0.0,2.0,2.0,6.0,0.802,4.06969111,221.0,4.06969111
mp-546910.cif,15,Ca1 Sn1 O3,Ca,Sn,Sn,O,CaSnO3,3,0.6,9.138629856458784e-17,3.035793500112088e-34,0.5393417245107334,0.0781884787889663,0.4401256289218238,0.0116351902959771,0.5949899977498769,0.0235176283857438,2.959721356747156e-40,1.1573774371884124e-78,-0.093478038,1.321342154320971,-0.383300484,0.7197907205051761,1.3530408956436952,0.1188520036944895,36.1513672388862,0.0355696814543345,11.026031046793866,19.30138447819055,0.0327640736535845,0.0022029228429809,61.81056211824564,560.3275496250382,39.71091215742567,565.6950659898858,7.367765154921711,15.18210929698005,47.36126368637002,570.9681530325421,44.261468257977526,649.6906261712523,44.26146825797751,649.690626171252,0.9180898158660388,0.0137682677686308,1.1357132366590572,0.0377961806132536,0.1391452942202559,0.0397320109127932,0.8611250902154355,0.0013240646540932,2.7835624548430813,0.9531547890464468,1.3276407365358442,0.2202922842980937,0.2513918698824157,0.00033945075056,180.0,0.0,78.24656317735376,214.45982753545053,101.75343682264622,214.45982753545053,36.1513672388862,0.0355696814543345,104.15342067622488,22.97024268478873,2.724703613701468,0.1339541896768082,8.350687364529245,8.57839310141802,0.2193688370593663,2.5002712403109563e-05,91.34523018448722,143.9156668930018,35.39128507281546,8.20581664875429,-0.231676956,0.1101461133891505,1.3276407365358442,0.2202922842980937,0.2951717433400216,0.1787940491075698,0.1391452942202561,0.0397320109127932,2.823094194814809,0.1638291346127593,2.527922451474788,0.1934003325432865,27.0,81.0,0.2307692307692307,1.0,3.0,2.076923076923077,6.0,6.0,0.0,0.2,27.0,81.0,0.2307692307692307,1.0,3.0,2.076923076923077,6.0,6.0,0.0,0.2,81.0,1.0,0.0,0.0,-1.163413678,-0.475475683,2.7155068732042853,3.0758671220071427,-0.56712369,-0.045985356,0.2548131755985722,0.4246886259976192,7.2,12.0,0.0,0.0,3.585493473204284,4.349932999999998,0.0,0.0,6.551700230589265e-16,8.881784197001252e-16,3.005995368255796,3.767152482760252,-0.725581254,-0.429536498,3.0059953682557974,3.767152482760253,0.5635919477544423,1.474722050783896,1.0158980209993473e-15,1.1987971714823237e-15,-3.942079968,-3.942079968,-0.935069992,-0.935069992,1.3744005986758032,6.388740337367709,1.3953099885043316,6.391409947342504,1.0,6.11316,11.87172,0.0,0.0,0.0,0.0,0.0,0.0,0.0,2.0,0.0,2.0,25.73333333,-11.28339991,-3.579099971,-3.579099971,-3.579099971,-0.668899894,6.747624044360574,-0.640929995,6.701019944791692,1.96,7.34392,14.6322,0.0,10.0,0.0,0.0,4.0,2.0,0.0,2.0,4.0,14.0,7.06,-9.787249919,-9.787269919,3.47662997135677,-9.787269919,-3.814405005,16.99279956799987,-3.66805997,16.856479861122974,3.44,13.61805,35.1211,0.0,0.0,0.0,0.0,2.0,4.0,0.0,2.0,2.0,6.0,0.802,4.349933,221.0,4.349933
mp-7986.cif,16,Ca1 Sn1 O3,Ca,Sn,Sn,O,CaSnO3,3,0.6,1.241126592632513e-16,2.81673976913386e-33,0.5313253017080609,0.079118093290346,0.443218031154736,0.0117735257872538,0.5905935087118939,0.0237972389974869,-8.17e-39,7.925834509917625e-77,-0.132730327,1.3123661322775704,-0.410604792,0.6981016162939963,1.3530039421548463,0.1188613590369872,36.15677404705296,0.0359925773556025,11.151982581523066,19.53086645795972,0.0327691046224338,0.0022030962444873,54.71120554405596,426.6132689796184,33.06935179611319,378.60780612359366,7.451581915675704,15.450059684194542,42.08392868217306,435.46671076808207,39.37461120150033,499.36115550406873,39.37461120150033,499.3611555040689,0.918077238443916,0.0137693515280459,1.1357340756143497,0.0377991557127568,0.1300964053759583,0.0347244131009685,0.861955387846338,0.0013469958047885,2.811551684782904,0.964487232491838,1.327691046224336,0.220309624448736,0.2517359180348833,0.0003454131713671,180.0,0.0,77.82672472825642,217.0096273106637,102.17327527174358,217.0096273106637,36.15677404705296,0.0359925773556025,104.01601895332745,23.24334525584921,2.5589340170958708,0.1147215366127478,8.434655054348712,8.680385092426542,0.2152864682330461,0.000269157257736,89.09471191419628,1.2001560679084242,26.164813201490656,334.4633786873976,-0.231712524,0.1101547770171905,1.327691046224336,0.220309624448736,0.2759761513480032,0.1562598589543585,0.1300964053759583,0.0347244131009685,2.650926067545205,0.1386582261106427,2.374949916197202,0.1710213969198639,27.0,81.0,0.2307692307692307,1.0,3.0,2.076923076923077,6.0,6.0,0.0,0.2,27.0,243.0,0.6923076923076923,1.0,2.0,1.3076923076923077,18.0,18.0,0.0,0.6862745098039215,81.0,1.0,0.0,0.0,-1.113041182,-0.188261122,2.5385223913478345,2.875395985579725,-0.46292978,0.2186095563335908,0.2382056028840554,0.3970093381400915,7.2,12.0,0.5044897959183672,0.5044897959183672,3.3518071913478327,4.066423999999998,-0.193777487,-0.193777487,8.43422098835844e-16,1.1305957885839117e-15,2.8100781573794817,3.521626486558727,-0.719924275,-0.436441005,2.8100781573794835,3.521626486558729,1.0647144634957326,1.405270453131715,1.4822218990733848e-15,1.708231519014226e-15,-3.942079968,-3.942079968,-0.935069992,-0.935069992,1.3744005986758032,6.388740337367709,1.3953099885043316,6.391409947342504,1.0,6.11316,11.87172,0.0,0.0,0.0,0.0,0.0,0.0,0.0,2.0,0.0,2.0,25.73333333,-11.28339991,-3.579099971,-3.579099971,-3.579099971,-0.668899894,6.747624044360574,-0.640929995,6.701019944791692,1.96,7.34392,14.6322,0.0,10.0,0.0,0.0,4.0,2.0,0.0,2.0,4.0,14.0,7.06,-9.787249919,-9.787269919,3.47662997135677,-9.787269919,-3.814405005,16.99279956799987,-3.66805997,16.856479861122974,3.44,13.61805,35.1211,0.0,0.0,0.0,0.0,2.0,4.0,0.0,2.0,2.0,6.0,0.802,4.066424,221.0,4.066424
mp-546973.cif,17,Sr1 Sn1 O3,Sr,Sn,Sn,O,SrSnO3,3,0.6,1.3987942887777515e-16,1.863992432280343e-33,0.5388455895593344,0.0782497435392775,0.4403170171344092,0.0116443070742972,0.5947178998417602,0.0235360556739233,3.4843428740566666e-39,6.168763251545051e-77,-0.094332058,1.3236807614686017,-0.382631665,0.7206144997121728,1.3539946490298571,0.1186096011699944,36.1517018393218,0.0355975369939354,11.033826164404262,19.316508119410223,0.0326342264855237,0.0021984299102439,55.330377042523125,449.4279293811693,33.63968156909088,405.9235600339555,7.376857315037135,15.176648975342896,42.40270385185271,457.9367949062527,39.639879698384256,520.8749167922618,39.63987969838425,520.8749167922617,0.9184144337861908,0.0137401869390245,1.1351753920785916,0.0377190940744523,0.1311041211578054,0.0354812298411345,0.8612072051620323,0.0013238391693816,2.785294703200947,0.9539016355264308,1.326342264855235,0.2198429910243907,0.2458078824113747,0.0005217739016004,180.0,0.0,78.22057945198577,214.6278679934469,101.77942054801422,214.6278679934469,36.1517018393218,0.0355975369939354,104.14491689719262,22.98824123906385,2.577458768490064,0.1200768878539593,8.35588410960284,8.585114719737875,0.2107607663460458,0.0001240536764845,97.06212696146768,19.700850486359872,37.167860166768,19.27085264281451,-0.230758793,0.1099214616056568,1.326342264855235,0.2198429910243907,0.278113839336561,0.1596655342851061,0.1311041211578054,0.0354812298411345,2.6701633816022508,0.1467383193411475,2.3920495422656893,0.173197714402987,27.0,81.0,0.2307692307692307,1.0,3.0,2.076923076923077,6.0,6.0,0.0,0.2,27.0,243.0,0.6923076923076923,1.0,2.0,1.3076923076923077,18.0,18.0,0.0,0.6862745098039215,81.0,1.0,0.0,0.0,-0.555335041,1.3790625000000007,2.568758621515898,2.909644702526496,-0.253186384,1.1384199576606169,0.2410428594947012,0.4017380991578348,7.2,12.0,-1.214876033,-1.214876033,3.3917304215158968,4.114858999999999,-0.427281519,-0.427281519,6.965524089875487e-16,1.1338214607267812e-15,2.84354887650584,3.563572426991029,-0.184407071,0.316608996539792,2.843548876505842,3.5635724269910303,-1.33350706,-1.068217059,6.946404019716938e-16,8.705272929363196e-16,-3.709159969,-3.709159969,-0.900649993,-0.900649993,1.114752790845946,5.960128210919736,1.1364599906369428,5.964719950857914,0.95,5.69485,11.0301,0.0,0.0,0.0,0.0,0.0,0.0,0.0,2.0,0.0,2.0,25.55,-11.28339991,-3.579099971,-3.579099971,-3.579099971,-0.668899894,6.747624044360574,-0.640929995,6.701019944791692,1.96,7.34392,14.6322,0.0,10.0,0.0,0.0,4.0,2.0,0.0,2.0,4.0,14.0,7.06,-9.787249919,-9.787269919,3.47662997135677,-9.787269919,-3.814405005,16.99279956799987,-3.66805997,16.856479861122974,3.44,13.61805,35.1211,0.0,0.0,0.0,0.0,2.0,4.0,0.0,2.0,2.0,6.0,0.802,4.114859,221.0,4.114859
mp-552676.cif,18,La1 Fe1 O3,La,Fe,Fe,O,LaFeO3,3,0.6,9.220186927936528e-17,5.48087409889687e-35,0.5314733503815976,0.07910208991238,0.4431609201390256,0.0117711443321993,0.5906747038267617,0.0237924254814581,5.921228222820677e-40,1.323058315823303e-79,0.2645950666577117,1.890637560297991,0.1837255630835073,0.9115574146684066,1.593699561457066,3.8483321546000973e-19,36.15667425652906,0.0359853152944085,11.149656486941286,19.52691590979897,0.0330243116181271,0.0022118260039615,51.84266652700108,381.1998770676137,30.49070933748976,320.73273603662267,7.442374976083712,15.490368421764089,39.88090347917336,389.2310512405666,37.29522375212646,447.0694821299226,37.29522375212646,447.06948212992273,0.9174392209546824,0.0138239125247596,1.1367911776026365,0.0379489347060826,0.1275872603247978,0.0330139915866923,0.8618797822697479,0.0013499758549303,2.811034774875841,0.964292143693776,1.330243116181271,0.2211826003961544,0.2419803559245768,0.0006984437916051,180.0,0.0,77.83447837686238,216.96573233109973,102.16552162313764,216.96573233109973,36.15667425652906,0.0359853152944085,104.01855654090356,23.238643577686787,2.4913692304275057,0.1080170697556069,8.433104324627523,8.678629293243983,0.2058008296911561,0.0003152498696299,92.55785653129706,166.30053665178008,36.36734454346387,12.029356705720229,-0.233517106,0.1105912618423493,1.330243116181271,0.2211826003961544,0.270653450906034,0.1485629621401156,0.1275872603247978,0.0330139915866923,2.581587047396184,0.1305851505511662,2.3109335964901496,0.1619228829245654,27.0,81.0,0.2307692307692307,1.0,3.0,2.076923076923077,6.0,6.0,0.0,0.2,27.0,243.0,0.6923076923076923,1.0,2.0,1.3076923076923077,18.0,18.0,0.0,0.6862745098039215,81.0,1.0,0.0,0.0,-0.128942932,3.789085971195181,2.470323414633264,2.798146691055439,-0.396655159,1.287987093072821,0.2318060617889125,0.3863434363148538,7.2,12.0,0.0,0.0,3.261758814633263,3.9571770000000006,0.0,0.0,5.527375719881896e-16,7.548065156004908e-16,2.734583666775642,3.42701580927149,-0.421627252,-0.421627252,2.734583666775644,3.427015809271493,-1.482152364,-1.482152364,6.504520081753847e-16,7.450666686351513e-16,-3.59120997,-2.347539981,-2.347539981,-2.347539981,0.7574954937130738,5.540775954341044,0.79851999342116,5.6713799532746805,1.1,5.5769,11.059,9.0,1.0,0.0,0.0,0.0,0.0,0.0,2.0,9.0,3.0,31.1,-3.822639969,-3.822659969,-3.763499969,-3.822659969,-1.013363032,7.161906671003653,-1.395739989,6.599079945631553,1.83,7.9024,16.1877,4.0,6.0,0.0,0.0,0.0,0.0,0.0,2.0,4.0,8.0,8.4,-9.787249919,-9.787269919,3.47662997135677,-9.787269919,-3.814405005,16.99279956799987,-3.66805997,16.856479861122974,3.44,13.61805,35.1211,0.0,0.0,0.0,0.0,2.0,4.0,0.0,2.0,2.0,6.0,0.802,3.957176999999999,221.0,3.957176999999999
mp-5663.cif,20,Ba1 Ce1 O3,Ba,Ce,Ce,O,BaCeO3,3,0.6,1.31076389494448e-16,2.0645556529118698e-33,0.5415185125068902,0.0779138618170572,0.4392859147219131,0.0115943246751573,0.5961838250714505,0.0234350287496617,5.374341141063084e-39,4.177508191507345e-77,-0.087805105,1.3144687739662535,-0.383351246,0.7187668172238015,1.350025147483597,0.1196065043658841,36.149899008588,0.0354447369783524,10.991830032744977,19.233593317125003,0.0331746476699174,0.0022169075189685,65.25425114838663,623.8868486538979,43.04657394403032,666.5539677902912,7.332647258399131,15.177089705953732,49.95972460184196,635.7637708510775,46.63920726943771,723.8721089569472,46.63920726943769,723.8721089569465,0.9170633808252064,0.0138556719935535,1.1374138899182875,0.0380361197201229,0.1449135832411555,0.0423012429533985,0.8608023790093908,0.0013228655538786,2.775962229498884,0.9498070773888893,1.331746476699173,0.221690751896858,0.2448046216554535,0.0005921553373778,180.0,0.0,78.36056655751673,213.7065924125001,101.63943344248328,213.7065924125001,36.149899008588,0.0354447369783524,104.1907308591735,22.889565771145925,2.801552410771457,0.1411333392351555,8.32788668849665,8.548263696500001,0.1967807183939672,0.0007743882909407,89.24440355410472,16.480040503393504,26.74895267703321,358.5909821979772,-0.234580155,0.1108453493510301,1.331746476699173,0.221690751896858,0.3074081321875876,0.1903555932902936,0.1449135832411556,0.0423012429533985,2.904021788167319,0.1732074483459039,2.5966136559797315,0.2038888498738541,27.0,81.0,0.2307692307692307,1.0,3.0,2.076923076923077,6.0,6.0,0.0,0.2,27.0,81.0,0.2307692307692307,1.0,3.0,2.076923076923077,6.0,6.0,0.0,0.2,81.0,1.0,0.0,0.0,0.2393352739617233,4.975572903550743,2.793077926382429,3.163732210637382,-0.601067971,0.6768060466306351,0.2620921578725238,0.4368202631208724,7.2,12.0,0.3869565831872916,0.5602634405562781,3.687916526382428,4.474192999999999,-0.652843729,-0.439800699,8.68869365087714e-16,1.290493325102167e-15,3.091864503357294,3.874764799434506,0.4408415058740997,3.079716963378373,3.091864503357296,3.874764799434507,0.0552227512329722,1.3186501839767653,9.58921727107966e-16,9.781917301646565e-16,-3.358279972,-3.358279972,-1.334939989,-1.334939989,1.4983806876590446,5.406739955395823,1.6443999864521308,5.413399955400124,0.89,5.211664,10.00383,0.0,0.0,0.0,0.0,0.0,0.0,0.0,2.0,0.0,2.0,39.7,-1.845129985,-1.845129985,-1.766549985,-1.845129985,0.9969753918058928,5.602414853864822,0.78892999350017,6.363579947571789,1.12,5.5387,10.85,9.0,1.0,13.0,1.0,0.0,0.0,0.0,2.0,22.0,4.0,29.6,-9.787249919,-9.787269919,3.47662997135677,-9.787269919,-3.814405005,16.99279956799987,-3.66805997,16.856479861122974,3.44,13.61805,35.1211,0.0,0.0,0.0,0.0,2.0,4.0,0.0,2.0,2.0,6.0,0.802,4.474193,221.0,4.474193
mp-5827.cif,21,Ca1 Ti1 O3,Ca,Ti,Ti,O,CaTiO3,3,0.6,9.941760025655136e-17,2.546048488572481e-34,0.5363968837021662,0.078544908592855,0.4412616259264913,0.0116882304453653,0.5933749431735196,0.0236248357876946,-2.41e-40,1.4220399749753859e-78,-0.10348322,1.3263552640646468,-0.386721431,0.7180270642240709,1.3557062685771142,0.1181700200054569,36.15335341298869,0.0357318298673509,11.072299467073366,19.38937172120764,0.0324012008893058,0.0021902822698614,49.590386776336615,359.6795609351266,28.55400872155992,290.45022167307576,7.409496951369739,15.21862429241039,38.04353053939414,366.57170396813535,35.5927061893249,417.2750698889987,35.59270618932489,417.2750698889987,0.9189969977767352,0.0136892641866339,1.1342101684552568,0.0375793026657566,0.1230381256882427,0.0315832841252826,0.8615162045978968,0.0013278794207695,2.793844326016304,0.9574998380843278,1.3240120088930571,0.2190282269861425,0.2417558209874952,0.0006211575776939,180.0,0.0,78.09233510975542,215.43746356897373,101.90766489024458,215.43746356897373,36.15335341298869,0.0357318298673509,104.10294600720864,23.0749547535214,2.438472705825659,0.1072249117130102,8.381532978048911,8.61749854275895,0.2024701056072477,0.000385471935719,89.21332452081882,175.1126719585209,36.46501812478422,12.256996477155282,-0.229111047,0.1095140734926874,1.3240120088930571,0.2190282269861425,0.2610032790559184,0.1421247785637723,0.1230381256882428,0.0315832841252826,2.525473798844299,0.1305485296303666,2.2644705197883805,0.1553275282541461,27.0,81.0,0.2307692307692307,1.0,3.0,2.076923076923077,6.0,6.0,0.0,0.2,27.0,243.0,0.6923076923076923,1.0,2.0,1.3076923076923077,18.0,18.0,0.0,0.6862745098039215,81.0,1.0,0.0,0.0,-0.607491272,1.0630153760307532,2.428056991597053,2.750271319328422,-0.74435205,-0.707106781,0.2278399361343159,0.3797332268905259,7.2,12.0,0.3081147748355546,0.5383707201889028,3.2059511915970527,3.889471,-0.672243388,-0.381953776,7.856504817767109e-16,9.044766308671292e-16,2.6877958375370934,3.3683806932828624,0.4148389868746336,1.5509060147583442,2.6877958375370943,3.3683806932828624,-0.528465808,1.4696170760926626,8.030573059910824e-16,9.32068308947226e-16,-3.942079968,-3.942079968,-0.935069992,-0.935069992,1.3744005986758032,6.388740337367709,1.3953099885043316,6.391409947342504,1.0,6.11316,11.87172,0.0,0.0,0.0,0.0,0.0,0.0,0.0,2.0,0.0,2.0,25.73333333,-4.762429961,-3.553389971,-3.553389971,-3.553389971,0.7799878335735743,7.4794458083788,0.8744399927956709,7.940329934581274,1.54,6.82812,13.5755,8.0,2.0,0.0,0.0,0.0,0.0,0.0,2.0,8.0,4.0,14.6,-9.787249919,-9.787269919,3.47662997135677,-9.787269919,-3.814405005,16.99279956799987,-3.66805997,16.856479861122974,3.44,13.61805,35.1211,0.0,0.0,0.0,0.0,2.0,4.0,0.0,2.0,2.0,6.0,0.802,3.889471,221.0,3.889471
mp-5893.cif,22,Ca1 Si1 O3,Ca,Si,Si,O,CaSiO3,3,0.6,1.1030375692608047e-16,1.203533633864723e-33,0.5400799708998336,0.0780964058615921,0.4398408441944847,0.0116214889674988,0.595394878110719,0.023489934575557,1.7349261965699637e-39,1.1122222937663358e-77,-0.097376537,1.30865957104142,-0.39203559,0.7115298962946907,1.3484845063894213,0.1199849328144791,36.150869295642245,0.0355277900782145,11.014431949789593,19.278655618404454,0.0333843956879459,0.0022239216933452,42.561011445512136,262.96235921986124,22.667621720496264,183.0606766690813,7.341422762554692,15.262908383173611,32.61277973107029,268.1224354676068,30.439888863634195,306.13010756847046,30.43988886363418,306.13010756847024,0.9165390107801352,0.0138995105834077,1.13828269465577,0.0381564639266565,0.1175963323162707,0.027594339707845,0.8609020709338482,0.0013298552686479,2.7809848777310204,0.952032376217504,1.3338439568794564,0.222392169334524,0.2402312323803636,0.0005385483574199,179.99999999999997,8.077935669463161e-28,78.28522683403467,214.20728464893847,101.71477316596533,214.20728464893847,36.150869295642245,0.0355277900782145,104.16607423154176,22.94319352368284,2.2620774811810107,0.0910297250962278,8.342954633193061,8.568291385957535,0.2012080355828347,0.0003396431767616,88.86780553846114,173.04688067663554,35.4106505109086,7.829847614487939,-0.236063272,0.1111960337847467,1.3338439568794564,0.222392169334524,0.2494594920705057,0.1241745286853031,0.1175963323162707,0.027594339707845,2.345230645204513,0.1114891917441792,2.095771153134008,0.1328938109238603,27.0,81.0,0.2307692307692307,1.0,3.0,2.076923076923077,6.0,6.0,0.0,0.2,27.0,243.0,0.6923076923076923,1.0,2.0,1.3076923076923077,18.0,18.0,0.0,0.6862745098039215,81.0,1.0,0.0,0.0,-0.195836497,2.7733144957555584,2.252322286406164,2.551215810676941,-0.259453146,1.8434548489268592,0.2113496378646121,0.3522493964410196,7.2,12.0,-1.208116851,-1.208116851,2.9739150864061634,3.607963999999999,1.284912466885942,1.284912466885942,5.8762163914704185e-16,8.589127032093918e-16,2.493262096872217,3.124588479939716,-1.185824835,-0.840470315,2.4932620968722183,3.124588479939717,0.6165981551870988,1.1914887232819904,8.82017100530337e-16,1.2303696471320478e-15,-3.942079968,-3.942079968,-0.935069992,-0.935069992,1.3744005986758032,6.388740337367709,1.3953099885043316,6.391409947342504,1.0,6.11316,11.87172,0.0,0.0,0.0,0.0,0.0,0.0,0.0,2.0,0.0,2.0,25.73333333,-11.7771599,-3.946819967,-3.946819967,-3.946819967,-0.706170785,7.529908477963954,-0.671079994,7.4689799384646305,1.9,8.15168,16.34584,0.0,0.0,0.0,0.0,4.0,2.0,0.0,2.0,4.0,4.0,5.53,-9.787249919,-9.787269919,3.47662997135677,-9.787269919,-3.814405005,16.99279956799987,-3.66805997,16.856479861122974,3.44,13.61805,35.1211,0.0,0.0,0.0,0.0,2.0,4.0,0.0,2.0,2.0,6.0,0.802,3.607964,221.0,3.607964
mp-8218.cif,23,Pr1 Al1 O3,Pr,Al,Al,O,PrAlO3,3,0.6,1.0581446050485684e-16,4.084036878344137e-33,0.541987252016833,0.0778534869987929,0.4391050945303038,0.0115853403272013,0.5964408983531199,0.0234168691363556,5.889296152678616e-39,5.939697002435526e-77,-0.090236215,1.3065259926061814,-0.38883132,0.7135990591871173,1.3471589482574693,0.1203067310180442,36.14958288542584,0.0354172862235928,10.984465343766022,19.21868936198773,0.0335648615949402,0.0022298862256065,46.084270639264446,309.1725294696228,25.532002878059814,233.4838087918006,7.31603104799581,15.22676119931975,35.283597800419095,315.1803111747381,32.912304101973575,359.6236475796851,32.912304101973575,359.6236475796851,0.9160878460126494,0.0139367889100408,1.1390302089180009,0.0382587991216177,0.123179422565053,0.0300323496247109,0.860661637908341,0.0013264160171574,2.7743256319480047,0.9490710796043323,1.3356486159494017,0.2229886225606527,0.2450096227081123,0.0004779826178405,180.0,0.0,78.38511552077993,213.5409929109749,101.61488447922008,213.5409929109749,36.14958288542584,0.0354172862235928,104.198765079528,22.87182866220025,2.3550782568057795,0.0988529843283473,8.322976895844015,8.541639716438993,0.2036904653308492,0.0003189066229128,92.6266712185265,62.0075958031729,36.81484236882609,19.09647499861032,-0.237339364,0.1114942661651501,1.3356486159494017,0.2229886225606527,0.2613030149951768,0.1351455733111993,0.123179422565053,0.0300323496247109,2.442179261804172,0.1214281693970844,2.180876246808995,0.143799663065006,27.0,81.0,0.2307692307692307,1.0,3.0,2.076923076923077,6.0,6.0,0.0,0.2,27.0,243.0,0.6923076923076923,1.0,2.0,1.3076923076923077,18.0,18.0,0.0,0.6862745098039215,81.0,1.0,0.0,0.0,-0.857279656,0.3743304899821456,2.3465703544154457,2.6579710306924094,-0.365212977,1.0784484270876995,0.2201935298615183,0.3669892164358633,7.2,12.0,-1.145917067,-1.145917067,3.0983580904154446,3.75893868,1.222587812872933,1.222587812872933,5.43783416575014e-16,7.012992854858589e-16,2.5975922529467823,3.2553363881479425,-1.073665717,-0.961654527,2.597592252946784,3.2553363881479447,0.3712719034675968,1.2266628760667928,8.698329099742705e-16,1.0691669120424433e-15,-3.552829971,-1.857289985,-1.857289985,-1.857289985,-2.664784778,2.129404682427247,0.600049995056313,6.411329947178387,1.13,5.473,10.55,0.0,0.0,11.0,3.0,0.0,0.0,0.0,2.0,11.0,5.0,28.2,-8.290709932,-2.361949981,-2.361949981,-2.361949981,0.4441415743394725,5.425257643300485,0.4751699960851733,5.362649955818243,1.61,5.985768,18.82855,0.0,0.0,0.0,0.0,5.0,1.0,0.0,2.0,5.0,3.0,6.8,-9.787249919,-9.787269919,3.47662997135677,-9.787269919,-3.814405005,16.99279956799987,-3.66805997,16.856479861122974,3.44,13.61805,35.1211,0.0,0.0,0.0,0.0,2.0,4.0,0.0,2.0,2.0,6.0,0.802,5.3159359526770285,221.0,5.3159359526770285
mp-5323.cif,24,Ce1 Al1 O3,Ce,Al,Al,O,CeAlO3,3,0.6,1.1979598889543068e-16,9.687650950323344e-34,0.5443792688553231,0.077538546285176,0.4381823540019419,0.0115384741495797,0.5977527647638571,0.0233221408748381,2.762605448376097e-39,3.2921230954734843e-78,-0.071255565,1.3211777518307883,-0.369801428,0.729480061464715,1.3515809964386367,0.1192195227342322,36.14796950851521,0.0352740073630514,10.94688272127691,19.14094399725488,0.0329628292034015,0.0022097348112475,45.8894076035291,312.8606227002126,25.393418466969628,235.6061518664661,7.309036938082565,15.04060780814919,35.079168675920975,318.54034088128475,32.746574299109184,361.20506097735887,32.74657429910918,361.2050609773588,0.9175929269914962,0.013810842570297,1.1365365091023685,0.0379130555114173,0.1210695455390209,0.0298099344796933,0.8605556598672309,0.0013115043434033,2.765973938061536,0.9452318023335742,1.329628292034014,0.2209734811247527,0.2405187982357962,0.0005842964626139,180.0,0.0,78.51039092907695,212.6771555250544,101.48960907092304,212.6771555250544,36.14796950851521,0.0352740073630514,104.23976429910724,22.779305312957263,2.3506349765388173,0.1008900976911805,8.297921814184608,8.507086221002167,0.2044574952992458,0.0003489705711109,92.44213648037348,62.397516108301495,36.09328141010176,19.79878805988939,-0.233082354,0.1104866959650596,1.329628292034014,0.2209734811247527,0.2568272899374462,0.1341447051586207,0.121069545539021,0.0298099344796933,2.436244073184633,0.1243232052969268,2.179416783247187,0.143453685918768,27.0,81.0,0.2307692307692307,1.0,3.0,2.076923076923077,6.0,6.0,0.0,0.2,27.0,243.0,0.6923076923076923,1.0,2.0,1.3076923076923077,18.0,18.0,0.0,0.6862745098039215,81.0,1.0,0.0,0.0,-0.557763311,1.635675493337831,2.348500778680405,2.6601576311340085,-0.45947028,0.1280501245680545,0.2203746737731985,0.3672911229553304,7.2,12.0,0.0,0.0,3.1009069786804044,3.762030999999999,0.0,0.0,5.588419942564156e-16,6.620091075326061e-16,2.5997291823195257,3.258014415824573,-1.242220088,-1.120626822,2.5997291823195265,3.258014415824573,0.8013370737923109,1.2390949693194346,8.199094699331107e-16,1.2833987505958189e-15,-1.845129985,-1.845129985,-1.766549985,-1.845129985,0.9969753918058928,5.602414853864822,0.78892999350017,6.363579947571789,1.12,5.5387,10.85,9.0,1.0,13.0,1.0,0.0,0.0,0.0,2.0,22.0,4.0,29.6,-8.290709932,-2.361949981,-2.361949981,-2.361949981,0.4441415743394725,5.425257643300485,0.4751699960851733,5.362649955818243,1.61,5.985768,18.82855,0.0,0.0,0.0,0.0,5.0,1.0,0.0,2.0,5.0,3.0,6.8,-9.787249919,-9.787269919,3.47662997135677,-9.787269919,-3.814405005,16.99279956799987,-3.66805997,16.856479861122974,3.44,13.61805,35.1211,0.0,0.0,0.0,0.0,2.0,4.0,0.0,2.0,2.0,6.0,0.802,3.76203913,221.0,3.76203913
mp-972066.cif,25,Zr1 Al1 O3,Zr,Al,Al,O,ZrAlO3,3,0.6,1.3517829240610834e-16,1.299125525213804e-34,0.5299958108840923,0.0792598407340328,0.4437308933744415,0.0117946191568501,0.5898643690472882,0.0238398739707833,3.4876533048175004e-39,5.3585009033906295e-78,0.2573715403124015,1.8944079995988368,0.1787097986184971,0.9133753050845376,1.593699561453807,3.856008118278756e-19,36.15767086388404,0.0360570678787612,11.172871126677071,19.56585782691554,0.0327597487622618,0.0022027737372596,44.71230463703089,283.5864212650011,24.431662589989458,205.44792912494137,7.465788288250196,15.491326589340405,34.41423565339839,289.5522095453243,32.20527943295347,332.44844698823925,32.20527943295345,332.4484469882389,0.9181006280943452,0.0137673358578728,1.1356953223726405,0.037793622363522,0.1174537522249427,0.0283153905384511,0.862095495021298,0.0013505293072154,2.816193583706016,0.9662152013291626,1.3275974876226169,0.2202773737259663,0.2510293697179126,0.0003699320336478,179.99999999999997,8.077935669463159e-28,77.75709624440974,217.3984202990616,102.24290375559023,217.3984202990616,36.15767086388404,0.0360570678787612,103.99323149817045,23.284987827073017,2.312636648589339,0.093245737442153,8.448580751118048,8.695936811962463,0.2077214005937439,0.0003101678201704,92.86038080494676,59.2003963866154,37.43155978646397,19.58865826350438,-0.231646355,0.1101386390670716,1.3275974876226169,0.2202773737259663,0.2491570340221849,0.1274192574230305,0.1174537522249427,0.0283153905384511,2.395688993263401,0.1124783979216019,2.146531959241216,0.1397265880986092,27.0,81.0,0.2307692307692307,1.0,3.0,2.076923076923077,6.0,6.0,0.0,0.2,27.0,243.0,0.6923076923076923,1.0,2.0,1.3076923076923077,18.0,18.0,0.0,0.6862745098039215,81.0,1.0,0.0,0.0,-0.098416442,2.4944741346767927,2.292485563794884,2.59670893965814,-0.181224387,0.788022413737241,0.2151184120683723,0.35853068678062,7.2,12.0,0.7071693043165808,1.239669421487604,3.026945763794883,3.672300999999999,-1.839177303,-1.64744862,6.652932508028806e-16,9.165101083499073e-16,2.537721798667043,3.180305956342995,-0.920341148,-0.660505465,2.5377217986670444,3.1803059563429974,0.003331956614848,1.2952945806702705,8.811802019154115e-16,1.1466334093198022e-15,-4.648009962,-3.055889975,-3.055889975,-3.055889975,0.5037961558380569,7.098576891509628,0.5568399954123112,7.006299942276553,1.33,6.6339,13.1,8.0,2.0,0.0,0.0,0.0,0.0,0.0,2.0,8.0,4.0,17.9,-8.290709932,-2.361949981,-2.361949981,-2.361949981,0.4441415743394725,5.425257643300485,0.4751699960851733,5.362649955818243,1.61,5.985768,18.82855,0.0,0.0,0.0,0.0,5.0,1.0,0.0,2.0,5.0,3.0,6.8,-9.787249919,-9.787269919,3.47662997135677,-9.787269919,-3.814405005,16.99279956799987,-3.66805997,16.856479861122974,3.44,13.61805,35.1211,0.0,0.0,0.0,0.0,2.0,4.0,0.0,2.0,2.0,6.0,0.802,3.672301,221.0,3.672301
mp-972367.cif,28,U1 Al1 O3,U,Al,Al,O,UAlO3,3,0.6,9.867773059186111e-17,1.8190210179740954e-34,0.5380306439146698,0.0783493078639336,0.440631389241931,0.0116591231940377,0.5942709549036609,0.0235660027559488,1.0237166209588608e-39,2.397795742941381e-79,0.2966529457669042,1.8726451404126585,0.205985434948427,0.90288249775217,1.5936995614715288,3.8117118401512967e-19,36.15225148624369,0.0356428523471158,11.046630336189232,19.341086284125343,0.0332607555071742,0.0022197976938093,46.51907194729198,312.71208793055825,25.907484648072,237.481825756898,7.36659755891093,15.312400452381286,35.67846806069401,318.9404042610394,33.31906678372333,364.5759231998783,33.31906678372332,364.57592319987816,0.9168481112320644,0.0138737355863087,1.1377705602584718,0.0380857072808655,0.1223122681957748,0.0300185158229571,0.8611438218630929,0.0013343299827052,2.7881400747087177,0.9551153720555724,1.3326075550717411,0.2219797693809399,0.244297913829515,0.0005726899844135,180.0,0.0,78.1778988793692,214.9009587125039,101.82210112063078,214.90095871250392,36.15225148624369,0.0356428523471158,104.13094870012807,23.017491029152232,2.3636868790934504,0.0989944419817587,8.364420224126155,8.596038348500153,0.2032803216218892,0.0009088849476291,87.11929098856243,7.281058374225411,26.738588853383785,359.46902287330056,-0.23518901,0.110989840053004,1.3326075550717411,0.2219797693809399,0.2594635027906204,0.1350833212033075,0.1223122681957748,0.0300185158229571,2.450174713356991,0.1208663313422177,2.1907112105663704,0.1453062107297125,27.0,81.0,0.2307692307692307,1.0,3.0,2.076923076923077,6.0,6.0,0.0,0.2,27.0,243.0,0.6923076923076923,1.0,2.0,1.3076923076923077,18.0,18.0,0.0,0.6862745098039215,81.0,1.0,0.0,0.0,0.0748299816212426,5.0332488417973344,2.351354914002556,2.6633905233375934,-0.185808832,1.2979441176204545,0.2206424953324815,0.3677374922208022,7.2,12.0,-0.283674522,-0.149716494,3.104675514002556,3.766603,-1.4864353,-1.443783889,8.264708601819523e-16,1.1873178406393597e-15,2.6028886357694216,3.261973883970676,-1.539720494,-1.403832196,2.6028886357694225,3.2619738839706773,1.045791724543347,1.2313084032278812,8.568094115805932e-16,1.1679349219646902e-15,-4.158209966,-1.579059987,-1.579059987,-1.579059987,1.0522473915431574,5.142908157717935,1.3298399890437251,4.478339963103889,1.38,6.1941,10.6,9.0,1.0,11.0,3.0,0.0,0.0,0.0,2.0,20.0,6.0,24.9,-8.290709932,-2.361949981,-2.361949981,-2.361949981,0.4441415743394725,5.425257643300485,0.4751699960851733,5.362649955818243,1.61,5.985768,18.82855,0.0,0.0,0.0,0.0,5.0,1.0,0.0,2.0,5.0,3.0,6.8,-9.787249919,-9.787269919,3.47662997135677,-9.787269919,-3.814405005,16.99279956799987,-3.66805997,16.856479861122974,3.44,13.61805,35.1211,0.0,0.0,0.0,0.0,2.0,4.0,0.0,2.0,2.0,6.0,0.802,3.766603,221.0,3.766603
mp-935811.cif,29,K1 Nb1 O3,K,Nb,Nb,O,KNbO3,3,0.6,8.117116216518111e-17,6.258334435918172e-34,0.539791478760502,0.0781325158975813,0.4399521324533264,0.0116268624847591,0.5952366588451768,0.0235007957973194,-1.82e-39,3.618182290990846e-78,-0.10027461,1.305721117011256,-0.395242397,0.7087103617296917,1.3475816481854257,0.1202044961977657,36.15106385680001,0.0355442075499891,11.018964648301209,19.287569638717223,0.0335073138158742,0.0022279913024319,53.125254389744285,408.2552210902563,31.60504953833457,354.7187668024472,7.34075701772459,15.293887456055742,40.71665524191898,416.3579775725693,37.99681399400275,475.9044701894064,37.99681399400273,475.9044701894054,0.9162317154603148,0.0139249456401994,1.138791838212264,0.0382262873798727,0.131808872296726,0.0344765304215204,0.8609029754757329,0.001332290505817,2.781992144066935,0.952472574751468,1.3350731381587386,0.2227991302431935,0.2543620378327845,0.0002381568195936,180.00000000000003,8.077935669463161e-28,78.27011783899596,214.3063293190803,101.72988216100404,214.3063293190803,36.15106385680001,0.0355442075499891,104.16112946027458,22.953802055172524,2.527272197932496,0.1131255855738343,8.345976432200805,8.572253172763212,0.2217204891431896,3.405203072182486e-05,86.62220740735171,59.496755456784754,37.48118143315745,20.27739179312922,-0.236932449,0.1113995285201456,1.3350731381587386,0.2227991302431935,0.2796088422647002,0.1551443868968422,0.131808872296726,0.0344765304215204,2.620475145354064,0.138497344488348,2.340866303089363,0.1658116590093689,27.0,81.0,0.2307692307692307,1.0,3.0,2.076923076923077,6.0,6.0,0.0,0.2,27.0,243.0,0.6923076923076923,1.0,2.0,1.3076923076923077,18.0,18.0,0.0,0.6862745098039215,81.0,1.0,0.0,0.0,-0.440779775,1.206033852067704,2.51527403582684,2.849062466378065,-0.406523429,0.2497621173245043,0.2360240627243874,0.3933734378739784,7.2,12.0,-1.092211477,-0.527942925,3.321110591826838,4.029182779999999,0.1146901211022122,0.3636457286618725,7.370046060010915e-16,9.204863097018305e-16,2.784342833449621,3.489374643970804,0.2696635584854253,1.159338842975207,2.7843428334496245,3.489374643970808,-1.213778533,-0.519181525,1.2310480663012045e-15,1.7722401320369021e-15,-2.227309982,-2.227309982,-2.227309982,-2.227309982,-0.347925887,4.162399025703636,-0.349729997,4.147669965828211,0.8200000000000001,4.3406633,31.63,0.0,0.0,0.0,0.0,0.0,0.0,1.0,1.0,1.0,1.0,43.23,-4.966219959,-4.334109964,-4.334109964,-4.334109964,-0.511766596,7.220987540517275,-0.459349996,7.633379937110171,1.6,6.75885,14.0,6.0,4.0,0.0,0.0,0.0,0.0,1.0,1.0,7.0,5.0,15.7,-9.787249919,-9.787269919,3.47662997135677,-9.787269919,-3.814405005,16.99279956799987,-3.66805997,16.856479861122974,3.44,13.61805,35.1211,0.0,0.0,0.0,0.0,2.0,4.0,0.0,2.0,2.0,6.0,0.802,4.02918278,221.0,4.02918278
mp-862606.cif,30,Eu1 Sn1 O3,Eu,Sn,Sn,O,EuSnO3,3,0.6,7.183903219124428e-17,9.044728778219803e-35,0.5288636217646643,0.0793777652083514,0.4441676448092375,0.0118121674417189,0.589243436597115,0.0238753434415745,4.80802102051084e-40,6.434591193596918e-79,0.2518363935729265,1.8972265400529773,0.1748663859973883,0.9147342442611774,1.5936995614513094,3.8617492410994863e-19,36.1584345019745,0.036110714350109,11.190659728988331,19.59496832571876,0.0331700827664946,0.0022167538859133,55.25629837744625,427.5206846623919,33.54268466389209,382.66263830136313,7.465337336330725,15.600732855693002,42.56308641098246,436.8688273551272,39.80769066731402,503.6119110345696,39.807690667314006,503.6119110345693,0.9170747930837638,0.0138547117869584,1.1373949814692006,0.0380334837936209,0.13199829731057,0.0351043573074772,0.8621160566546368,0.0013591140726638,2.820146606441852,0.967652756825618,1.3317008276649434,0.2216753885913349,0.2469048836025081,0.0006411449667272,180.0,0.0,77.69780090337221,217.7218702857641,102.3021990966278,217.7218702857641,36.1584345019745,0.036110714350109,103.97382575019454,23.3196317264752,2.570841686451192,0.1133583634008575,8.460439819325556,8.708874811430562,0.2042542438475867,0.0009469811323904,91.4865222631808,3.178918469095352,26.46385457221728,347.77968003584255,-0.234547867,0.1108376591192133,1.3317008276649434,0.2216753885913349,0.2800106734001461,0.1579696078836479,0.13199829731057,0.0351043573074772,2.6641785775845737,0.1364983786806086,2.384167904184427,0.1723914047637867,27.0,81.0,0.2307692307692307,1.0,3.0,2.076923076923077,6.0,6.0,0.0,0.2,27.0,243.0,0.6923076923076923,1.0,2.0,1.3076923076923077,18.0,18.0,0.0,0.6862745098039215,81.0,1.0,0.0,0.0,-0.204874915,2.971525529388934,2.544497628521122,2.88216416420187,-0.286437598,0.8490692342905469,0.2387662971596264,0.3979438285993769,7.2,12.0,-1.214876033,-1.214876033,3.359696758521121,4.075995649999999,-0.427281519,-0.427281519,7.198018435451727e-16,1.1338214607267812e-15,2.8166925892722423,3.529915778614863,-0.756099956,0.4636351148932833,2.816692589272244,3.529915778614864,0.6199821159416832,1.158215823244089,8.879903926430577e-16,9.772578953645192e-16,-2.358419981,-2.358419981,-2.358419981,-2.358419981,-7.773939136,-3.007723375,2.1781999820542635,6.07905994991589,1.2,5.67038,11.25,0.0,0.0,7.0,7.0,0.0,0.0,0.0,2.0,7.0,9.0,27.7,-11.28339991,-3.579099971,-3.579099971,-3.579099971,-0.668899894,6.747624044360574,-0.640929995,6.701019944791692,1.96,7.34392,14.6322,0.0,10.0,0.0,0.0,4.0,2.0,0.0,2.0,4.0,14.0,7.06,-9.787249919,-9.787269919,3.47662997135677,-9.787269919,-3.814405005,16.99279956799987,-3.66805997,16.856479861122974,3.44,13.61805,35.1211,0.0,0.0,0.0,0.0,2.0,4.0,0.0,2.0,2.0,6.0,0.802,4.07580535,221.0,4.07580535
mp-864636.cif,31,Ce1 Fe1 O3,Ce,Fe,Fe,O,CeFeO3,3,0.6,1.0095704874495872e-16,2.0011755959856343e-34,0.5359473879453744,0.078597787724018,0.4414350226791582,0.0116960993636931,0.5931284238448864,0.0236407408388648,1.3441054689850362e-39,2.1946120163393443e-79,0.2864681389284815,1.8785841156909804,0.1989134607102048,0.9057459323226932,1.5936995614669345,3.8238004424684824e-19,36.15365661382882,0.0357558690586726,11.079361804205,19.402425312443327,0.0336278146283565,0.0022319515461565,50.96602138647209,369.7377417094541,29.69277399069382,307.25080717892087,7.377406763952645,15.446701139989568,39.13749748220896,377.45689273956873,36.535874247529335,433.43788942586457,36.53587424752932,433.4378894258645,0.915930463429109,0.0139496971634783,1.1392909689203357,0.0382942344201263,0.1291441040242113,0.0329182424736835,0.8612732471415576,0.0013451693402508,2.795413734267778,0.9581444598737444,1.336278146283563,0.2231951546156535,0.2434944035062589,0.000538496636892,180.0,0.0,78.06879398598332,215.58250347159264,101.93120601401668,215.58250347159267,36.15365661382882,0.0357558690586726,104.09524165270584,23.09048981056924,2.4734270489227685,0.1064648124168175,8.386241202803333,8.623300138863701,0.2067320626284663,0.0002942593209938,83.54668445747438,26.90208200987162,35.37880605288444,20.25748745689474,-0.237784516,0.1115975379023281,1.336278146283563,0.2231951546156535,0.2739560151173426,0.1481320911315762,0.1291441040242114,0.0329182424736835,2.56474572062855,0.1295858818016598,2.2907897055112074,0.1589774010681841,27.0,81.0,0.2307692307692307,1.0,3.0,2.076923076923077,6.0,6.0,0.0,0.2,27.0,243.0,0.6923076923076923,1.0,2.0,1.3076923076923077,18.0,18.0,0.0,0.6862745098039215,81.0,1.0,0.0,0.0,-0.945138254,0.7194469851985339,2.4555920311397985,2.7814603852329984,-0.810684793,-0.707106781,0.2304237229534005,0.3840395382556672,7.2,12.0,-1.592901221,-1.592901221,3.242307831139798,3.933578999999999,1.1399226291925395,1.1399226291925395,6.95087652845738e-16,1.043233376814296e-15,2.7182764090086606,3.406579341792987,0.2353401658158067,0.2353401658158067,2.718276409008661,3.406579341792988,-1.688634978,-1.688634978,6.18645703189938e-16,7.706674137094108e-16,-1.845129985,-1.845129985,-1.766549985,-1.845129985,0.9969753918058928,5.602414853864822,0.78892999350017,6.363579947571789,1.12,5.5387,10.85,9.0,1.0,13.0,1.0,0.0,0.0,0.0,2.0,22.0,4.0,29.6,-3.822639969,-3.822659969,-3.763499969,-3.822659969,-1.013363032,7.161906671003653,-1.395739989,6.599079945631553,1.83,7.9024,16.1877,4.0,6.0,0.0,0.0,0.0,0.0,0.0,2.0,4.0,8.0,8.4,-9.787249919,-9.787269919,3.47662997135677,-9.787269919,-3.814405005,16.99279956799987,-3.66805997,16.856479861122974,3.44,13.61805,35.1211,0.0,0.0,0.0,0.0,2.0,4.0,0.0,2.0,2.0,6.0,0.802,3.933579,221.0,3.933579
mp-865218.cif,33,Yb1 Ti1 O3,Yb,Ti,Ti,O,YbTiO3,3,0.6,9.917759435035058e-17,1.8325895350741227e-34,0.5373155066845157,0.0784355840795587,0.4409072594176696,0.011671961916601,0.5938787484207421,0.0235919530239298,1.1133231594708768e-39,2.032221521263868e-79,0.293156719350451,1.874707248430309,0.2035577774051469,0.9038767284248324,1.5936995614699518,3.81590919787477e-19,36.15273384630916,0.0356820790393849,11.057866349295962,19.36238418421108,0.0328898488049017,0.0022072427260808,48.32348888691932,339.1963328630755,27.445534390428943,267.29107501873983,7.385215435383595,15.27272998720002,37.066556953426776,345.8415900228288,34.64273138728671,394.6152979971152,34.6427313872867,394.6152979971149,0.917775377987746,0.0137952670380054,1.1362342143939077,0.0378702980896752,0.1232777443805909,0.0310095667955829,0.8613055619396637,0.0013316099694976,2.7906369665102133,0.9561671202079546,1.3288984880490151,0.220724272608087,0.2449776458301173,0.0005981567870999,180.0,0.0,78.14044550234678,215.13760204678988,101.85955449765322,215.13760204678988,36.15273384630916,0.0356820790393849,104.11869123997202,23.042837558412007,2.4082375667001994,0.1035437955586696,8.37191089953064,8.605504081871592,0.1989174313263206,0.0007232053978138,91.4045987567167,11.889371232011046,25.771807994996184,334.06337166105004,-0.232566307,0.1103620943878771,1.3288984880490151,0.220724272608087,0.2615115870626929,0.1395430505801236,0.1232777443805909,0.0310095667955829,2.4954080957210976,0.1262683057795356,2.233896508658405,0.1511234755036873,27.0,81.0,0.2307692307692307,1.0,3.0,2.076923076923077,6.0,6.0,0.0,0.2,27.0,243.0,0.6923076923076923,1.0,2.0,1.3076923076923077,18.0,18.0,0.0,0.6862745098039215,81.0,1.0,0.0,0.0,-0.366666864,2.165165397923876,2.3966415203605536,2.7146868706009224,-0.306516429,1.0508691783067956,0.2248920238798157,0.3748200397996925,7.2,12.0,-1.088138365,-0.60686808,3.164470918360553,3.83914699,0.1612223965672867,0.7093150728496279,7.489940568239592e-16,1.2647666240713459e-15,2.653019729267826,3.3247988222025606,2.158145065398334,2.158145065398334,2.6530197292678275,3.324798822202561,-2.0374851,-2.0374851,6.818823898560152e-16,7.4567913620149e-16,-3.926989968,-3.926989968,-0.194009998,-0.194009998,2.0578892829804767,6.480050346556007,2.07519998290286,6.488929946539056,1.1,6.25416,12.176,0.0,0.0,0.0,14.0,0.0,0.0,0.0,2.0,0.0,16.0,20.9,-4.762429961,-3.553389971,-3.553389971,-3.553389971,0.7799878335735743,7.4794458083788,0.8744399927956709,7.940329934581274,1.54,6.82812,13.5755,8.0,2.0,0.0,0.0,0.0,0.0,0.0,2.0,8.0,4.0,14.6,-9.787249919,-9.787269919,3.47662997135677,-9.787269919,-3.814405005,16.99279956799987,-3.66805997,16.856479861122974,3.44,13.61805,35.1211,0.0,0.0,0.0,0.0,2.0,4.0,0.0,2.0,2.0,6.0,0.802,3.839146989675282,221.0,3.839146989675282
mp-865424.cif,34,Cs1 U1 O3,Cs,U,U,O,CsUO3,3,0.6,8.043861370231151e-17,3.3634952994256055e-33,0.5353474410902367,0.0786677364633276,0.4416664572030255,0.0117065084022808,0.5927993918268764,0.0236617801081103,1.0084248372565208e-39,1.6841816178242754e-78,0.2835350654497757,1.880255976876704,0.1968768369028719,0.906552008268789,1.5936995614656109,3.827206155135145e-19,36.154061300250746,0.0357877064507996,11.088787982067696,19.41969265837573,0.0321171622670173,0.0021802041146158,63.95518140232792,599.5348644166212,41.83888571189753,623.5831396163525,7.4290104533679475,15.203625656467448,49.07970984375705,610.9404770963972,45.9489409186462,694.8228979480454,45.9489409186462,694.8228979480456,0.9197070943324568,0.0136262757163487,1.1330336419593594,0.037406388858482,0.1384513357753593,0.0405151194260796,0.8616921118284028,0.0013271270566651,2.797508440459488,0.958997168314851,1.3211716226701715,0.2180204114615804,0.2436946343189286,0.0004672820974844,180.0,0.0,78.03737339310769,215.77436287084151,101.96262660689231,215.77436287084151,36.154061300250746,0.0357877064507996,104.08495856501706,23.11103919674465,2.76815532367817,0.1387236776132057,8.392525321378463,8.63097451483366,0.2030344339689889,0.0008620800258739,91.90825495309652,9.784602316275349,26.72790899044426,343.1946490827029,-0.227102604,0.1090101785152395,1.3211716226701715,0.2180204114615804,0.2936996351732767,0.1823180374173588,0.1384513357753593,0.0405151194260796,2.866055202069263,0.1686138649685909,2.572355566895986,0.2004886611806743,27.0,81.0,0.2307692307692307,1.0,3.0,2.076923076923077,6.0,6.0,0.0,0.2,27.0,81.0,0.2307692307692307,1.0,3.0,2.076923076923077,6.0,6.0,0.0,0.2,81.0,1.0,0.0,0.0,-0.277544432,3.3898222723090123,2.7563874300079547,3.122172716679924,-0.419517191,0.4432515786030195,0.2586492566640154,0.4310820944400252,7.2,12.0,-0.8669544,-0.8669544,3.6394712300079535,4.415418999999999,0.9969440500496524,0.9969440500496524,7.608026230496011e-16,8.881784197001252e-16,3.0512490796774667,3.82386502235248,-1.177667247,-0.924931286,3.051249079677468,3.823865022352482,-0.194481454,0.9813484275326876,7.937215871916692e-16,9.342697592728601e-16,-1.953909984,-1.953909984,-1.953909984,-1.953909984,-0.303611898,3.6984121695097367,-0.312149997,3.673269969736694,0.79,3.893905,23.15744,0.0,0.0,0.0,0.0,0.0,0.0,1.0,1.0,1.0,1.0,59.42,-4.158209966,-1.579059987,-1.579059987,-1.579059987,1.0522473915431574,5.142908157717935,1.3298399890437251,4.478339963103889,1.38,6.1941,10.6,9.0,1.0,11.0,3.0,0.0,0.0,0.0,2.0,20.0,6.0,24.9,-9.787249919,-9.787269919,3.47662997135677,-9.787269919,-3.814405005,16.99279956799987,-3.66805997,16.856479861122974,3.44,13.61805,35.1211,0.0,0.0,0.0,0.0,2.0,4.0,0.0,2.0,2.0,6.0,0.802,4.415419,221.0,4.415419
mp-865758.cif,35,Yb1 Ge1 O3,Yb,Ge,Ge,O,YbGeO3,3,0.6,6.915352266183037e-17,5.705909064799912e-35,0.5267195570680817,0.0795940582599406,0.4449947357222828,0.0118443539077292,0.5880675558873164,0.0239404003359978,3.736295244048247e-40,1.5111988612955448e-80,0.2413542996269011,1.9023962108899788,0.1675879859722393,0.9172267641824048,1.5936995614465803,3.8722705941333242e-19,36.15988060509135,0.0362090999750846,11.22434660476081,19.64836181045392,0.03238343648594,0.002189656689955,48.74082322299064,335.53746794857585,27.82220827577809,264.1056293206716,7.511394641929016,15.527581939126067,37.56417713764751,342.6673626017494,35.193177458583975,393.6577310691957,35.19317745858396,393.65773106919534,0.9190414087851502,0.0136853543122192,1.1341365858872396,0.0375685694114333,0.1209846505290503,0.030562629021118,0.8625241572848934,0.001354281638838,2.827632578835736,0.970289472121181,1.3238343648593969,0.2189656689955078,0.251182217368314,0.0003677324362663,180.0,0.0,77.58551131746395,218.3151312272657,102.41448868253605,218.3151312272657,36.15988060509135,0.0362090999750846,103.9370764204638,23.38317450922889,2.412385726728738,0.101257635877144,8.482897736507207,8.73260524909063,0.2081107109695082,0.0003207596561451,100.1786649176305,63.868778994588425,36.465671628119225,12.209542532160048,-0.228985431,0.1094827925069789,1.3238343648593969,0.2189656689955078,0.2566472004257286,0.1375318305950313,0.1209846505290503,0.030562629021118,2.497934793537315,0.1215508254993914,2.2412875931115863,0.1523591436960037,27.0,81.0,0.2307692307692307,1.0,3.0,2.076923076923077,6.0,6.0,0.0,0.2,27.0,243.0,0.6923076923076923,1.0,2.0,1.3076923076923077,18.0,18.0,0.0,0.6862745098039215,81.0,1.0,0.0,0.0,-0.56398638,1.6728873382287306,2.388843051305546,2.705853508842577,-0.235156799,1.05091742543065,0.2241602442314848,0.3736004070524742,7.2,12.0,-1.049698664,-1.049698664,3.154173997305546,3.82665473,-1.225312102,-1.225312102,5.647488330860465e-16,8.840569198756811e-16,2.64438702717815,3.3139802076918783,0.736077756118798,2.4228780131482823,2.644387027178152,3.313980207691881,0.0669351795939053,1.7142803186311797,7.787056638654379e-16,8.219761290855804e-16,-3.926989968,-3.926989968,-0.194009998,-0.194009998,2.0578892829804767,6.480050346556007,2.07519998290286,6.488929946539056,1.1,6.25416,12.176,0.0,0.0,0.0,14.0,0.0,0.0,0.0,2.0,0.0,16.0,20.9,-12.6643599,-3.782329969,-3.782329969,-3.782329969,-0.612054095,7.280624070018371,-0.579449995,7.220969940507932,2.01,7.89943,15.93461,0.0,10.0,0.0,0.0,4.0,2.0,0.0,2.0,4.0,14.0,5.84,-9.787249919,-9.787269919,3.47662997135677,-9.787269919,-3.814405005,16.99279956799987,-3.66805997,16.856479861122974,3.44,13.61805,35.1211,0.0,0.0,0.0,0.0,2.0,4.0,0.0,2.0,2.0,6.0,0.802,3.82665472924139,221.0,3.82665472924139
mp-866036.cif,36,Eu1 Ru1 O3,Eu,Ru,Ru,O,EuRuO3,3,0.6,7.262871901834185e-17,3.7839990629784524e-34,0.5295009667800856,0.0793116971835462,0.4439217836318345,0.0118023358904086,0.5895929790854152,0.0238554714184885,5.0244390909056604e-40,1.2125813426896327e-79,0.2549523024997078,1.895647432732681,0.1770299643556657,0.9139728889297264,1.5936995614527154,3.85853230180292e-19,36.1580046140782,0.0360806531004486,11.18064596289586,19.578658961881143,0.0331982992264689,0.0022177028511167,52.76014550663241,390.470811745918,31.294500822054,333.9003800602395,7.457814998469844,15.585206212201996,40.6288598136714,398.96717266374674,37.99329862556409,459.7175179939216,37.99329862556407,459.71751799392086,0.9170042519338276,0.0138606428194794,1.1375118578732362,0.0380497654624667,0.129150927425621,0.0335634613840929,0.8620432881080726,0.0013577445472602,2.817921325087969,0.9668473561422788,1.3319829922646873,0.2217702851116719,0.2412067010593929,0.0005403588702823,180.0,0.0,77.73118012368045,217.54065513201272,102.26881987631955,217.54065513201272,36.1580046140782,0.0360806531004486,103.98474985336875,23.300222297025662,2.5124844939852897,0.1084580950739908,8.453763975263907,8.70162620528051,0.2040173812462039,0.0003141863693437,80.30272376803013,5.575361031075198,37.00860968501672,18.742231820064703,-0.234747385,0.1108851048890846,1.3319829922646873,0.2217702851116719,0.2739704897375646,0.1510355762284183,0.129150927425621,0.0335634613840929,2.603807990564478,0.1307239973199601,2.3298375008269137,0.164616674734331,27.0,81.0,0.2307692307692307,1.0,3.0,2.076923076923077,6.0,6.0,0.0,0.2,27.0,243.0,0.6923076923076923,1.0,2.0,1.3076923076923077,18.0,18.0,0.0,0.6862745098039215,81.0,1.0,0.0,0.0,-0.524024769,1.0090218268499642,2.4874935918360417,2.8175954297267367,-0.45337201,0.1469209950750112,0.2334172480546529,0.3890287467577544,7.2,12.0,-0.382653061,-0.382653061,3.284429925836041,3.98468167,-1.543112224,-1.543112224,6.426504231860447e-16,9.044766308671292e-16,2.753590605646977,3.450835552214199,-0.490603312,0.4116522095485275,2.753590605646978,3.4508355522142,0.0520431765949926,1.3697567494382274,7.6721011014056365e-16,1.0536833876559718e-15,-2.358419981,-2.358419981,-2.358419981,-2.358419981,-7.773939136,-3.007723375,2.1781999820542635,6.07905994991589,1.2,5.67038,11.25,0.0,0.0,7.0,7.0,0.0,0.0,0.0,2.0,7.0,9.0,27.7,-3.59957997,-3.59957997,-2.754109977,-3.59957997,-0.327545597,8.177103232657059,0.050859999580975,8.119189933107684,2.2,7.3605,16.76,3.0,7.0,0.0,0.0,0.0,0.0,1.0,1.0,4.0,8.0,9.6,-9.787249919,-9.787269919,3.47662997135677,-9.787269919,-3.814405005,16.99279956799987,-3.66805997,16.856479861122974,3.44,13.61805,35.1211,0.0,0.0,0.0,0.0,2.0,4.0,0.0,2.0,2.0,6.0,0.802,3.9836350112516574,221.0,3.9836350112516574
mp-866095.cif,37,Ce1 Ni1 O3,Ce,Ni,Ni,O,CeNiO3,3,0.6,8.00896791054337e-17,3.3920648204365394e-34,0.5293426299841542,0.0793281864292478,0.4439828633769208,0.0118047896472094,0.5895061416013208,0.0238604310744222,5.670433473433263e-40,2.490475392125197e-80,0.2541782115066925,1.896041546052556,0.1764924625996193,0.9141629078558796,1.5936995614523664,3.859334507397289e-19,36.15811138218268,0.0360881720894118,11.183133701247812,19.582729449962905,0.0339765918196002,0.0022432503902842,47.74944249802145,314.3283109385705,26.91085039559517,243.56794984072008,7.436124712910538,15.727973877722892,36.79037997497986,321.53152119431934,34.35606089574131,372.6365882940753,34.35606089574131,372.6365882940753,0.9150585204509996,0.0140203149392768,1.1407356513489315,0.0384880919375308,0.1255687924446174,0.0306394921095743,0.8618759710201759,0.0013685384223926,2.818474155832847,0.9670483678994024,1.339765918196001,0.2243250390284294,0.2508147613572638,0.0003725131285243,180.0,0.0,77.72288766250728,217.5858827773656,102.27711233749272,217.5858827773656,36.15811138218268,0.0360881720894118,103.98203594293624,23.30506629744256,2.3911261215982025,0.0959252737739097,8.455422467498543,8.703435311094623,0.2098455226201772,0.0003655048213235,89.0767489642651,74.46736716324028,37.51044478097622,20.36612469622007,-0.240250737,0.1121624750744342,1.339765918196001,0.2243250390284294,0.2663716339289853,0.1378777144930848,0.1255687924446174,0.0306394921095743,2.4799166662411976,0.115549591947648,2.2135450323122123,0.1485951137551563,27.0,81.0,0.2307692307692307,1.0,3.0,2.076923076923077,6.0,6.0,0.0,0.2,27.0,243.0,0.6923076923076923,1.0,2.0,1.3076923076923077,18.0,18.0,0.0,0.6862745098039215,81.0,1.0,0.0,0.0,-0.73422277,0.4173638320000528,2.363100442455371,2.676694737425618,-0.161713789,1.3308100509107808,0.2217446525148766,0.3695744208581272,7.2,12.0,-1.003395593,-0.75786079,3.120184042455369,3.785417999999999,1.2912820394223794,1.3633179177440895,7.434709398689245e-16,9.362222582871205e-16,2.615890629789498,3.27826815194288,-0.195513654,0.2262566432715327,2.615890629789499,3.278268151942881,-1.112542495,-0.852987129,5.944855658764424e-16,7.691850745534255e-16,-1.845129985,-1.845129985,-1.766549985,-1.845129985,0.9969753918058928,5.602414853864822,0.78892999350017,6.363579947571789,1.12,5.5387,10.85,9.0,1.0,13.0,1.0,0.0,0.0,0.0,2.0,22.0,4.0,29.6,-2.825219977,-2.825229977,-2.697169978,-2.825229977,-0.396642997,8.055245913651854,-0.517239996,7.938709934594622,1.91,7.6398,18.16884,2.0,8.0,0.0,0.0,0.0,0.0,0.0,2.0,2.0,10.0,6.8,-9.787249919,-9.787269919,3.47662997135677,-9.787269919,-3.814405005,16.99279956799987,-3.66805997,16.856479861122974,3.44,13.61805,35.1211,0.0,0.0,0.0,0.0,2.0,4.0,0.0,2.0,2.0,6.0,0.802,3.785418,221.0,3.785418
mp-865181.cif,38,Eu1 Ge1 O3,Eu,Ge,Ge,O,EuGeO3,3,0.6,9.051361924718796e-17,1.1554130634648387e-34,0.5322727579383505,0.0790149202432433,0.4428525419790456,0.0117581726552445,0.5911131271293566,0.0237662064794131,-5.53e-40,4.861892858848979e-79,0.2685032813325788,1.8885540976388988,0.1864392908877337,0.910552888007685,1.5936995614588292,3.8440940354278863e-19,36.1561350632777,0.0359456264393679,11.137096444747204,19.505397454332083,0.0315686591793164,0.0021602856755518,48.50294560555672,344.9670747733348,27.656189323906663,271.1868424313173,7.477671187785312,15.206052965916438,37.263924636107575,351.5124375774933,34.93728716508771,399.46584739524354,34.9372871650877,399.4658473952434,0.9210783520517088,0.0135017854721987,1.1307616677800678,0.0370646424724041,0.1183301696779987,0.0303521798968795,0.8621405176358171,0.0013283698778585,2.808243654388267,0.9632295039176336,1.3156865917931635,0.2160285675551801,0.2442529380276044,0.0005437776925226,180.0,0.0,77.87634518417597,216.7266383814677,102.12365481582404,216.7266383814677,36.1561350632777,0.0359456264393679,104.03225840300134,23.21303523164871,2.408325684912965,0.1054086329233947,8.424730963164803,8.669065535258705,0.2079556563238379,0.0002517258594132,92.16679268706471,8.861824072170698,27.81979118039521,358.97536139888973,-0.223224087,0.10801424275784,1.3156865917931635,0.2160285675551801,0.2510161961948033,0.1365848095359578,0.1183301696779987,0.0303521798968795,2.491997750311233,0.1275155707682004,2.2409815541164297,0.152251296924422,27.0,81.0,0.2307692307692307,1.0,3.0,2.076923076923077,6.0,6.0,0.0,0.2,27.0,243.0,0.6923076923076923,1.0,2.0,1.3076923076923077,18.0,18.0,0.0,0.6862745098039215,81.0,1.0,0.0,0.0,-0.197928164,2.083308304086829,2.396732843951166,2.7147903132519424,-0.109420948,1.0293817382927493,0.2249005933496117,0.3748343222493525,7.2,12.0,0.1429691889216547,0.8066167643527997,3.164591499951165,3.839293279999999,-1.059320645,1.0572890110998352,8.490381741852529e-16,1.124116676276002e-15,2.653120822103606,3.32492551305888,-1.259926883,-0.976621607,2.653120822103608,3.3249255130588806,0.0176963738800615,1.1404449761770383,8.119127015509811e-16,1.1143273751277045e-15,-2.358419981,-2.358419981,-2.358419981,-2.358419981,-7.773939136,-3.007723375,2.1781999820542635,6.07905994991589,1.2,5.67038,11.25,0.0,0.0,7.0,7.0,0.0,0.0,0.0,2.0,7.0,9.0,27.7,-12.6643599,-3.782329969,-3.782329969,-3.782329969,-0.612054095,7.280624070018371,-0.579449995,7.220969940507932,2.01,7.89943,15.93461,0.0,10.0,0.0,0.0,4.0,2.0,0.0,2.0,4.0,14.0,5.84,-9.787249919,-9.787269919,3.47662997135677,-9.787269919,-3.814405005,16.99279956799987,-3.66805997,16.856479861122974,3.44,13.61805,35.1211,0.0,0.0,0.0,0.0,2.0,4.0,0.0,2.0,2.0,6.0,0.802,3.839912579999059,221.0,3.839912579999059
mp-5304.cif,39,La1 Al1 O3,La,Al,Al,O,LaAlO3,3,0.6,9.51606182605568e-17,2.1665575666467685e-33,0.5382651247217464,0.0783207967566679,0.4405409363068467,0.0116548804697422,0.5943995524493872,0.0235574271494665,1.9217616667622648e-39,6.01719250726296e-78,-0.106871964,1.3057297112983035,-0.399128983,0.70579439457035,1.348106503916244,0.120077056498134,36.152093345063456,0.0356298874246084,11.042946246883716,19.33404811364604,0.0334358582051942,0.0022256292066015,46.93360201799326,317.41397371382243,26.24726547542356,243.3068819858101,7.358888418433326,15.334434492250097,35.996289728721585,323.7924898901042,33.603836777233795,370.4756367943455,33.60383677723378,370.475636794345,0.9164103544870146,0.0139101825412597,1.138495859381751,0.0381857602225485,0.1234897752816541,0.0303591678226892,0.8610781624238075,0.0013359000634445,2.787321388196381,0.9547678080812858,1.3343585820519397,0.2225629206601559,0.241192570892635,0.0005829614946525,180.0,0.0,78.19017917705426,214.82275681828955,101.80982082294574,214.82275681828955,36.152093345063456,0.0356298874246084,104.1349677116412,23.00911496334312,2.3745383711955017,0.0995085378434128,8.361964164589144,8.592910272731572,0.1929380631155978,0.0006852750961016,84.58309184270206,88.11560382176528,25.14335048025004,317.5644420173565,-0.236427174,0.1112814161529876,1.3343585820519397,0.2225629206601559,0.2619613725265817,0.1366162552021018,0.1234897752816541,0.0303591678226892,2.461858828704363,0.1215431726566865,2.199897456177781,0.1465167716849335,27.0,81.0,0.2307692307692307,1.0,3.0,2.076923076923077,6.0,6.0,0.0,0.2,27.0,243.0,0.6923076923076923,1.0,2.0,1.3076923076923077,18.0,18.0,0.0,0.6862745098039215,81.0,1.0,0.0,0.0,-0.185937077,2.585625000000001,2.3615590096169075,2.674948749361512,-0.155246147,1.2800475557277329,0.2216000101276977,0.3693333502128292,7.2,12.0,0.2442732194918782,0.2442732194918782,3.1181487696169072,3.7829488,-1.724640737,-1.724640737,5.903558598068505e-16,8.460604167621003e-16,2.6141843037924546,3.276129762015856,0.3739512609891127,3.616998333496717,2.614184303792457,3.276129762015858,-1.571003329,-1.192004102,8.806328151906982e-16,1.2776947279178381e-15,-3.59120997,-2.347539981,-2.347539981,-2.347539981,0.7574954937130738,5.540775954341044,0.79851999342116,5.6713799532746805,1.1,5.5769,11.059,9.0,1.0,0.0,0.0,0.0,0.0,0.0,2.0,9.0,3.0,31.1,-8.290709932,-2.361949981,-2.361949981,-2.361949981,0.4441415743394725,5.425257643300485,0.4751699960851733,5.362649955818243,1.61,5.985768,18.82855,0.0,0.0,0.0,0.0,5.0,1.0,0.0,2.0,5.0,3.0,6.8,-9.787249919,-9.787269919,3.47662997135677,-9.787269919,-3.814405005,16.99279956799987,-3.66805997,16.856479861122974,3.44,13.61805,35.1211,0.0,0.0,0.0,0.0,2.0,4.0,0.0,2.0,2.0,6.0,0.802,3.7829488,221.0,3.7829488
mp-22549.cif,40,Sm1 Co1 O3,Sm,Co,Co,O,SmCoO3,3,0.6,8.648013562516659e-17,9.367105644216084e-35,0.5363516303899555,0.0785502505311507,0.4412790827706688,0.0116890253766593,0.5933501246608284,0.0236264425425727,-9.35e-40,1.157865186941614e-78,-0.087956503,1.3543696476452614,-0.363295789,0.738718268095047,1.3652636276920422,0.1156077804512991,36.15338396750618,0.0357342464919514,11.073010473000176,19.390690416832644,0.0311000301340469,0.002142791139066,46.07124821195481,318.7447941597767,25.621935247552813,238.77719131377745,7.44900607797871,14.991425990045686,35.31539852737097,324.34369836720794,33.12053782859942,366.1206218746072,33.12053782859941,366.1206218746071,0.9222499246648824,0.0133924446191628,1.1288205427173423,0.0367644836797952,0.1140740723822682,0.0288291683289938,0.8618280802903954,0.0013108703915698,2.7940023273333727,0.9575649588559328,1.311000301340469,0.2142791139066065,0.2461309444372063,0.0005624148252778,180.0,0.0,78.0899650899994,215.45211574258505,101.9100349100006,215.452115742585,36.15338396750618,0.0357342464919514,104.1021703806923,23.07652427923487,2.348716055979683,0.1029251735953753,8.382006982000117,8.618084629703397,0.2130766171269735,0.000250385353492,87.76183206538113,172.43227857973795,36.68796831042701,12.80786790486234,-0.219910377,0.1071395135321556,1.311000301340469,0.2142791139066065,0.2419876504172018,0.1297312574804732,0.1140740723822682,0.0288291683289939,2.429378606118751,0.1251640521254459,2.187390955701549,0.1449349215222169,27.0,81.0,0.2307692307692307,1.0,3.0,2.076923076923077,6.0,6.0,0.0,0.2,27.0,243.0,0.6923076923076923,1.0,2.0,1.3076923076923077,18.0,18.0,0.0,0.6862745098039215,81.0,1.0,0.0,0.0,-0.605645119,1.359821996185632,2.34534325102086,2.6565810850347664,-0.069205283,0.9962508462802406,0.2200783829930469,0.366797304988411,7.2,12.0,0.0,0.0,3.096737851020859,3.756972999999999,0.0,0.0,4.961048253468533e-16,5.1515860757050595e-16,2.596233881455664,3.2536340593322306,-0.959707713,-0.259881328,2.5962338814556656,3.253634059332232,0.1466231488502277,1.079453424126549,9.20338160670558e-16,1.1593037763813649e-15,-3.504979971,-1.789769985,-1.789769985,-1.789769985,-7.811453736,-3.64157787,2.026719983302276,6.161479949236849,1.17,5.6437,11.07,0.0,0.0,8.0,6.0,0.0,0.0,0.0,2.0,8.0,8.0,28.8,-3.266299973,-3.266309973,-3.199689974,-3.266309973,-0.886438853,7.496390708240698,-0.985829992,7.265179940143695,1.88,7.88101,17.084,3.0,7.0,0.0,0.0,0.0,0.0,0.0,2.0,3.0,9.0,7.5,-9.787249919,-9.787269919,3.47662997135677,-9.787269919,-3.814405005,16.99279956799987,-3.66805997,16.856479861122974,3.44,13.61805,35.1211,0.0,0.0,0.0,0.0,2.0,4.0,0.0,2.0,2.0,6.0,0.802,3.756973,221.0,3.756973
mp-14254.cif,42,Nd1 Al1 O3,Nd,Al,Al,O,NdAlO3,3,0.6,8.109371841389273e-17,1.943358288401744e-33,0.5356715943775268,0.078630032325517,0.4415414123577003,0.0117008976674876,0.592977168923878,0.0236504394104094,1.6992445475993588e-39,4.0659785718072862e-78,-0.119134483,1.30362134606703,-0.407308857,0.699280485394249,1.348359556989266,0.1200154160771399,36.15384260439047,0.035770554925103,11.083694986722175,19.410385122641934,0.0334014067148164,0.002224486700953,45.94318544708393,301.5856989977979,25.422394013285693,225.78983653942225,7.387087789703632,15.416894014877268,35.280077405029665,307.80839297673447,32.949906615220655,353.00467923982967,32.94990661522065,353.0046792398296,0.9164964832129592,0.0139030418809565,1.1383531566361669,0.0381661579246376,0.1218089825692589,0.0295841386809944,0.8613553038481808,0.0013430252990591,2.79637666371604,0.9585375369205892,1.3340140671481624,0.2224486700953052,0.2463501745337347,0.0005113613455437,180.0,0.0,78.0543500442594,215.67094580713257,101.9456499557406,215.67094580713257,36.15384260439047,0.035770554925103,104.09051453062604,23.09996243309488,2.347959831796261,0.0964531201058902,8.389129991148119,8.626837832285302,0.2040198884791658,0.0003235279038188,96.03095940931388,31.71203561258805,37.326067242851366,19.696721328187905,-0.236183563,0.1112242891821663,1.3340140671481624,0.2224486700953052,0.2583958727524709,0.1331286240644754,0.1218089825692589,0.0295841386809944,2.4340917893804184,0.1173490179225067,2.175695916627947,0.1434137405156407,27.0,81.0,0.2307692307692307,1.0,3.0,2.076923076923077,6.0,6.0,0.0,0.2,27.0,243.0,0.6923076923076923,1.0,2.0,1.3076923076923077,18.0,18.0,0.0,0.6862745098039215,81.0,1.0,0.0,0.0,-0.678436506,0.9685585238612098,2.3318189882291422,2.641262090381904,-0.613803443,0.1772730401012859,0.2188093159236195,0.364682193206032,7.2,12.0,0.0,0.0,3.078880722229141,3.735308669999999,0.0,0.0,4.618827876978338e-16,6.10342239802965e-16,2.581262874859388,3.234872199196261,-1.362846628,-1.230441233,2.581262874859389,3.234872199196265,-1.162109906,-1.004602143,1.3263867213697262e-15,1.9423321643177e-15,-2.781479977,-2.781479977,-1.072319991,-1.072319991,2.903782976091173,6.083155549909696,1.8723199845743448,6.376199947467815,1.14,5.525,10.72,0.0,0.0,10.0,4.0,0.0,0.0,0.0,2.0,10.0,6.0,31.4,-8.290709932,-2.361949981,-2.361949981,-2.361949981,0.4441415743394725,5.425257643300485,0.4751699960851733,5.362649955818243,1.61,5.985768,18.82855,0.0,0.0,0.0,0.0,5.0,1.0,0.0,2.0,5.0,3.0,6.8,-9.787249919,-9.787269919,3.47662997135677,-9.787269919,-3.814405005,16.99279956799987,-3.66805997,16.856479861122974,3.44,13.61805,35.1211,0.0,0.0,0.0,0.0,2.0,4.0,0.0,2.0,2.0,6.0,0.802,5.282518443181262,221.0,5.282518443181262
mp-1432347.cif,43,Y1 Cu1 O3,Y,Cu,Cu,O,YCuO3,3,0.6,1.9132606735454062e-16,6.648977413170272e-33,0.5159552029663942,0.0805410145318663,0.4491471754674542,0.0119852700196229,0.5821640043938423,0.0242252270271629,-2.75e-38,1.049197046062998e-75,0.1887285690964659,1.925029634326019,0.1310465162631792,0.9281393078585164,1.593699561422837,3.918347136873525e-19,36.16714096285892,0.036639902390729,11.39347277897209,19.88212473015216,0.0311245656443332,0.0021437179778848,48.22278606713819,323.5237178194694,27.42708240758701,249.17017408496943,7.661911549984735,15.613152023905675,37.321933415247166,330.59328027581154,35.09579727495475,380.350360645521,35.09579727495474,380.3503606455208,0.9221885858891667,0.0133982373617806,1.1289221721285454,0.0367803857198998,0.1149292492491848,0.0292295541443951,0.8639378612821705,0.0013637028971696,2.8652161731049093,0.9818333200075142,1.3112456564433308,0.2143717977884908,0.2509418367597307,0.0003878435988778,179.99999999999997,8.07793566946316e-28,77.02175740342634,220.9124970016909,102.97824259657364,220.9124970016909,36.16714096285892,0.036639902390729,103.75257515021224,23.66137157968519,2.392477631186665,0.0989111190660614,8.595648519314727,8.836499880067628,0.2087290739487001,0.0003081747558592,81.94272289483564,30.216676152102167,34.64522786635306,13.028745210728596,-0.220083871,0.1071858563162009,1.3112456564433308,0.2143717977884908,0.2438017545023333,0.1315329936497788,0.1149292492491848,0.0292295541443951,2.4737448826874435,0.1169075666984215,2.22994312818511,0.1506068862345273,27.0,81.0,0.2307692307692307,1.0,3.0,2.076923076923077,6.0,6.0,0.0,0.2,27.0,243.0,0.6923076923076923,1.0,2.0,1.3076923076923077,18.0,18.0,0.0,0.6862745098039215,81.0,1.0,0.0,0.0,-0.806209245,0.8697297795133458,2.3610628445350947,2.6743867408918254,-0.401537682,0.1975539406545376,0.2215534518216352,0.369255753036058,7.2,12.0,-0.577514648,-0.577514648,3.1174936445350934,3.782153999999999,0.45703125,0.45703125,7.389228823012843e-16,8.062752755996188e-16,2.6136350619722486,3.2754414450249265,-0.9129423,-0.687380029,2.6136350619722504,3.275441445024929,0.1534691969655376,1.352961095772698,1.0486467909469236e-15,1.290493325102167e-15,-4.194639965,-1.786549985,-1.786549985,-1.786549985,1.4214937782972672,5.508482824605309,1.4791099878139202,5.399529955514396,1.22,6.2173,12.224,9.0,1.0,0.0,0.0,0.0,0.0,0.0,2.0,9.0,3.0,22.7,-4.473869963,-4.473869963,-4.473869963,-4.473869963,-1.377390789,7.885906405023617,-1.356039989,7.832129935472711,1.9,7.72638,20.2924,0.0,10.0,0.0,0.0,0.0,0.0,1.0,1.0,1.0,11.0,6.15,-9.787249919,-9.787269919,3.47662997135677,-9.787269919,-3.814405005,16.99279956799987,-3.66805997,16.856479861122974,3.44,13.61805,35.1211,0.0,0.0,0.0,0.0,2.0,4.0,0.0,2.0,2.0,6.0,0.802,3.782154,221.0,3.782154
mp-1433326.cif,44,Y1 Ni1 O3,Y,Ni,Ni,O,YNiO3,3,0.6,6.80610361155355e-17,5.059144113035814e-35,0.531247452300333,0.0791264908658049,0.4432480622157484,0.011774775426459,0.5905508133506193,0.0237997648307304,3.57283013112129e-40,1.965813527071562e-80,0.2634906760514879,1.8912207731954416,0.1829587128093633,0.9118386066071285,1.5936995614565674,3.849523324919309e-19,36.15682665769566,0.0359964040519633,11.153205727135823,19.532939459444428,0.0329857709261356,0.002210516009022,46.73812037898064,309.8219392885071,26.10171716022656,234.95188070016687,7.4458973569731555,15.490923124993518,35.95714055153962,316.3486948149329,33.62930791911608,363.34037330044623,33.629307919116066,363.3403733004456,0.9175355726846612,0.0138157250563878,1.1366315368293742,0.037926458746249,0.1209879881897669,0.0297388998087428,0.8619123117690564,0.0013500918405629,2.8118234949190715,0.9645896029355274,1.3298577092613535,0.2210516009022058,0.245886014327331,0.0006410355866691,180.0,0.0,77.82264757621391,217.0326606604937,102.17735242378608,217.0326606604937,36.15682665769566,0.0359964040519633,104.01468466130638,23.245812249256154,2.3653739363786017,0.0973900263587386,8.435470484757216,8.681306426419747,0.2114772250354226,0.0003892201261158,85.54141654415812,53.712459233354494,37.06189831233271,18.865630361240427,-0.233244576,0.1105257556543352,1.3298577092613535,0.2210516009022058,0.2566542806733067,0.1338250491393428,0.1209879881897669,0.0297388998087428,2.450925363269704,0.117697847438083,2.1942710825963974,0.1459910836262783,27.0,81.0,0.2307692307692307,1.0,3.0,2.076923076923077,6.0,6.0,0.0,0.2,27.0,243.0,0.6923076923076923,1.0,2.0,1.3076923076923077,18.0,18.0,0.0,0.6862745098039215,81.0,1.0,0.0,0.0,0.0771609090643075,5.002575995025664,2.3452864429906075,2.65651673831768,-0.559494577,0.6289263468056809,0.2200730523364644,0.3667884205607736,7.2,12.0,-0.468328909,1.4591942916604728,3.096662842990607,3.756882000000001,-0.799545556,-0.279350827,8.566669136536514e-16,1.2589781880886414e-15,2.596170996446053,3.253555251020486,-0.294933544,1.2004023610675612,2.596170996446056,3.2535552510204875,-0.42762281,1.0777632175954854,8.287588433610017e-16,1.1386428352499368e-15,-4.194639965,-1.786549985,-1.786549985,-1.786549985,1.4214937782972672,5.508482824605309,1.4791099878139202,5.399529955514396,1.22,6.2173,12.224,9.0,1.0,0.0,0.0,0.0,0.0,0.0,2.0,9.0,3.0,22.7,-2.825219977,-2.825229977,-2.697169978,-2.825229977,-0.396642997,8.055245913651854,-0.517239996,7.938709934594622,1.91,7.6398,18.16884,2.0,8.0,0.0,0.0,0.0,0.0,0.0,2.0,2.0,10.0,6.8,-9.787249919,-9.787269919,3.47662997135677,-9.787269919,-3.814405005,16.99279956799987,-3.66805997,16.856479861122974,3.44,13.61805,35.1211,0.0,0.0,0.0,0.0,2.0,4.0,0.0,2.0,2.0,6.0,0.802,3.756882,221.0,3.756882
mp-1434307.cif,45,Y1 Mn1 O3,Y,Mn,Mn,O,YMnO3,3,0.6,1.0218381461467062e-16,8.852446277775269e-34,0.5342938906510026,0.0787888295089889,0.4420728731083451,0.0117245282007423,0.5922215876028388,0.0236982026257506,1.996952247954765e-39,7.106926407496746e-78,0.2783843744755109,1.8831502500959296,0.193300376940801,0.9079474614579488,1.5936995614632874,3.8330919746697843e-19,36.15477178942132,0.0358428010301532,11.105341037963388,19.44958534164757,0.0324163257415325,0.0021908143995721,49.31998579050331,353.02316038306066,28.3200896767552,283.00359627090614,7.431070919729615,15.29086949129571,37.87490466016531,359.954196611368,35.444594566861404,410.6000203762666,35.4445945668614,410.6000203762664,0.9189591856461684,0.0136925899973256,1.134272817644469,0.0375884325682035,0.1225507008091501,0.0313119135607978,0.8617307621093369,0.0013340403139421,2.8011868973251968,0.9604733502048182,1.3241632574153253,0.2190814399572108,0.2456260116584504,0.0006163986193069,180.0,0.0,77.98219654012203,216.10650379608424,102.01780345987795,216.10650379608424,36.15477178942132,0.0358428010301532,104.06690063341031,23.1466138530137,2.4307043989396053,0.1056990718812994,8.403560691975592,8.644260151843365,0.2009486335326553,0.0008041847296345,96.57870224685306,52.48579507943708,25.50884910515796,313.5196784525011,-0.229217995,0.1095406794324732,1.3241632574153253,0.2190814399572108,0.2599692947439417,0.1409036110235904,0.1225507008091501,0.0313119135607978,2.51736083052092,0.1282996659116056,2.257391535776978,0.1544336245030811,27.0,81.0,0.2307692307692307,1.0,3.0,2.076923076923077,6.0,6.0,0.0,0.2,27.0,243.0,0.6923076923076923,1.0,2.0,1.3076923076923077,18.0,18.0,0.0,0.6862745098039215,81.0,1.0,0.0,0.0,-0.678844305,1.15050976168527,2.417309661390109,2.738097768983515,-0.279067975,1.4463370957971178,0.2268314462032973,0.3780524103388284,7.2,12.0,-0.231445313,-0.231445313,3.1917606613901084,3.872254999999999,-1.556139397,-1.556139397,6.797021440188962e-16,8.417327136156249e-16,2.6758988229716065,3.3534711999313087,-1.012391818,-0.754008588,2.6758988229716074,3.35347119993131,0.2793082138761728,0.8216175983583308,7.127962033794352e-16,9.165101083499073e-16,-4.194639965,-1.786549985,-1.786549985,-1.786549985,1.4214937782972672,5.508482824605309,1.4791099878139202,5.399529955514396,1.22,6.2173,12.224,9.0,1.0,0.0,0.0,0.0,0.0,0.0,2.0,9.0,3.0,22.7,-4.293239965,-4.299769965,2.5982199785938063,-4.299769965,-0.789747513,7.106799981439508,-1.611869987,6.515149946323036,1.55,7.43402,15.64,5.0,5.0,0.0,0.0,0.0,0.0,0.0,2.0,5.0,7.0,9.4,-9.787249919,-9.787269919,3.47662997135677,-9.787269919,-3.814405005,16.99279956799987,-3.66805997,16.856479861122974,3.44,13.61805,35.1211,0.0,0.0,0.0,0.0,2.0,4.0,0.0,2.0,2.0,6.0,0.802,3.872255,221.0,3.872255
mp-1435972.cif,46,Y1 Co1 O3,Y,Co,Co,O,YCoO3,3,0.6,8.286316026782808e-17,1.1807101170920592e-34,0.5336868588443466,0.0788575925421525,0.4423070407115966,0.0117347607949631,0.5918886699475001,0.0237188852568193,4.8684093529634e-40,8.982183940047642e-80,0.2754166634564654,1.884793771441612,0.1912397020349205,0.9087398735523036,1.5936995614619485,3.836441355056549e-19,36.155181316868095,0.0358740708103293,11.114878532374522,19.46655998754852,0.0324809006566703,0.0021930811581985,47.198742438972126,322.17518845621305,26.51006029412984,247.05683497780944,7.435492001882905,15.32215790112862,36.25794866346868,328.57007164902484,33.93028346313127,375.1802285632103,33.93028346313125,375.18022856320994,0.918797748358324,0.0137067572387408,1.1345402957008606,0.037627323997708,0.1200541973209912,0.0299607909334043,0.8617784801917714,0.0013365977402015,2.8033063405276715,0.9613116043233836,1.324809006566703,0.2193081158198545,0.2412566484480279,0.0006526596957102,180.0,0.0,77.95040489208492,216.29511097276145,102.04959510791508,216.29511097276145,36.155181316868095,0.0358740708103293,104.05649614130476,23.166815252840248,2.3776224863941287,0.1007301597373375,8.409919021583015,8.651804438910453,0.1969037439928759,0.0006362439469206,86.66946992521773,7.157753369151228,25.733860955413856,328.1498204489424,-0.229674606,0.1096540144782384,1.324809006566703,0.2193081158198545,0.2546734111067424,0.1348235592003197,0.1200541973209912,0.0299607909334043,2.4625136234297096,0.1221635032514489,2.2078402123229672,0.1477458455093278,27.0,81.0,0.2307692307692307,1.0,3.0,2.076923076923077,6.0,6.0,0.0,0.2,27.0,243.0,0.6923076923076923,1.0,2.0,1.3076923076923077,18.0,18.0,0.0,0.6862745098039215,81.0,1.0,0.0,0.0,-1.020283701,-0.289497842,2.363358263515749,2.6769867725262486,-0.80604696,-0.546600641,0.2217688454947506,0.3696147424912505,7.2,12.0,-1.1875,-1.1875,3.120524463515748,3.785831,-1.105672453,-1.105672453,6.483735581321198e-16,7.251946429389431e-16,2.6161760309869626,3.2786258204346432,-0.709250647,0.9571875000000007,2.6161760309869635,3.278625820434646,0.6027252820464846,1.6629622242778097,1.2985915434123754e-15,2.0368662253695618e-15,-4.194639965,-1.786549985,-1.786549985,-1.786549985,1.4214937782972672,5.508482824605309,1.4791099878139202,5.399529955514396,1.22,6.2173,12.224,9.0,1.0,0.0,0.0,0.0,0.0,0.0,2.0,9.0,3.0,22.7,-3.266299973,-3.266309973,-3.199689974,-3.266309973,-0.886438853,7.496390708240698,-0.985829992,7.265179940143695,1.88,7.88101,17.084,3.0,7.0,0.0,0.0,0.0,0.0,0.0,2.0,3.0,9.0,7.5,-9.787249919,-9.787269919,3.47662997135677,-9.787269919,-3.814405005,16.99279956799987,-3.66805997,16.856479861122974,3.44,13.61805,35.1211,0.0,0.0,0.0,0.0,2.0,4.0,0.0,2.0,2.0,6.0,0.802,3.785831,221.0,3.785831
mp-1436662.cif,47,Y1 Ti1 O3,Y,Ti,Ti,O,YTiO3,3,0.6,7.058936509260514e-17,5.529431594011646e-34,0.5250593472109755,0.0797552241852166,0.4456351755787618,0.0118683369323238,0.5871570382390849,0.0239888760244597,2.877163872163922e-40,8.510136397332939e-80,0.2332377182009566,1.9062482753816337,0.1619521152426969,0.9190840096020898,1.5936995614429186,3.880112720011088e-19,36.16100036993347,0.0362824124608327,11.250431304211212,19.688146770293496,0.0322855039435378,0.0021861966294655,50.56160097370214,359.5451005341288,29.39938270841999,293.123334490402,7.531722417834674,15.561247006465956,38.99535287261823,367.26913862341087,36.54882119278236,422.3150189370983,36.54882119278235,422.31501893709816,0.9192862401411556,0.0136637289341598,1.1337309360146344,0.0375092041587598,0.1227106528498377,0.0315819262003859,0.8627194788299999,0.0013573108300286,2.833429178713603,0.9722541614959752,1.3228550394353782,0.2186196629465586,0.2425154307401378,0.00069822253792,180.0,0.0,77.49856231929596,218.7571863365945,102.50143768070406,218.7571863365945,36.16100036993347,0.0362824124608327,103.90862037923416,23.430521961442626,2.456033892048445,0.1045598300103132,8.500287536140808,8.750287453463777,0.2065691754109086,0.0003263621099194,89.32943029535559,96.01281959498776,34.55093348132344,13.0849966456492,-0.228292946,0.1093097916566035,1.3228550394353782,0.2186196629465586,0.2603086042618462,0.1421186679017367,0.1227106528498377,0.0315819262003859,2.542803426802394,0.1252081520388156,2.2824948225405475,0.158008964554466,27.0,81.0,0.2307692307692307,1.0,3.0,2.076923076923077,6.0,6.0,0.0,0.2,27.0,243.0,0.6923076923076923,1.0,2.0,1.3076923076923077,18.0,18.0,0.0,0.6862745098039215,81.0,1.0,0.0,0.0,-0.113040609,3.079417558837547,2.4302725047769123,2.752780841294854,-0.507344277,1.0257034280613246,0.2280478317410296,0.3800797195683822,7.2,12.0,-0.694765162,-0.405991736,3.208876504776911,3.893019999999999,-0.336631297,1.012458458009828,7.967709952813825e-16,1.2848207995091677e-15,2.690248352911914,3.371454217440893,-0.961994211,0.1167091836734695,2.6902483529119148,3.371454217440893,0.1884142408995556,1.1897148937681294,8.526534815345021e-16,1.2633220015278617e-15,-4.194639965,-1.786549985,-1.786549985,-1.786549985,1.4214937782972672,5.508482824605309,1.4791099878139202,5.399529955514396,1.22,6.2173,12.224,9.0,1.0,0.0,0.0,0.0,0.0,0.0,2.0,9.0,3.0,22.7,-4.762429961,-3.553389971,-3.553389971,-3.553389971,0.7799878335735743,7.4794458083788,0.8744399927956709,7.940329934581274,1.54,6.82812,13.5755,8.0,2.0,0.0,0.0,0.0,0.0,0.0,2.0,8.0,4.0,14.6,-9.787249919,-9.787269919,3.47662997135677,-9.787269919,-3.814405005,16.99279956799987,-3.66805997,16.856479861122974,3.44,13.61805,35.1211,0.0,0.0,0.0,0.0,2.0,4.0,0.0,2.0,2.0,6.0,0.802,3.89302,221.0,3.89302
mp-1503976.cif,48,Y1 Mo1 O3,Y,Mo,Mo,O,YMoO3,3,0.6,4.948053707115549e-17,5.20550927950724e-34,0.528625648107256,0.079402225568723,0.4442594451405895,0.011815807376298,0.5891129234490591,0.0238827006593425,-6.56e-41,1.663621497261499e-79,0.2506729668173772,1.8978111728497629,0.1740585430825612,0.9150161207942362,1.5936995614507845,3.8629392440916017e-19,36.158594957659865,0.0361218586015692,11.194398696868832,19.601006540393364,0.0326812831629053,0.0022000620471165,55.519169843800825,435.72817872683794,33.808346664619386,391.4704302025453,7.482493969692069,15.52112190196345,42.75765553729205,444.981219850056,40.02657145091453,511.3115252759447,40.02657145091452,511.3115252759449,0.9182967920927366,0.0137503877944782,1.135370307218309,0.0377470971160566,0.1304428099727002,0.0350491121330609,0.8622561363097567,0.0013532046841233,2.820977488193074,0.9679509402663388,1.3268128316290513,0.2200062047116527,0.247150703962777,0.0006396831189752,180.0,0.0,77.68533767710387,217.78896155992663,102.31466232289613,217.78896155992663,36.158594957659865,0.0361218586015692,103.96974684983644,23.32681748891904,2.5761370043308136,0.1153464471587457,8.462932464579222,8.711558462397052,0.2025364876854569,0.0008562045279454,91.46685037066354,3.0900284547433152,26.359002447644706,337.81910721353466,-0.231091533,0.1100030677561776,1.3268128316290513,0.2200062047116527,0.2767109864661745,0.1577210045987747,0.1304428099727002,0.0350491121330609,2.668373999819539,0.1388536291979192,2.391663013353364,0.1734794194795825,27.0,81.0,0.2307692307692307,1.0,3.0,2.076923076923077,6.0,6.0,0.0,0.2,27.0,243.0,0.6923076923076923,1.0,2.0,1.3076923076923077,18.0,18.0,0.0,0.6862745098039215,81.0,1.0,0.0,0.0,-0.752988874,1.14661678162841,2.552121359820656,2.890799599701093,-0.808558395,-0.231750176,0.2394816800597818,0.3991361334329688,7.2,12.0,-0.477023743,-0.477023743,3.3697629598206538,4.088207999999998,-0.319946748,-0.319946748,8.98571043856966e-16,1.1862920798944078e-15,2.825131861218618,3.5404919839547686,-0.86576329,-0.686385042,2.8251318612186203,3.540491983954772,-0.678456989,-0.306913649,1.3765454325845405e-15,1.7220722000600702e-15,-4.194639965,-1.786549985,-1.786549985,-1.786549985,1.4214937782972672,5.508482824605309,1.4791099878139202,5.399529955514396,1.22,6.2173,12.224,9.0,1.0,0.0,0.0,0.0,0.0,0.0,2.0,9.0,3.0,22.7,-4.383179964,-4.383179964,-4.365489964,-4.383179964,-1.305812289,6.741639444492492,-1.383299989,6.258549948437109,2.16,7.09243,16.16,5.0,5.0,0.0,0.0,0.0,0.0,1.0,1.0,6.0,6.0,12.8,-9.787249919,-9.787269919,3.47662997135677,-9.787269919,-3.814405005,16.99279956799987,-3.66805997,16.856479861122974,3.44,13.61805,35.1211,0.0,0.0,0.0,0.0,2.0,4.0,0.0,2.0,2.0,6.0,0.802,4.088208,221.0,4.088208
mp-18717.cif,49,Sr1 V1 O3,Sr,V,V,O,SrVO3,3,0.6,1.2713362800492666e-16,4.702405667930652e-34,0.5426107378249796,0.0777724994842827,0.4388645796581767,0.0115732886137325,0.5967828399632782,0.0233925096105069,3.9268143365333365e-39,1.0604018069697812e-77,-0.087976656,1.3056746741174303,-0.387895544,0.7141695855756547,1.34668035391197,0.1204220531862048,36.14916228519994,0.0353804386370586,10.97466932921552,19.19869701554865,0.033630019026014,0.0022320237229113,49.59182105619536,358.30597705487503,28.498552411524606,291.36424117464765,7.307545648696593,15.215703405777944,37.95903781136442,365.2487469270036,35.40030612141375,416.679297020374,35.40030612141374,416.6792970203738,0.9159249524349652,0.0139501482681958,1.1393000998344027,0.038295472777461,0.1280793132901581,0.0323744620679965,0.8605815858096184,0.0013253446633051,2.772148739825671,0.9480838032369702,1.33630019026014,0.2232023722911337,0.249113719210835,0.0003758869602113,180.00000000000003,8.077935669463161e-28,78.41776890261494,213.3188557283183,101.58223109738508,213.3188557283184,36.14916228519994,0.0353804386370586,104.20945160673148,22.848036153184136,2.4434868632448,0.1064600415081926,8.316446219477013,8.532754229132731,0.2051235357289647,0.0002980492283755,92.05300578905462,146.25821272741862,35.43249077290504,8.835918629594275,-0.237800102,0.1116011457398286,1.33630019026014,0.2232023722911337,0.2716972528715615,0.1456850793059848,0.1280793132901581,0.0323744620679966,2.5340526142019875,0.1308994950335002,2.2623553613304264,0.1547045206615672,27.0,81.0,0.2307692307692307,1.0,3.0,2.076923076923077,6.0,6.0,0.0,0.2,27.0,243.0,0.6923076923076923,1.0,2.0,1.3076923076923077,18.0,18.0,0.0,0.6862745098039215,81.0,1.0,0.0,0.0,-0.102704974,3.504941337558379,2.435186087261744,2.7583464787695724,0.0992752950233174,1.4133085972317847,0.2285089042460857,0.3808481737434758,7.2,12.0,-1.03970793,-1.03970793,3.215364287261743,3.900891000000001,1.2671520286001494,1.2671520286001494,6.709298708224885e-16,7.548065156004908e-16,2.6956875607212165,3.37827070339408,-0.836494621,-0.471482703,2.6956875607212183,3.378270703394083,-0.565861561,1.1785676755234604,9.346010492157905e-16,1.4211368698048084e-15,-3.709159969,-3.709159969,-0.900649993,-0.900649993,1.114752790845946,5.960128210919736,1.1364599906369428,5.964719950857914,0.95,5.69485,11.0301,0.0,0.0,0.0,0.0,0.0,0.0,0.0,2.0,0.0,2.0,25.55,-5.049649958,-4.732499961,-4.732499961,-4.732499961,0.0159499298721872,7.479533828386128,0.1019599991599727,7.555189937754362,1.63,6.74619,14.618,7.0,3.0,0.0,0.0,0.0,0.0,0.0,2.0,7.0,5.0,12.4,-9.787249919,-9.787269919,3.47662997135677,-9.787269919,-3.814405005,16.99279956799987,-3.66805997,16.856479861122974,3.44,13.61805,35.1211,0.0,0.0,0.0,0.0,2.0,4.0,0.0,2.0,2.0,6.0,0.802,3.900891,221.0,3.900891
mp-18747.cif,50,Sr1 Mo1 O3,Sr,Mo,Mo,O,SrMoO3,3,0.6,1.464918398910853e-16,7.907671930565739e-33,0.5415258184013543,0.0779129241708092,0.4392830964119374,0.0115941851444656,0.5961878318816843,0.0234347467232512,1.9149295916444323e-38,7.615065585957713e-76,-0.088431195,1.313306046801145,-0.384317363,0.7178939758613054,1.349623499714911,0.119705618784523,36.1498940114595,0.0354443189120315,10.991715244809884,19.23336185245121,0.0332293293371293,0.0022187446055175,54.28723626121232,431.3272551882399,32.661376494331144,383.4036605751076,7.330930283092722,15.186125201127885,41.56451110469532,439.5676571472556,38.79798252651543,500.662446531827,38.797982526515405,500.6624465318261,0.9169266766571772,0.0138671537844844,1.1376403888000104,0.038067639142252,0.1323827591137619,0.0352149453816674,0.8607887119108311,0.0013235411305258,2.775936721068864,0.9497956470346278,1.33229329337129,0.2218744605517517,0.2467978998680599,0.0005722478032626,180.00000000000003,8.077935669463161e-28,78.36094918396704,213.70402058279123,101.63905081603298,213.70402058279123,36.1498940114595,0.0354443189120315,104.1908560485305,22.88929019057958,2.555385100199852,0.11725170034578,8.32781016320659,8.548160823311651,0.2067241221796593,0.00022469282402,92.58263906319442,7.813160703133089,26.85380017498436,361.7889472566399,-0.234966804,0.1109371951863367,1.33229329337129,0.2218744605517517,0.2808262400445792,0.1584672542175034,0.1323827591137619,0.0352149453816674,2.648993846881378,0.1439045465093406,2.3681676068367987,0.1695908441636614,27.0,81.0,0.2307692307692307,1.0,3.0,2.076923076923077,6.0,6.0,0.0,0.2,27.0,243.0,0.6923076923076923,1.0,2.0,1.3076923076923077,18.0,18.0,0.0,0.6862745098039215,81.0,1.0,0.0,0.0,0.3141355525464206,5.819848019069923,2.547358849240453,2.885405082067421,-0.484168694,0.4376369966727426,0.2390347835865161,0.3983913059775262,7.2,12.0,-0.599227567,-0.132963989,3.363474649240452,4.080578999999999,0.1081767058982682,0.5748932135512017,8.575621604346296e-16,1.290493325102167e-15,2.819859886072238,3.533885076149298,-0.221952622,1.8102605164574337,2.81985988607224,3.5338850761492986,0.2144224892729712,1.1954751691007175,1.0371622921973845e-15,1.446607299555744e-15,-3.709159969,-3.709159969,-0.900649993,-0.900649993,1.114752790845946,5.960128210919736,1.1364599906369428,5.964719950857914,0.95,5.69485,11.0301,0.0,0.0,0.0,0.0,0.0,0.0,0.0,2.0,0.0,2.0,25.55,-4.383179964,-4.383179964,-4.365489964,-4.383179964,-1.305812289,6.741639444492492,-1.383299989,6.258549948437109,2.16,7.09243,16.16,5.0,5.0,0.0,0.0,0.0,0.0,1.0,1.0,6.0,6.0,12.8,-9.787249919,-9.787269919,3.47662997135677,-9.787269919,-3.814405005,16.99279956799987,-3.66805997,16.856479861122974,3.44,13.61805,35.1211,0.0,0.0,0.0,0.0,2.0,4.0,0.0,2.0,2.0,6.0,0.802,4.080579,221.0,4.080579
mp-18770.cif,51,Y1 Cr1 O3,Y,Cr,Cr,O,YCrO3,3,0.6,1.0323921462369121e-16,3.193223112986157e-34,0.5292838192239853,0.079334298230429,0.4440055501201905,0.0118056991414328,0.5894738877059408,0.0238622693896212,1.3884746433459666e-39,1.4901507870350469e-78,0.2538906922382158,1.8961876256427044,0.1762928192591106,0.9142333390883524,1.593699561452237,3.859630491323079e-19,36.15815108749901,0.036090940253179,11.184057717568331,19.584238191740205,0.0334181844824762,0.0022250433941428,49.405845844903226,340.51225582701835,28.34814703773146,272.7226321487209,7.453492943904605,15.631225735715716,38.054792710958125,348.0448890890369,35.5730942775456,401.7601231905765,35.573094277545586,401.7601231905761,0.9164545387938096,0.0139065212133924,1.1384226524252778,0.0381757092697576,0.1257387067742223,0.0315000149224641,0.8620139004826084,0.0013612748894981,2.818679492792963,0.967122873666183,1.3341818448247618,0.2225043394142805,0.2471742370925347,0.0006347519093576,180.0,0.0,77.71980760810554,217.60264657489128,102.28019239189446,217.60264657489128,36.15815108749901,0.036090940253179,103.98102794447092,23.30686198025278,2.4314813281213863,0.1008346696154395,8.45603847837889,8.704105862995647,0.2091938122744909,0.0003382538345209,92.88936769330697,165.97240265961608,35.9495349705504,9.996057293431342,-0.236302204,0.1112521279356522,1.3341818448247618,0.2225043394142805,0.2667320766530387,0.141750067151089,0.1257387067742223,0.0315000149224641,2.5203920203390666,0.1214868253020164,2.253659943686028,0.154030403009679,27.0,81.0,0.2307692307692307,1.0,3.0,2.076923076923077,6.0,6.0,0.0,0.2,27.0,243.0,0.6923076923076923,1.0,2.0,1.3076923076923077,18.0,18.0,0.0,0.6862745098039215,81.0,1.0,0.0,0.0,-0.96160168,0.4178941166568468,2.4058381848634585,2.7251039747724306,-0.421023188,0.2488505686241989,0.2257550050455142,0.3762583417425231,7.2,12.0,-1.961538462,-1.961538462,3.176613984863458,3.853879,-1.019049331,-1.019049331,6.113808869157013e-16,8.715754899360528e-16,2.6632001972945973,3.337557117111366,-0.080755928,0.5186744099312692,2.6632001972945987,3.337557117111368,-0.679490885,0.6520350560251451,7.34986623857477e-16,9.32313171241992e-16,-4.194639965,-1.786549985,-1.786549985,-1.786549985,1.4214937782972672,5.508482824605309,1.4791099878139202,5.399529955514396,1.22,6.2173,12.224,9.0,1.0,0.0,0.0,0.0,0.0,0.0,2.0,9.0,3.0,22.7,-4.787509961,-4.787509961,-4.710739961,-4.787509961,-3.386652872,7.192547130741292,-0.713879994,7.198049940696766,1.66,6.76651,16.4857,5.0,5.0,0.0,0.0,0.0,0.0,1.0,1.0,6.0,6.0,11.6,-9.787249919,-9.787269919,3.47662997135677,-9.787269919,-3.814405005,16.99279956799987,-3.66805997,16.856479861122974,3.44,13.61805,35.1211,0.0,0.0,0.0,0.0,2.0,4.0,0.0,2.0,2.0,6.0,0.802,3.853879,221.0,3.853879
mp-18841.cif,52,La1 Cr1 O3,La,Cr,Cr,O,LaCrO3,3,0.6,9.771638058428748e-17,2.6572192177795797e-34,0.5470537204592607,0.0771728692674673,0.4371506618974442,0.0114840579267064,0.5992195283626294,0.0232121520843554,-1.56e-39,2.2627532729608646e-78,-0.051561578,1.3341216831065592,-0.350812137,0.7444760023335515,1.3555979692735585,0.1181980072799461,36.14616564648627,0.0351076527635247,10.904862571845344,19.05067401345481,0.0324159451210012,0.0021908010140123,49.6976008401474,374.22937166860095,28.64223923163743,305.8035927415679,7.2974300276002015,14.8535606717528,37.92571697070364,380.56858574651386,35.42603997512465,428.9947145141153,35.42603997512464,428.994714514115,0.9189601371974974,0.0136925063375771,1.134271241062606,0.0375882029083062,0.1242866123947649,0.0322058123502436,0.8604073674415096,0.0012963934241949,2.756636127076743,0.9407740253557928,1.3241594512100094,0.2190801014012349,0.2467300392377307,0.0005550666673976,180.0,0.0,78.65045809384884,211.6741557050537,101.34954190615116,211.6741557050537,36.14616564648627,0.0351076527635247,104.28560446218393,22.671876571622853,2.4470443764169176,0.1118292550974972,8.269908381230229,8.466966228202137,0.2140405676553048,0.0001272659104093,92.62570196420162,61.6596419851863,37.9001769625449,21.229983616933144,-0.229215305,0.1095400118313958,1.3241594512100094,0.2190801014012349,0.263651719305128,0.1449261555760974,0.124286612394765,0.0322058123502437,2.534928282851961,0.1382598430156812,2.2712765635468326,0.1555855163118609,27.0,81.0,0.2307692307692307,1.0,3.0,2.076923076923077,6.0,6.0,0.0,0.2,27.0,243.0,0.6923076923076923,1.0,2.0,1.3076923076923077,18.0,18.0,0.0,0.6862745098039215,81.0,1.0,0.0,0.0,-0.805975678,0.3706140262095712,2.4515792617061183,2.776915102843531,-0.378106535,0.1716971422756156,0.230047179431294,0.3834119657188229,7.2,12.0,3.6967652697226328,3.6967652697226328,3.2370094617061174,3.927150999999998,-2.368007695,-2.368007695,6.912899232949894e-16,8.417327136156249e-16,2.713834377780328,3.4010125304974586,-0.09069092,0.999733444398168,2.7138343777803304,3.4010125304974617,-0.683062571,1.2563712823211473,1.0684677110353289e-15,1.4901333372703026e-15,-3.59120997,-2.347539981,-2.347539981,-2.347539981,0.7574954937130738,5.540775954341044,0.79851999342116,5.6713799532746805,1.1,5.5769,11.059,9.0,1.0,0.0,0.0,0.0,0.0,0.0,2.0,9.0,3.0,31.1,-4.787509961,-4.787509961,-4.710739961,-4.787509961,-3.386652872,7.192547130741292,-0.713879994,7.198049940696766,1.66,6.76651,16.4857,5.0,5.0,0.0,0.0,0.0,0.0,1.0,1.0,6.0,6.0,11.6,-9.787249919,-9.787269919,3.47662997135677,-9.787269919,-3.814405005,16.99279956799987,-3.66805997,16.856479861122974,3.44,13.61805,35.1211,0.0,0.0,0.0,0.0,2.0,4.0,0.0,2.0,2.0,6.0,0.802,3.927151,221.0,3.927151
mp-1207179.cif,53,Sm1 Sb1 O3,Sm,Sb,Sb,O,SmSbO3,3,0.6,1.2494188711563114e-16,1.6761981545709782e-33,0.5401312392829767,0.0780899712724162,0.4398210669863196,0.0116205314393476,0.5954229955004865,0.0234879991717814,4.429432437909467e-40,1.7676303246879547e-78,-0.088733218,1.323613967877642,-0.379295282,0.7230204896107177,1.3535779795741003,0.1187157241659159,36.15083472753917,0.0355248681897856,11.013626436944412,19.27706719410503,0.0326909532557125,0.002200396900804,59.442592090727786,520.3994281984512,37.45500033144984,505.5677341853839,7.361689026958238,15.1424945346533,45.527101104481886,530.1455671822589,42.548210338298006,602.5009192852202,42.54821033829799,602.50091928522,0.9182726168607188,0.0137524806300254,1.1354103620542104,0.0377528422970526,0.1362523938929778,0.0382238244718988,0.8610604619270203,0.0013207964204678,2.7808058748765365,0.9519539355113592,1.3269095325571238,0.2200396900804066,0.2486158347233779,0.00056411926718,180.0,0.0,78.28791187685195,214.189635490056,101.71208812314804,214.189635490056,36.15083472753917,0.0355248681897856,104.16695297787882,22.941303107034063,2.672373746724589,0.1294631339960175,8.34241762462961,8.567585419602235,0.2139367939096118,0.0001143946518934,84.56760571834945,39.43493783862829,37.36519553248822,19.69388901994858,-0.231159915,0.1100198146487641,1.3269095325571238,0.2200396900804066,0.2890349750238755,0.1720072101235446,0.1362523938929776,0.0382238244718987,2.7687187383992145,0.1585114574933478,2.479683763375339,0.1860379604170533,27.0,81.0,0.2307692307692307,1.0,3.0,2.076923076923077,6.0,6.0,0.0,0.2,27.0,81.0,0.2307692307692307,1.0,3.0,2.076923076923077,6.0,6.0,0.0,0.2,81.0,1.0,0.0,0.0,-0.634274165,1.7339319470699437,2.664997667404802,3.0186551123413388,-0.275855595,1.752791850091172,0.2500735775317326,0.4167892958862204,7.2,12.0,-0.453125,-0.453125,3.5188022674048023,4.269022999999999,-1.471441311,-1.471441311,8.175101133992249e-16,1.0255800994045674e-15,2.950082993227129,3.6970823673400535,-0.658438116,-0.415192508,2.950082993227129,3.697082367340053,1.3726984516773613,1.4404965600908677,9.200334281421285e-16,1.3198741729282636e-15,-3.504979971,-1.789769985,-1.789769985,-1.789769985,-7.811453736,-3.64157787,2.026719983302276,6.161479949236849,1.17,5.6437,11.07,0.0,0.0,8.0,6.0,0.0,0.0,0.0,2.0,8.0,8.0,28.8,-4.90672996,-4.90672996,-4.90672996,-4.90672996,-1.673612686,8.358098431195685,-1.655039986,8.322429931433232,2.05,8.60839,16.63,0.0,10.0,0.0,0.0,3.0,3.0,0.0,2.0,3.0,15.0,6.6,-9.787249919,-9.787269919,3.47662997135677,-9.787269919,-3.814405005,16.99279956799987,-3.66805997,16.856479861122974,3.44,13.61805,35.1211,0.0,0.0,0.0,0.0,2.0,4.0,0.0,2.0,2.0,6.0,0.802,4.269023,221.0,4.269023
mp-19025.cif,54,La1 Mn1 O3,La,Mn,Mn,O,LaMnO3,3,0.6,5.877072654873478e-17,1.183352076883548e-34,0.540884605845303,0.0779948116017493,0.4395304495255287,0.0116063707740698,0.5958361682976783,0.0234593769270887,3.2429741793034793e-40,2.541770281972858e-80,-0.083751754,1.3265377777513658,-0.374793858,0.7266723222395649,1.3543659353505593,0.1185147444108743,36.150326586092696,0.0354815725923132,11.00178977649444,19.25357634968898,0.0325836783277471,0.0021966717394085,50.66564212592156,379.8658793932433,29.47840392091292,314.72356818658625,7.3570161678305475,15.098197275721496,38.78778681997478,386.868289601262,36.25309357172836,439.0517657862956,36.25309357172834,439.0517657862956,0.9185408041806322,0.0137291983713037,1.134966014753552,0.0376889286319123,0.1254774888737824,0.0325759118401583,0.8610076462709447,0.0013171879609801,2.7781755058876536,0.9507938938118016,1.3258367832774711,0.2196671739408613,0.2530765058889673,0.0002455784605129,180.0,0.0,78.32736741168519,213.92862610765536,101.67263258831484,213.92862610765533,36.150326586092696,0.0354815725923132,104.17986569333648,22.91334712116594,2.4674849987082803,0.1109708282843355,8.33452651766296,8.557145044306212,0.2078631097224541,0.0003197171566174,93.44850653447632,172.5183054352798,36.36704953902536,11.798605684466374,-0.230401359,0.1098335485052367,1.3258367832774711,0.2196671739408613,0.2661779498067337,0.1465916032807129,0.1254774888737824,0.0325759118401583,2.556210981977192,0.1360078495159074,2.2900330321704585,0.1586245213416681,27.0,81.0,0.2307692307692307,1.0,3.0,2.076923076923077,6.0,6.0,0.0,0.2,27.0,243.0,0.6923076923076923,1.0,2.0,1.3076923076923077,18.0,18.0,0.0,0.6862745098039215,81.0,1.0,0.0,0.0,-1.051357894,-0.102604693,2.46232846470527,2.7890907745087823,-0.192540275,1.117236850623012,0.2310558450982438,0.3850930751637392,7.2,12.0,-1.464661051,-1.310978908,3.251202464705269,3.9443699999999984,1.1667886278764987,1.1809773004827293,8.021405554995639e-16,1.3073632349040793e-15,2.725733465478001,3.415924621925224,-0.564562782,0.2612841703750792,2.7257334654780023,3.415924621925226,-0.151481441,1.119434083904479,6.70676119265081e-16,7.226722191470166e-16,-3.59120997,-2.347539981,-2.347539981,-2.347539981,0.7574954937130738,5.540775954341044,0.79851999342116,5.6713799532746805,1.1,5.5769,11.059,9.0,1.0,0.0,0.0,0.0,0.0,0.0,2.0,9.0,3.0,31.1,-4.293239965,-4.299769965,2.5982199785938063,-4.299769965,-0.789747513,7.106799981439508,-1.611869987,6.515149946323036,1.55,7.43402,15.64,5.0,5.0,0.0,0.0,0.0,0.0,0.0,2.0,5.0,7.0,9.4,-9.787249919,-9.787269919,3.47662997135677,-9.787269919,-3.814405005,16.99279956799987,-3.66805997,16.856479861122974,3.44,13.61805,35.1211,0.0,0.0,0.0,0.0,2.0,4.0,0.0,2.0,2.0,6.0,0.802,3.94437,221.0,3.94437
mp-12631.cif,56,Sr1 Tc1 O3,Sr,Tc,Tc,O,SrTcO3,3,0.6,9.201105039395308e-17,7.5371290439586e-34,0.5329151550828832,0.0789439452239121,0.4426047319005269,0.0117476108964154,0.5914654403834714,0.0237448585243798,1.5711845612233438e-39,2.947832496108313e-78,-0.1243882,1.3154166680257064,-0.404355036,0.7033078055676398,1.3533495755716325,0.1187737498271777,36.15570179157365,0.0359133437484623,11.127003301177911,19.487876763845733,0.0327220489364448,0.0022014724070454,51.80882606188294,385.1606614519066,30.47569475163693,324.09966185146226,7.43634073269193,15.389922908601685,39.82008504881553,392.99370095707127,37.251313501244375,449.8135356709296,37.251313501244375,449.8135356709296,0.918194877658888,0.0137592025440337,1.1355391645811157,0.0377712950668703,0.1265861076047258,0.0329461262822582,0.861801592856873,0.0013419483073627,2.8060007335950914,0.9623642846343572,1.327220489364448,0.2201472407045391,0.2508856141657928,0.0003675097346348,180.00000000000003,8.077935669463161e-28,77.90998899607362,216.5319640427304,102.0900110039264,216.5319640427304,36.15570179157365,0.0359133437484623,104.04326911034816,23.19218410064545,2.4909336046839043,0.1095076873495143,8.418002200785274,8.661278561709215,0.2175917492745805,3.2991613123364846e-05,92.7894218423012,167.5008908905832,36.21079767630452,10.978063494770725,-0.231379787,0.1100735823266347,1.327220489364448,0.2201472407045391,0.2685296852739352,0.1482575682701621,0.1265861076047258,0.0329461262822582,2.5804434997752166,0.1326680149435316,2.3119138145012808,0.1620254110082544,27.0,81.0,0.2307692307692307,1.0,3.0,2.076923076923077,6.0,6.0,0.0,0.2,27.0,243.0,0.6923076923076923,1.0,2.0,1.3076923076923077,18.0,18.0,0.0,0.6862745098039215,81.0,1.0,0.0,0.0,-0.493213671,1.260790316838733,2.4735792701262707,2.8018346135437846,-0.331455506,0.3473665028587456,0.2321115792912433,0.3868526321520716,7.2,12.0,-1.328673046,-1.328673046,3.2660577721262696,3.962392509999999,1.2321038052194198,1.2321038052194198,8.553097022100262e-16,9.375216652390213e-16,2.7381878139896543,3.4315325734251823,-1.020876277,-1.020876277,2.738187813989655,3.431532573425184,0.766739006191161,0.766739006191161,6.059653362619124e-16,6.43120638113847e-16,-3.709159969,-3.709159969,-0.900649993,-0.900649993,1.114752790845946,5.960128210919736,1.1364599906369428,5.964719950857914,0.95,5.69485,11.0301,0.0,0.0,0.0,0.0,0.0,0.0,0.0,2.0,0.0,2.0,25.55,-2.951119976,-2.951119976,-2.828539977,-2.951119976,-0.982200292,7.21882994056188,-1.18313999,7.157379941031837,1.9,7.28,15.26,5.0,5.0,0.0,0.0,0.0,0.0,0.0,2.0,5.0,7.0,11.4,-9.787249919,-9.787269919,3.47662997135677,-9.787269919,-3.814405005,16.99279956799987,-3.66805997,16.856479861122974,3.44,13.61805,35.1211,0.0,0.0,0.0,0.0,2.0,4.0,0.0,2.0,2.0,6.0,0.802,3.96238547,221.0,3.96238547
mp-1416093.cif,57,Y1 Fe1 O3,Y,Fe,Fe,O,YFeO3,3,0.6,8.789297300995831e-17,3.1315641168971023e-34,0.5325175343320381,0.078987973538887,0.4427581174352016,0.011754162729001,0.5912473711379493,0.0237581014159934,7.171359313947207e-40,5.424726999832207e-79,0.2696999659095373,1.8879100381527485,0.1872702268724594,0.9102423593202118,1.593699561459369,3.8427857734358472e-19,36.15596995307048,0.0359333901968189,11.13325059439608,19.49874546788525,0.0326247039378686,0.0021980990867532,49.77448665840923,355.71869789711707,28.70279149547433,287.43424767146024,7.443425944794667,15.385747273886093,38.261455852274096,362.9379114261847,35.801648912343055,415.2952930308397,35.801648912343055,415.2952930308396,0.9184382401553288,0.0137381192922078,1.1351359483947203,0.0377134180407032,0.1236877988254886,0.0315942338942878,0.8618658164908242,0.0013417687397578,2.807389020976906,0.9629010107597656,1.326247039378684,0.2198099086753274,0.2425375968000497,0.0004678337352182,180.0,0.0,77.8891646853464,216.6527274209473,102.1108353146536,216.6527274209472,36.15596995307048,0.0359333901968189,104.03645386800868,23.205118548445405,2.441199885280092,0.1053082091945624,8.422167062930718,8.66610909683789,0.2085317657639026,0.0003141125241043,85.52275498056107,173.6169909866607,35.744734797793754,8.757678304001155,-0.230691452,0.1099049140004123,1.326247039378684,0.2198099086753274,0.2623814438986216,0.1421740525242953,0.1236877988254886,0.0315942338942878,2.5286603665796323,0.1275025683698757,2.266278922681011,0.1557021925267993,27.0,81.0,0.2307692307692307,1.0,3.0,2.076923076923077,6.0,6.0,0.0,0.2,27.0,243.0,0.6923076923076923,1.0,2.0,1.3076923076923077,18.0,18.0,0.0,0.6862745098039215,81.0,1.0,0.0,0.0,0.7728351943558648,7.439126662114621,2.4241559654316727,2.745852609052787,-0.068832662,1.27356972387546,0.2274738781894427,0.3791231303157375,7.2,12.0,-1.078305391,-0.35403789,3.200800365431672,3.883222,-0.291001553,0.1212321612422179,7.7687674773319735e-16,1.124116676276002e-15,2.6834775031957987,3.362968900534613,-1.455070552,-1.372537828,2.6834775031958,3.362968900534614,0.6318263509927802,1.0447249036425532,7.243738009298125e-16,9.32313171241992e-16,-4.194639965,-1.786549985,-1.786549985,-1.786549985,1.4214937782972672,5.508482824605309,1.4791099878139202,5.399529955514396,1.22,6.2173,12.224,9.0,1.0,0.0,0.0,0.0,0.0,0.0,2.0,9.0,3.0,22.7,-3.822639969,-3.822659969,-3.763499969,-3.822659969,-1.013363032,7.161906671003653,-1.395739989,6.599079945631553,1.83,7.9024,16.1877,4.0,6.0,0.0,0.0,0.0,0.0,0.0,2.0,4.0,8.0,8.4,-9.787249919,-9.787269919,3.47662997135677,-9.787269919,-3.814405005,16.99279956799987,-3.66805997,16.856479861122974,3.44,13.61805,35.1211,0.0,0.0,0.0,0.0,2.0,4.0,0.0,2.0,2.0,6.0,0.802,3.883222,221.0,3.883222
mp-5229.cif,58,Sr1 Ti1 O3,Sr,Ti,Ti,O,SrTiO3,3,0.6,1.2201642470577003e-16,2.8161440944128184e-33,0.5397326744675062,0.0781398559013834,0.4399748167018299,0.0116279547472296,0.5952044084966226,0.023503003532838,4.1580776255357206e-39,3.657147882067119e-77,-0.105239962,1.297262057262211,-0.40244614,0.7020367697241713,1.3447426745988311,0.1208842747235738,36.15110351711631,0.0355475457615168,11.019888563011522,19.28938157108438,0.033893821151342,0.002240591002895,50.16759890371977,361.0720712094404,28.9851602969665,296.3980902908324,7.329777740800759,15.361689315737674,38.460378103064414,368.4275626881006,35.86593632394201,422.2466734164093,35.865936323942,422.24667341640907,0.9152654471216451,0.0140036937680939,1.1403928040153388,0.0384424640634518,0.1294748126687036,0.0326958101869196,0.8608178277199788,0.0013374088228058,2.782197458447005,0.9525620528930556,1.338938211513418,0.2240591002895036,0.2564073125723354,0.0001540233788985,180.0,0.0,78.26703812329491,214.3264619009377,101.73296187670508,214.3264619009377,36.15110351711631,0.0355475457615168,104.16012155244609,22.95595841483061,2.456381362846181,0.105708124947808,8.346592375341015,8.573058476037502,0.2098762605096332,0.0001707116756424,93.13988725982448,35.04790328770318,22.961877107324263,275.1236937586152,-0.239665465,0.1120295099501059,1.338938211513418,0.2240591002895036,0.2746575540926949,0.1471311458411386,0.1294748126687035,0.0326958101869196,2.54793388087708,0.1294169638541185,2.2732763267843854,0.156377877695946,27.0,81.0,0.2307692307692307,1.0,3.0,2.076923076923077,6.0,6.0,0.0,0.2,27.0,243.0,0.6923076923076923,1.0,2.0,1.3076923076923077,18.0,18.0,0.0,0.6862745098039215,81.0,1.0,0.0,0.0,-0.594686948,0.9610121107266436,2.442558839435093,2.766697629058488,-0.085641691,1.5316103550515958,0.2292007361883027,0.382001226980504,7.2,12.0,0.0,0.0,3.225099101435092,3.91270131,0.0,0.0,5.58995855859752e-16,6.10342239802965e-16,2.7038490053130446,3.3884987318806497,-0.626354523,-0.265306122,2.703849005313046,3.3884987318806505,-0.179988896,1.154133939365744,9.001671918553854e-16,1.4010788444985388e-15,-3.709159969,-3.709159969,-0.900649993,-0.900649993,1.114752790845946,5.960128210919736,1.1364599906369428,5.964719950857914,0.95,5.69485,11.0301,0.0,0.0,0.0,0.0,0.0,0.0,0.0,2.0,0.0,2.0,25.55,-4.762429961,-3.553389971,-3.553389971,-3.553389971,0.7799878335735743,7.4794458083788,0.8744399927956709,7.940329934581274,1.54,6.82812,13.5755,8.0,2.0,0.0,0.0,0.0,0.0,0.0,2.0,8.0,4.0,14.6,-9.787249919,-9.787269919,3.47662997135677,-9.787269919,-3.814405005,16.99279956799987,-3.66805997,16.856479861122974,3.44,13.61805,35.1211,0.0,0.0,0.0,0.0,2.0,4.0,0.0,2.0,2.0,6.0,0.802,3.91270131,221.0,3.91270131
mp-19053.cif,59,La1 V1 O3,La,V,V,O,LaVO3,3,0.6,1.078093133261283e-16,3.469737460276855e-33,0.5399272979811498,0.0781155363888572,0.4398997390514884,0.0116243357721513,0.595311146896696,0.023495688679461,5.047309222031917e-39,4.5392110694660236e-77,-0.09903756,1.306878915871783,-0.39392332,0.7098649209733099,1.347929426383755,0.1201201141037979,36.15097223226356,0.035536504481051,11.016830699068812,19.28337812570648,0.0334599661317337,0.0022264272796366,51.0402629133182,377.3866393123546,29.765023071929853,315.04629513413965,7.340754815427199,15.28109627304006,39.11488824879117,384.841953069926,36.50450276669667,439.6829172572248,36.50450276669667,439.68291725722486,0.9163500846706656,0.0139151704977288,1.1385957176830854,0.0381994529910769,0.1290381509372437,0.0331126381231143,0.8609000658298216,0.0013312787559213,2.781517933126403,0.952265586454641,1.3345996613173368,0.2226427279636603,0.241032761602833,0.0005825043716581,180.00000000000003,8.077935669463161e-28,78.27723100310396,214.2597569522943,101.72276899689604,214.2597569522943,36.15097223226356,0.035536504481051,104.163457395098,22.948813551544365,2.4771958918290684,0.1088814995037802,8.34455379937921,8.57039027809177,0.1950745374232482,0.0006859115019423,88.57503192789406,11.713549793617991,25.90377904713017,343.98481770671805,-0.236597648,0.1113213251640675,1.3345996613173368,0.2226427279636603,0.2737312546784954,0.1490068715540154,0.1290381509372438,0.0331126381231144,2.568439643388568,0.1333265138047741,2.294708388710072,0.1593293852711364,27.0,81.0,0.2307692307692307,1.0,3.0,2.076923076923077,6.0,6.0,0.0,0.2,27.0,243.0,0.6923076923076923,1.0,2.0,1.3076923076923077,18.0,18.0,0.0,0.6862745098039215,81.0,1.0,0.0,0.0,-0.571285048,1.657843486273113,2.46588552136879,2.793119868947984,-0.262695115,0.4823854348008886,0.2313896262104035,0.3856493770173388,7.2,12.0,-0.7604937,-0.7604937,3.2558991213687896,3.950068,-1.415899496,-1.415899496,6.880079395658227e-16,7.401486830834377e-16,2.7296710345413224,3.4208592346759885,-0.276964839,-0.155712,2.729671034541324,3.420859234675989,-1.162039408,-0.773357315,5.89283726259686e-16,8.219761290855804e-16,-3.59120997,-2.347539981,-2.347539981,-2.347539981,0.7574954937130738,5.540775954341044,0.79851999342116,5.6713799532746805,1.1,5.5769,11.059,9.0,1.0,0.0,0.0,0.0,0.0,0.0,2.0,9.0,3.0,31.1,-5.049649958,-4.732499961,-4.732499961,-4.732499961,0.0159499298721872,7.479533828386128,0.1019599991599727,7.555189937754362,1.63,6.74619,14.618,7.0,3.0,0.0,0.0,0.0,0.0,0.0,2.0,7.0,5.0,12.4,-9.787249919,-9.787269919,3.47662997135677,-9.787269919,-3.814405005,16.99279956799987,-3.66805997,16.856479861122974,3.44,13.61805,35.1211,0.0,0.0,0.0,0.0,2.0,4.0,0.0,2.0,2.0,6.0,0.802,3.950068,221.0,3.950068
mp-19253.cif,60,Nd1 V1 O3,Nd,V,V,O,NdVO3,3,0.6,8.613652722908117e-17,1.0231371221816572e-34,0.529469639135359,0.0793149636336092,0.443933868533154,0.011802821969287,0.5895757978999892,0.0238564539054215,3.216102029534392e-40,3.8116713073738525e-79,-0.128902902,1.3338800183610573,-0.397589783,0.7111772324335462,1.3608326195970948,0.1168184076176124,36.15802575582088,0.0360821445142085,11.18113817307862,19.579465308410978,0.0317032823567917,0.0021652301234847,50.89944161036428,375.0197703667339,29.723949356143635,308.66565119878805,7.502993644681998,15.318858208471244,39.16073891512824,382.421083477936,36.72071244371703,436.1170846220912,36.72071244371701,436.1170846220909,0.9207417941080208,0.0135326882717794,1.1313192952392677,0.0371494757872433,0.1214373952244998,0.0317687765294696,0.8623994828067737,0.0013377518840366,2.818030705128582,0.9668871757239988,1.3170328235679158,0.2165230123484706,0.2493060540303917,0.0003550804972833,180.0,0.0,77.72953942307126,217.5496145378997,102.27046057692874,217.5496145378997,36.15802575582088,0.0360821445142085,103.98421290209606,23.30118185463783,2.4657761854414537,0.108980462464633,8.454092115385745,8.70198458151599,0.1987602797634286,0.0003426640275134,82.72083410760764,44.956244248750494,33.8121980438958,7.768687013565239,-0.22417602,0.1082614676477573,1.3170328235679158,0.2165230123484706,0.257607616958624,0.1429594943826138,0.1214373952244998,0.0317687765294696,2.5516453910943286,0.1313253533188284,2.2940377741357043,0.1595970103446519,27.0,81.0,0.2307692307692307,1.0,3.0,2.076923076923077,6.0,6.0,0.0,0.2,27.0,243.0,0.6923076923076923,1.0,2.0,1.3076923076923077,18.0,18.0,0.0,0.6862745098039215,81.0,1.0,0.0,0.0,-0.665889129,1.8364434859327528,2.449223913374868,2.7742471889581144,-0.20348938,1.3073628252441936,0.2298261622083773,0.3830436036806285,7.2,12.0,-0.38207205,-0.106139438,3.233899513374868,3.923378,-1.306550898,-1.210211995,6.322645839613704e-16,9.516980547820705e-16,2.7112270685356967,3.3977450166489813,0.5704782202647232,4.9240137298775455,2.7112270685356985,3.3977450166489813,-0.19467721,1.08515940315499,9.373176319658369e-16,1.5144438052478813e-15,-2.781479977,-2.781479977,-1.072319991,-1.072319991,2.903782976091173,6.083155549909696,1.8723199845743448,6.376199947467815,1.14,5.525,10.72,0.0,0.0,10.0,4.0,0.0,0.0,0.0,2.0,10.0,6.0,31.4,-5.049649958,-4.732499961,-4.732499961,-4.732499961,0.0159499298721872,7.479533828386128,0.1019599991599727,7.555189937754362,1.63,6.74619,14.618,7.0,3.0,0.0,0.0,0.0,0.0,0.0,2.0,7.0,5.0,12.4,-9.787249919,-9.787269919,3.47662997135677,-9.787269919,-3.814405005,16.99279956799987,-3.66805997,16.856479861122974,3.44,13.61805,35.1211,0.0,0.0,0.0,0.0,2.0,4.0,0.0,2.0,2.0,6.0,0.802,3.923378,221.0,3.923378
mp-2929.cif,61,Ba1 Tb1 O3,Ba,Tb,Tb,O,BaTbO3,3,0.6,1.4117139099644527e-16,3.4972989435253616e-33,0.5291544218719973,0.0793477212610255,0.4440554662324103,0.011807696616224,0.589402921633721,0.0238663067855428,2.0226555680684983e-39,5.444482569362217e-78,0.2532580829694447,1.89650845263788,0.1758535574721583,0.914388023535768,1.593699561451951,3.860288951964533e-19,36.158238325847954,0.0360970295880464,11.186090768403345,19.587551762721738,0.0326134769303927,0.00219770881555,65.75927071166666,613.3784290634833,43.58573697813715,652.9352101463505,7.47898953769045,15.492165944750898,50.62928353864063,626.274154702285,47.39776543943999,718.9130439709306,47.39776543943998,718.91304397093,0.9184663076740182,0.0137356800971875,1.1350894446071074,0.0377067220454559,0.1417440726828962,0.0415131569386634,0.8622172982190903,0.0013508617565487,2.81913128186741,0.9672865068010736,1.326134769303926,0.219770881555001,0.2459457659934389,0.0005925040017918,180.0,0.0,77.71303077198883,217.6394640302414,102.28696922801116,217.6394640302414,36.158238325847954,0.0360970295880464,103.9788100541634,23.310805596833365,2.803879752593885,0.13719243529631,8.457393845602228,8.705578561209661,0.2105570093916127,0.0001084902568068,97.4495369308832,16.05328779541091,36.961921826774,18.56657834730943,-0.230612079,0.109885414007606,1.326134769303926,0.219770881555001,0.3006845849612249,0.1868092062239855,0.1417440726828962,0.0415131569386634,2.9041079475809606,0.1652820200455321,2.6034233626197354,0.2055527366138559,27.0,81.0,0.2307692307692307,1.0,3.0,2.076923076923077,6.0,6.0,0.0,0.2,27.0,81.0,0.2307692307692307,1.0,3.0,2.076923076923077,6.0,6.0,0.0,0.2,81.0,1.0,0.0,0.0,-0.596677925,1.5926075627144582,2.778997026048564,3.147782710080939,-0.471180657,0.0512688613125756,0.2607708579838125,0.434618096639687,7.2,12.0,-0.414308129,-0.132963989,3.669324426048561,4.451636999999999,0.3234168367287475,1.0856863359943285,1.0831582953185566e-15,1.440281920328664e-15,3.0762773135025583,3.8552307304267432,-0.229515442,-0.123239948,3.0762773135025605,3.8552307304267455,-0.777731986,-0.559066204,7.923374982677658e-16,9.014431624090626e-16,-3.358279972,-3.358279972,-1.334939989,-1.334939989,1.4983806876590446,5.406739955395823,1.6443999864521308,5.413399955400124,0.89,5.211664,10.00383,0.0,0.0,0.0,0.0,0.0,0.0,0.0,2.0,0.0,2.0,39.7,-3.347219972,-3.347219972,-0.505199996,-3.347219972,2.085670682817118,-0.811049493,2.776419977125654,5.9778499507497385,1.1,5.8638,11.52,0.0,0.0,5.0,9.0,0.0,0.0,0.0,2.0,5.0,11.0,25.5,-9.787249919,-9.787269919,3.47662997135677,-9.787269919,-3.814405005,16.99279956799987,-3.66805997,16.856479861122974,3.44,13.61805,35.1211,0.0,0.0,0.0,0.0,2.0,4.0,0.0,2.0,2.0,6.0,0.802,4.451637,221.0,4.451637
mp-3020.cif,62,Ba1 Nb1 O3,Ba,Nb,Nb,O,BaNbO3,3,0.6,1.3021081448140935e-16,1.5254941027471285e-33,0.5368840599559902,0.078487140365909,0.4410736936065237,0.0116796339830221,0.5936421278158752,0.0236074601881836,-4.07e-39,1.6252303245471344e-77,-0.108878096,1.312843430927437,-0.396711495,0.7086590328267564,1.35098667140797,0.1193679188591477,36.15302481750865,0.0357055188482257,11.064645105725022,19.375111221755844,0.0330437425936177,0.0022124853347684,56.08703557221376,454.7927078002296,34.310179423106824,415.8887953018712,7.385117792674821,15.313965956741304,43.03476471897272,463.83699427583457,40.211767680140255,530.0194701163755,40.211767680140255,530.0194701163756,0.917390643515956,0.013828033342303,1.1368716633384195,0.0379602470343119,0.1333530295153865,0.0360336049396768,0.8613139813536295,0.001334861713434,2.7921433568277827,0.9567956158891776,1.3304374259361755,0.22124853347685,0.2543308620834126,0.0002311135283074,180.0,0.0,78.11784964758323,215.2790135750652,101.88215035241676,215.2790135750652,36.15302481750865,0.0357055188482257,104.11129621931669,23.057983946462286,2.5944494627607195,0.1194826396321753,8.376430070483348,8.611160543002597,0.2222006155903065,3.630756504042043e-05,85.46847936180822,34.2909150236022,36.60573422616881,13.478705645789834,-0.233654509,0.1106242330764687,1.3304374259361755,0.22124853347685,0.2828844943862992,0.1621512222285457,0.1333530295153865,0.0360336049396768,2.6887442942228192,0.1456209166284814,2.4058597998365205,0.1753069004585941,27.0,81.0,0.2307692307692307,1.0,3.0,2.076923076923077,6.0,6.0,0.0,0.2,27.0,243.0,0.6923076923076923,1.0,2.0,1.3076923076923077,18.0,18.0,0.0,0.6862745098039215,81.0,1.0,0.0,0.0,-1.146104966,-0.364793842,2.580440993172881,2.922877378621468,-0.404559312,0.218037297128703,0.2421390902757069,0.4035651504595107,7.2,12.0,-0.132039208,0.3134138343428105,3.407155559172879,4.133572829999998,0.0648283944087286,1.3300123851327152,1.0872721847151502e-15,1.171837154427114e-15,2.8564809575981966,3.5797790791731305,-0.718884569,-0.198667222,2.8564809575982,3.5797790791731336,-0.536073452,0.5277346813923923,1.2747768007058277e-15,1.3108504729869186e-15,-3.358279972,-3.358279972,-1.334939989,-1.334939989,1.4983806876590446,5.406739955395823,1.6443999864521308,5.413399955400124,0.89,5.211664,10.00383,0.0,0.0,0.0,0.0,0.0,0.0,0.0,2.0,0.0,2.0,39.7,-4.966219959,-4.334109964,-4.334109964,-4.334109964,-0.511766596,7.220987540517275,-0.459349996,7.633379937110171,1.6,6.75885,14.0,6.0,4.0,0.0,0.0,0.0,0.0,1.0,1.0,7.0,5.0,15.7,-9.787249919,-9.787269919,3.47662997135677,-9.787269919,-3.814405005,16.99279956799987,-3.66805997,16.856479861122974,3.44,13.61805,35.1211,0.0,0.0,0.0,0.0,2.0,4.0,0.0,2.0,2.0,6.0,0.802,4.13357283,221.0,4.13357283
mp-3136.cif,63,Na1 Nb1 O3,Na,Nb,Nb,O,NaNbO3,3,0.6,1.0830988505502034e-16,1.2012377090509312e-33,0.5351398891964693,0.0786917676643533,0.4417465220842738,0.0117100844738621,0.5926855630471048,0.0236690082427938,8.363691648645805e-40,3.3279642139903017e-78,0.2825203673146805,1.8808303522355423,0.1961722659488217,0.9068289392513036,1.5936995614651526,3.828375279413024e-19,36.15420125686413,0.0357986235334293,11.092048972686506,19.42562493200037,0.0323992108588443,0.0021902122216085,52.799465320752894,405.9529592660324,31.370164612823256,348.64420796620243,7.422722989359011,15.259984163591362,40.52998177683739,413.8402035581995,37.92593292609856,471.6350619149251,37.92593292609855,471.6350619149253,0.9190019728528892,0.0136888263850535,1.1342019254791895,0.0375781008277417,0.126822070632723,0.0335588455807221,0.8616470533224111,0.0013314278231017,2.798233105041445,0.9592901200987838,1.323992108588442,0.2190212221608571,0.2499490759091014,0.0002745610767499,179.99999999999997,8.07793566946316e-28,78.02650342437829,215.84027702222627,101.9734965756217,215.84027702222625,36.15420125686413,0.0357986235334293,104.08140110610258,23.118099264932383,2.5154315990553973,0.1135956675237324,8.394699315124337,8.633611080889054,0.2008060039993607,0.0007756733315027,92.36482644659615,8.181334893590012,26.52207171087139,342.69070389294114,-0.229096979,0.1095105745626066,1.323992108588442,0.2190212221608571,0.2690302384455537,0.1510148051132501,0.126822070632723,0.0335588455807221,2.605108345203916,0.1380531317691464,2.336078106758362,0.1653572757750714,27.0,81.0,0.2307692307692307,1.0,3.0,2.076923076923077,6.0,6.0,0.0,0.2,27.0,243.0,0.6923076923076923,1.0,2.0,1.3076923076923077,18.0,18.0,0.0,0.6862745098039215,81.0,1.0,0.0,0.0,-0.349145422,1.8828102772535933,2.5028837799291392,2.835027966548566,-0.135008539,1.1406579083967192,0.234861406690287,0.3914356778171444,7.2,12.0,-0.489372776,-0.219094329,3.3047507799291385,4.009334999999998,-0.975564966,0.6173370487189228,9.092762241854169e-16,1.3459042963568966e-15,2.770627142943547,3.47218596228208,0.7312562592399947,1.0811212799999996,2.7706271429435487,3.472185962282081,-1.818268836,-1.748297451,8.389994263002093e-16,1.0683126035464245e-15,-2.665759978,-2.665759978,-2.665759978,-2.665759978,-0.496947569,4.962073789117701,-0.490429996,4.9517099592038925,0.93,5.139076,47.2864,0.0,0.0,0.0,0.0,0.0,0.0,1.0,1.0,1.0,1.0,24.11,-4.966219959,-4.334109964,-4.334109964,-4.334109964,-0.511766596,7.220987540517275,-0.459349996,7.633379937110171,1.6,6.75885,14.0,6.0,4.0,0.0,0.0,0.0,0.0,1.0,1.0,7.0,5.0,15.7,-9.787249919,-9.787269919,3.47662997135677,-9.787269919,-3.814405005,16.99279956799987,-3.66805997,16.856479861122974,3.44,13.61805,35.1211,0.0,0.0,0.0,0.0,2.0,4.0,0.0,2.0,2.0,6.0,0.802,4.009335,221.0,4.009335
mp-3163.cif,64,Ba1 Sn1 O3,Ba,Sn,Sn,O,BaSnO3,3,0.6,1.3254578754546826e-16,3.169832091683322e-33,0.5373055139373115,0.0784367823873282,0.4409111142035919,0.0116721402362095,0.5938732680456889,0.0235923134524385,6.868713375531567e-39,1.2629470821387784e-76,-0.102670012,1.3207522017901514,-0.389070571,0.7154852809101121,1.3535038554012644,0.1187345667252229,36.15274057191882,0.035682617499466,11.058023352223266,19.362679995043308,0.0327010447670476,0.0022007461478482,56.25341463868892,461.437304635505,34.48158309366266,423.1832771453447,7.390984225137422,15.240350323346185,43.14426519893661,470.36603775872345,40.33715753475509,536.0308906713809,40.337157534755086,536.0308906713809,0.9182473880823812,0.0137546634240518,1.135452162462808,0.0377588344290079,0.1322858551120776,0.0360141784362248,0.8613511714901436,0.0013291829430757,2.790671856049615,0.9561817281502868,1.3270104476704745,0.2200746147848303,0.2440300096409314,0.0005359083573055,180.0,0.0,78.13992215925576,215.14088883381444,101.86007784074424,215.1408888338144,36.15274057191882,0.035682617499466,104.11851995769572,23.04318967320699,2.59806664912009,0.1211269525618792,8.372015568148845,8.605635553352583,0.2009552015359332,0.0003195674933882,100.67727623587166,61.08305129693314,35.388547736508336,7.564538489276506,-0.23123127,0.1100372741483212,1.3270104476704745,0.2200746147848303,0.2806206756144339,0.1620638029630128,0.1322858551120776,0.0360141784362248,2.6916068743249024,0.1476947031814523,2.410986198710468,0.1760339866314088,27.0,81.0,0.2307692307692307,1.0,3.0,2.076923076923077,6.0,6.0,0.0,0.2,27.0,243.0,0.6923076923076923,1.0,2.0,1.3076923076923077,18.0,18.0,0.0,0.6862745098039215,81.0,1.0,0.0,0.0,-0.956826148,0.2352504288709047,2.58661658165638,2.9298724960939664,-0.702036676,-0.688127867,0.2427185847812073,0.4045309746353446,7.2,12.0,-0.886383223,-0.886383223,3.415309665656378,4.143465419999998,-0.691769141,-0.691769141,9.52827647649503e-16,1.3129383699400096e-15,2.863317173172104,3.588346313422354,-0.260771379,1.0356161997387143,2.8633171731721068,3.588346313422357,-0.803781204,0.1084970917447873,1.2973309946092428e-15,1.4275470821731057e-15,-3.358279972,-3.358279972,-1.334939989,-1.334939989,1.4983806876590446,5.406739955395823,1.6443999864521308,5.413399955400124,0.89,5.211664,10.00383,0.0,0.0,0.0,0.0,0.0,0.0,0.0,2.0,0.0,2.0,39.7,-11.28339991,-3.579099971,-3.579099971,-3.579099971,-0.668899894,6.747624044360574,-0.640929995,6.701019944791692,1.96,7.34392,14.6322,0.0,10.0,0.0,0.0,4.0,2.0,0.0,2.0,4.0,14.0,7.06,-9.787249919,-9.787269919,3.47662997135677,-9.787269919,-3.814405005,16.99279956799987,-3.66805997,16.856479861122974,3.44,13.61805,35.1211,0.0,0.0,0.0,0.0,2.0,4.0,0.0,2.0,2.0,6.0,0.802,4.14346542,221.0,4.14346542
mp-3323.cif,65,Sr1 Zr1 O3,Sr,Zr,Zr,O,SrZrO3,3,0.6,9.858283037860727e-17,8.340991404675376e-34,0.537800068656147,0.0783772368553688,0.4407203355789522,0.0116632792939536,0.5941444992985262,0.0235744032729039,1.5933939979978558e-39,4.4778730129318455e-78,-0.111566928,1.3008537771673443,-0.404333169,0.7011330652285513,1.346636994614614,0.1204324784098316,36.1524069509696,0.0356555454330285,11.05025306273403,19.347980755153905,0.0336359221039672,0.0022322169546125,57.86772101563431,479.73848042306406,35.92334483526584,453.35268743738345,7.357757712037007,15.384739235697186,44.39795355535725,489.55697167807625,41.43466322942361,561.1599423736485,41.434663229423606,561.1599423736487,0.915910194740082,0.0139513559663285,1.1393245511838823,0.0382987881093184,0.1378452579964414,0.0374898227848094,0.861079167997431,0.0013398499194011,2.7889451250520065,0.9554558397606868,1.3363592210396709,0.2232216954612567,0.2442060138510683,0.0005279276246112,180.0,0.0,78.16582312421988,214.97756394615428,101.83417687578012,214.97756394615428,36.1524069509696,0.0356555454330285,104.1269966101108,23.025696153006017,2.636674427420183,0.1218005745929154,8.366835375156018,8.59910255784618,0.2039214927384562,0.0003243959904431,97.08259309623163,20.368440405203167,37.23370388551054,19.6075217576725,-0.237841852,0.1116108152988455,1.3363592210396709,0.2232216954612567,0.2924139500510799,0.1687042025316443,0.1378452579964415,0.0374898227848095,2.734145744103877,0.1486725197289856,2.4417317940527967,0.1805261526752044,27.0,81.0,0.2307692307692307,1.0,3.0,2.076923076923077,6.0,6.0,0.0,0.2,27.0,243.0,0.6923076923076923,1.0,2.0,1.3076923076923077,18.0,18.0,0.0,0.6862745098039215,81.0,1.0,0.0,0.0,-0.858183725,0.1227939450234254,2.6204071092407792,2.968147182067965,-0.272791435,0.4156469680489119,0.2458893635864076,0.409815605977345,7.2,12.0,-0.183984375,-0.183984375,3.4599259092407766,4.197593999999999,0.8741628249538242,0.8741628249538242,8.29485636458876e-16,8.826788100434748e-16,2.9007224069470308,3.635223038773134,-1.070369393,-0.642465259,2.9007224069470325,3.635223038773136,-0.764275656,0.5180570978810946,1.224689027154906e-15,1.4629252950147664e-15,-3.709159969,-3.709159969,-0.900649993,-0.900649993,1.114752790845946,5.960128210919736,1.1364599906369428,5.964719950857914,0.95,5.69485,11.0301,0.0,0.0,0.0,0.0,0.0,0.0,0.0,2.0,0.0,2.0,25.55,-4.648009962,-3.055889975,-3.055889975,-3.055889975,0.5037961558380569,7.098576891509628,0.5568399954123112,7.006299942276553,1.33,6.6339,13.1,8.0,2.0,0.0,0.0,0.0,0.0,0.0,2.0,8.0,4.0,17.9,-9.787249919,-9.787269919,3.47662997135677,-9.787269919,-3.814405005,16.99279956799987,-3.66805997,16.856479861122974,3.44,13.61805,35.1211,0.0,0.0,0.0,0.0,2.0,4.0,0.0,2.0,2.0,6.0,0.802,4.197594,221.0,4.197594
mp-613402.cif,66,Sr1 Zr1 O3,Sr,Zr,Zr,O,SrZrO3,3,0.6,9.491326704966574e-17,2.2652501148326162e-33,0.5368495932437891,0.0784912429518775,0.4410869894294107,0.0116802444868865,0.5936232250551181,0.0236086941691194,1.0101422708315492e-39,1.6199089254482932e-78,0.290878920334313,1.8760375641613616,0.2019761533039213,0.9045181306660426,1.593699561468924,3.8186196991909123e-19,36.15304809717241,0.0357074004118242,11.065186635956852,19.376123974406337,0.0330736667983393,0.0022134992443463,63.71536138428962,586.4806739265858,41.54081390744517,609.2614936942033,7.384581086687725,15.320311770064578,48.88960518708503,598.1712849129611,45.68024899823235,683.6821218956228,45.68024899823234,683.682121895623,0.9173158330041518,0.0138343702771646,1.1369956134528083,0.0379776429724639,0.1422503007269363,0.0409469040581033,0.861310491794683,0.0013353506798194,2.7922636968793006,0.956845628365745,1.330736667983392,0.2213499244346355,0.2433255130810763,0.0004743532614912,180.0,0.0,78.11604454681047,215.29026638229263,101.88395545318951,215.2902663822926,36.15304809717241,0.0357074004118242,104.11070547355322,23.059189033968178,2.76528320110097,0.1356065759722955,8.376791090637902,8.611610655291704,0.2097397853801624,0.0003471088812021,89.68637884043113,78.25140931870244,37.568603900367606,20.28544717007025,-0.233866111,0.1106749343967012,1.330736667983392,0.2213499244346355,0.3017584568095271,0.1842610682614653,0.1422503007269365,0.0409469040581033,2.8658693533708126,0.1652653579306083,2.564110896561286,0.1991297242299817,27.0,81.0,0.2307692307692307,1.0,3.0,2.076923076923077,6.0,6.0,0.0,0.2,27.0,81.0,0.2307692307692307,1.0,3.0,2.076923076923077,6.0,6.0,0.0,0.2,81.0,1.0,0.0,0.0,-0.358984596,2.052272024246591,2.750116697437744,3.115069829062905,-0.460248952,0.3020533581502015,0.2580608341874192,0.4301013903123648,7.2,12.0,0.0,0.0,3.631191497437743,4.405373999999999,0.0,0.0,6.54847109198891e-16,8.881784197001252e-16,3.044307542078121,3.815165797171464,0.1652794292508921,0.1652794292508921,3.044307542078124,3.815165797171466,-1.369804741,-1.369804741,8.267473744759956e-16,9.763231673693172e-16,-3.709159969,-3.709159969,-0.900649993,-0.900649993,1.114752790845946,5.960128210919736,1.1364599906369428,5.964719950857914,0.95,5.69485,11.0301,0.0,0.0,0.0,0.0,0.0,0.0,0.0,2.0,0.0,2.0,25.55,-4.648009962,-3.055889975,-3.055889975,-3.055889975,0.5037961558380569,7.098576891509628,0.5568399954123112,7.006299942276553,1.33,6.6339,13.1,8.0,2.0,0.0,0.0,0.0,0.0,0.0,2.0,8.0,4.0,17.9,-9.787249919,-9.787269919,3.47662997135677,-9.787269919,-3.814405005,16.99279956799987,-3.66805997,16.856479861122974,3.44,13.61805,35.1211,0.0,0.0,0.0,0.0,2.0,4.0,0.0,2.0,2.0,6.0,0.802,4.405374,221.0,4.405374
mp-4126.cif,68,K1 U1 O3,K,U,U,O,KUO3,3,0.6,1.3008466387042024e-16,1.280604249839018e-33,0.5416629189031736,0.0778953087487355,0.4392302087451569,0.0115915638018951,0.5962630226329941,0.0234294483345806,3.49114638113781e-39,2.712064380439792e-77,-0.0838374,1.3203364921206877,-0.377977295,0.7235046993485578,1.352004668477895,0.1191133053886654,36.14980155651432,0.0354363126488042,10.98956116448736,19.22901335968786,0.032905149077703,0.0022077660719444,60.17163892376783,533.6797783480586,38.13265883469279,525.6709999666084,7.33921963732715,15.126198837940043,46.05711918057973,543.6418190622392,43.016647040787205,617.8080335257588,43.01664704078719,617.8080335257582,0.9177371273057422,0.0137985379496527,1.1362975901989316,0.0378792772851316,0.1381037608399888,0.0388898564811074,0.8608510243210721,0.0013189904797947,2.775458036552747,0.9495809066512524,1.3290514907770297,0.220776607194444,0.2447249583661111,0.0005946362305829,180.0,0.0,78.36812945170877,213.65570399653168,101.6318705482912,213.65570399653168,36.14980155651432,0.0354363126488042,104.19320596170417,22.88411504158629,2.689943898209765,0.1311147791443328,8.32637410965824,8.546228159861272,0.1934880360063634,0.000708921872833,96.49256312463424,80.97712516467942,25.563033466938567,320.4948881607839,-0.232674509,0.1103882737345928,1.3290514907770297,0.220776607194444,0.2929623173919645,0.1750043541649842,0.1381037608399889,0.0388898564811075,2.7875980040070862,0.1609181845873342,2.4946356866151222,0.1881775377016531,27.0,81.0,0.2307692307692307,1.0,3.0,2.076923076923077,6.0,6.0,0.0,0.2,27.0,81.0,0.2307692307692307,1.0,3.0,2.076923076923077,6.0,6.0,0.0,0.2,81.0,1.0,0.0,0.0,-0.921590739,-0.010156971,2.6836255573917907,3.039755008986317,-0.44629089,0.7782531353266152,0.2518215502027368,0.4197025836712273,7.2,12.0,-1.156923594,-1.0344,3.543398109391789,4.298862759999998,0.9751296341883154,1.3815122149297123,9.888489988603473e-16,1.208657738231572e-15,2.970703582176399,3.722924357542884,-0.670447382,-0.052856496,2.9707035821764007,3.722924357542885,-1.400331842,-1.306870621,8.147204902563617e-16,9.430241700422488e-16,-2.227309982,-2.227309982,-2.227309982,-2.227309982,-0.347925887,4.162399025703636,-0.349729997,4.147669965828211,0.8200000000000001,4.3406633,31.63,0.0,0.0,0.0,0.0,0.0,0.0,1.0,1.0,1.0,1.0,43.23,-4.158209966,-1.579059987,-1.579059987,-1.579059987,1.0522473915431574,5.142908157717935,1.3298399890437251,4.478339963103889,1.38,6.1941,10.6,9.0,1.0,11.0,3.0,0.0,0.0,0.0,2.0,20.0,6.0,24.9,-9.787249919,-9.787269919,3.47662997135677,-9.787269919,-3.814405005,16.99279956799987,-3.66805997,16.856479861122974,3.44,13.61805,35.1211,0.0,0.0,0.0,0.0,2.0,4.0,0.0,2.0,2.0,6.0,0.802,4.29886276,221.0,4.29886276
mp-4346.cif,70,Sr1 Ru1 O3,Sr,Ru,Ru,O,SrRuO3,3,0.6,1.2540022702595042e-16,2.267089634456721e-33,0.5425018333233229,0.0777867016442593,0.4389065904817556,0.0115754020303957,0.5967231128930491,0.0233967813539374,4.8731665881660245e-39,4.748784824939952e-77,-0.088132745,1.3062456207843254,-0.387701758,0.7143944823158953,1.346908749075236,0.1203670761966192,36.14923577729533,0.0353868880923762,10.976380402777908,19.20220292018288,0.0335989245464805,0.0022310047239679,51.81617849832077,391.2750646897104,30.43881159353336,332.40090268288344,7.30961919879086,15.214322374453252,39.66295849797984,398.8505415032285,36.99211918422127,454.96704138244206,36.99211918422127,454.96704138244166,0.9160026886337987,0.0139437795247997,1.1391713022830252,0.0382779895196015,0.1307945440666884,0.0338087406204391,0.860600222503707,0.0013252830875812,2.77252897839509,0.9482569343300188,1.335989245464804,0.2231004723967956,0.2416714094579862,0.0006335657369992,180.0,0.0,78.41206532407364,213.3578102242544,101.58793467592636,213.3578102242544,36.14923577729533,0.0353868880923762,104.20758500016126,22.85220861459048,2.497582923794054,0.111277000123203,8.317586935185272,8.53431240897017,0.1965836258412161,0.0007791236777543,92.52063933777195,7.8835980286363485,26.84075472206423,366.9623229026341,-0.237580234,0.1115501983796088,1.335989245464804,0.2231004723967956,0.2774571271552748,0.1521393327919763,0.1307945440666884,0.0338087406204391,2.5900686328458127,0.1367977775035633,2.312611505690538,0.1616616672238004,27.0,81.0,0.2307692307692307,1.0,3.0,2.076923076923077,6.0,6.0,0.0,0.2,27.0,243.0,0.6923076923076923,1.0,2.0,1.3076923076923077,18.0,18.0,0.0,0.6862745098039215,81.0,1.0,0.0,0.0,-0.179834129,2.16382104313542,2.4891125145733546,2.819429190955592,-0.830214472,-0.60202214,0.233569161808882,0.3892819363481362,7.2,12.0,0.0,0.0,3.286567514573353,3.987274999999999,0.0,0.0,6.062279636995824e-16,6.564691849700048e-16,2.755382710943394,3.453081441874596,-0.558998919,1.0896851843419295,2.7553827109433944,3.453081441874595,0.4259172706385001,1.2267647179887244,9.87441584716544e-16,1.225164070731836e-15,-3.709159969,-3.709159969,-0.900649993,-0.900649993,1.114752790845946,5.960128210919736,1.1364599906369428,5.964719950857914,0.95,5.69485,11.0301,0.0,0.0,0.0,0.0,0.0,0.0,0.0,2.0,0.0,2.0,25.55,-3.59957997,-3.59957997,-2.754109977,-3.59957997,-0.327545597,8.177103232657059,0.050859999580975,8.119189933107684,2.2,7.3605,16.76,3.0,7.0,0.0,0.0,0.0,0.0,1.0,1.0,4.0,8.0,9.6,-9.787249919,-9.787269919,3.47662997135677,-9.787269919,-3.814405005,16.99279956799987,-3.66805997,16.856479861122974,3.44,13.61805,35.1211,0.0,0.0,0.0,0.0,2.0,4.0,0.0,2.0,2.0,6.0,0.802,3.987275,221.0,3.987275
mp-4551.cif,71,Sr1 Hf1 O3,Sr,Hf,Hf,O,SrHfO3,3,0.6,1.1043908105780784e-16,1.4538313849440589e-33,0.5375654001297925,0.0784055524757956,0.4408108609283201,0.0116674929279457,0.594015798800926,0.0235829200806104,1.73437831671997e-39,5.297025120758412e-78,-0.111506207,1.3027882329950806,-0.403321081,0.702189930693957,1.3473701176452642,0.1202557019457117,36.15256524637999,0.0356684343950695,11.053940101426292,19.354970668310703,0.0335361122886531,0.0022289404014281,56.32575243288135,455.08370260053687,34.50256892331173,418.4525051431806,7.363210032291275,15.375668919544342,43.217093746206345,464.3610215381768,40.34144134698393,532.0394435935679,40.3414413469839,532.0394435935661,0.9161597192783671,0.0139308775089259,1.138911125392271,0.038242571344241,0.1355899847205351,0.0364357949729414,0.8611270716767532,0.0013392528290643,2.78976446698362,0.9558010206573188,1.3353611228865283,0.2228940401428152,0.2412767350921508,0.0005824724532847,180.0,0.0,78.15353299524567,215.0552296478967,101.84646700475432,215.0552296478967,36.15256524637999,0.0356684343950695,104.1229743933648,23.03401464200093,2.601035569027111,0.118757930853289,8.36929340095086,8.60220918591587,0.2036093276158344,0.0003101144077466,96.70747153379683,24.082603376287924,36.72117654956437,18.78745170538643,-0.237136088,0.1114469863462751,1.3353611228865283,0.2228940401428152,0.2876297929706133,0.1639610773782374,0.1355899847205352,0.0364357949729414,2.696912166683983,0.144904566189248,2.409282373713369,0.1757720451001962,27.0,81.0,0.2307692307692307,1.0,3.0,2.076923076923077,6.0,6.0,0.0,0.2,27.0,243.0,0.6923076923076923,1.0,2.0,1.3076923076923077,18.0,18.0,0.0,0.6862745098039215,81.0,1.0,0.0,0.0,-0.746588107,0.9214387948358368,2.5852061069342507,2.928274844890418,-0.295079388,1.0159441533874105,0.2425862310219169,0.4043103850365275,7.2,12.0,-0.452662722,-0.452662722,3.41344730693425,4.141206,-0.573262549,-0.573262549,6.988915999272904e-16,8.881784197001252e-16,2.8617558143983164,3.586389598304537,-0.864929398,-0.147423823,2.8617558143983186,3.58638959830454,-0.95802544,0.0032016437616733,1.0997455279610985e-15,1.3240182150652125e-15,-3.709159969,-3.709159969,-0.900649993,-0.900649993,1.114752790845946,5.960128210919736,1.1364599906369428,5.964719950857914,0.95,5.69485,11.0301,0.0,0.0,0.0,0.0,0.0,0.0,0.0,2.0,0.0,2.0,25.55,-5.356469956,-2.187909982,-2.187909982,-2.187909982,1.2615776897041928,6.030562050389042,1.3050599892478825,5.949019950987262,1.3,6.82507,15.0,8.0,2.0,0.0,14.0,0.0,0.0,0.0,2.0,8.0,18.0,16.2,-9.787249919,-9.787269919,3.47662997135677,-9.787269919,-3.814405005,16.99279956799987,-3.66805997,16.856479861122974,3.44,13.61805,35.1211,0.0,0.0,0.0,0.0,2.0,4.0,0.0,2.0,2.0,6.0,0.802,4.141206,221.0,4.141206
mp-4783.cif,72,Ba1 Pr1 O3,Ba,Pr,Pr,O,BaPrO3,3,0.6,1.0803374848257208e-16,6.797166998504163e-34,0.5285057688927653,0.0794145045745532,0.4443056895515563,0.0118176346093085,0.5890471774591874,0.0238863939540648,1.8142415965759717e-39,6.0463513880134645e-78,-0.133233166,1.333352330525212,-0.400289858,0.7090986166943698,1.361064447874926,0.1167560416551348,36.15867583252904,0.0361274125202573,11.19628220169622,19.604037700689727,0.031671720481331,0.0021640741698855,69.77884109477908,702.7866630715322,47.71328856871056,792.2897001023346,7.514036520024224,15.343277066137594,53.70956162376957,716.7713531801029,50.37256637115959,817.9782158736506,50.37256637115957,817.978215873649,0.9208206987966724,0.0135254635617845,1.13118856167057,0.0371296427589762,0.1419438832383607,0.0434672529221709,0.8625069092345286,0.0013398912600084,2.821396044821382,0.9681006271945544,1.3167172048133078,0.216407416988553,0.237037545498992,0.0007683665026991,180.0,0.0,77.67905932767925,217.82264111877487,102.32094067232076,217.82264111877487,36.15867583252904,0.0361274125202573,103.96769212857733,23.33042520611213,2.8864305777439867,0.1489319548733494,8.464188134464148,8.71290564475099,0.2027055440523255,0.0003750800761307,100.23851231939751,65.73168165346478,36.288714886182255,10.817586722045268,-0.223952858,0.1082036844541362,1.3167172048133078,0.216407416988553,0.3011084471573894,0.195602638149769,0.1419438832383606,0.0434672529221708,2.9868000601297835,0.1792200301635115,2.685691612972394,0.2187575630595379,27.0,81.0,0.2307692307692307,1.0,3.0,2.076923076923077,6.0,6.0,0.0,0.2,27.0,81.0,0.2307692307692307,1.0,3.0,2.076923076923077,6.0,6.0,0.0,0.2,81.0,1.0,0.0,0.0,-1.106361205,-0.082481292,2.865664230971909,3.245951051619848,-0.159769832,1.3252550408550785,0.2689033896760308,0.4481723161267172,7.2,12.0,0.964187327823692,0.964187327823692,3.7837578309719087,4.590468,-1.454163853,-1.454163853,6.970154532473727e-16,8.503660955450859e-16,3.1722156516264626,3.975461903259543,-0.779607501,0.1179193670566447,3.1722156516264635,3.975461903259544,0.5626682111704902,1.6397283011217143,6.841117775429413e-16,7.727379113557586e-16,-3.358279972,-3.358279972,-1.334939989,-1.334939989,1.4983806876590446,5.406739955395823,1.6443999864521308,5.413399955400124,0.89,5.211664,10.00383,0.0,0.0,0.0,0.0,0.0,0.0,0.0,2.0,0.0,2.0,39.7,-3.552829971,-1.857289985,-1.857289985,-1.857289985,-2.664784778,2.129404682427247,0.600049995056313,6.411329947178387,1.13,5.473,10.55,0.0,0.0,11.0,3.0,0.0,0.0,0.0,2.0,11.0,5.0,28.2,-9.787249919,-9.787269919,3.47662997135677,-9.787269919,-3.814405005,16.99279956799987,-3.66805997,16.856479861122974,3.44,13.61805,35.1211,0.0,0.0,0.0,0.0,2.0,4.0,0.0,2.0,2.0,6.0,0.802,4.590467999999999,221.0,4.590467999999999
mp-504715.cif,74,Ba1 Ti1 O3,Ba,Ti,Ti,O,BaTiO3,3,0.6,1.414395664371953e-16,5.910441527825484e-33,0.5455186773287557,0.077384504325321,0.4377428176408773,0.011515551238887,0.5983776565624235,0.0232758079416004,-1.0999999999999999e-38,3.4295314040237166e-76,-0.065359041,1.322501829797052,-0.365445268,0.732747549590488,1.351778894122302,0.1191699531773746,36.14720089874504,0.0352039604096779,10.928980690727268,19.10291763916496,0.0329358867528616,0.0022088160390888,69.94782911092568,730.0208617749656,47.78846864419639,838.8181870038366,7.297910524565668,14.995580840888277,53.43878333854977,743.0720403968536,49.87931161011381,841.5525592149594,49.87931161011381,841.5525592149589,0.917660283117846,0.0138051002443051,1.1364249098181964,0.0378972918733203,0.1494963241366014,0.0455073822732446,0.8604438379018469,0.0013076685513791,2.761995709050504,0.9433539574896276,1.3293588675286143,0.2208816039088831,0.2465449795710059,0.0005232297150746,180.0,0.0,78.57006436424243,212.2546404351662,101.42993563575756,212.2546404351662,36.14720089874504,0.0352039604096779,104.25929373578884,22.73405042086529,2.9028434261264424,0.1545456149801985,8.285987127151511,8.490185617406649,0.2128511728016608,9.603128942158448e-05,93.2999644655699,60.44580670105037,37.09151479616794,19.490983262432326,-0.232891864,0.1104407783346522,1.3293588675286143,0.2208816039088831,0.3171295936783593,0.2047832202296008,0.1494963241366014,0.0455073822732445,3.008553290685896,0.1907544899650304,2.6914236970075365,0.2186500118302681,27.0,81.0,0.2307692307692307,1.0,3.0,2.076923076923077,6.0,6.0,0.0,0.2,27.0,81.0,0.2307692307692307,1.0,3.0,2.076923076923077,6.0,6.0,0.0,0.2,81.0,1.0,0.0,0.0,-1.001942234,-0.103640947,2.9022941737317187,3.2874419562195314,-0.226832369,1.443736513910979,0.272340608756094,0.4539010145934894,7.2,12.0,-1.541946866,-1.03125,3.832123173731718,4.649144999999999,-1.184693349,-1.121257799,1.0208829294869868e-15,1.1842378929335002e-15,3.212764044032309,4.0262776758774,-0.231339666,0.9162122448979586,3.21276404403231,4.0262776758774015,0.5064222915633795,1.898195724562237,9.875751205661014e-16,1.1305957885839117e-15,-3.358279972,-3.358279972,-1.334939989,-1.334939989,1.4983806876590446,5.406739955395823,1.6443999864521308,5.413399955400124,0.89,5.211664,10.00383,0.0,0.0,0.0,0.0,0.0,0.0,0.0,2.0,0.0,2.0,39.7,-4.762429961,-3.553389971,-3.553389971,-3.553389971,0.7799878335735743,7.4794458083788,0.8744399927956709,7.940329934581274,1.54,6.82812,13.5755,8.0,2.0,0.0,0.0,0.0,0.0,0.0,2.0,8.0,4.0,14.6,-9.787249919,-9.787269919,3.47662997135677,-9.787269919,-3.814405005,16.99279956799987,-3.66805997,16.856479861122974,3.44,13.61805,35.1211,0.0,0.0,0.0,0.0,2.0,4.0,0.0,2.0,2.0,6.0,0.802,4.649145,221.0,4.649145
mp-510611.cif,75,La1 Co1 O3,La,Co,Co,O,LaCoO3,3,0.6,6.427632258214138e-17,1.1239605970086869e-33,0.5339533634493874,0.078827494324229,0.4422042343282513,0.0117302818934864,0.5920348304736444,0.0237098322772095,6.251644115376633e-40,5.557276682847742e-79,0.2767195748432054,1.8840743868922625,0.1921443982071592,0.9083930274228668,1.593699561462536,3.8349784172601833e-19,36.15500154371313,0.03586036858942,11.110691295143711,19.459130027466827,0.0326978972209293,0.0022006372394224,65.1123068657381,610.9540325967959,42.93989450147394,646.6585629270423,7.426190613467935,15.351556264514407,50.01947312438557,623.2198708512327,46.78789049354072,712.4933267232733,46.78789049354072,712.4933267232732,0.918255256947677,0.0137539827463904,1.1354391248999045,0.037756965855832,0.1419288241480125,0.0414619781642205,0.861699608804043,0.0013387133554581,2.802375843365269,0.9609446927144114,1.3269789722092906,0.2200637239422465,0.2469094012730689,0.0006335104615775,180.0,0.0,77.96436234952095,216.21255586074284,102.03563765047905,216.21255586074284,36.15500154371313,0.03586036858942,104.06106402698256,23.157973097850736,2.793089968964562,0.1383129309477178,8.407127530095806,8.648502234429701,0.2037337895042716,0.0009049205025974,93.95585595235194,8.101061483235238,27.294945828746275,364.0070866642764,-0.23120902,0.1100318350622175,1.3269789722092906,0.2200637239422465,0.3010765020026794,0.1865789017389928,0.1419288241480127,0.0414619781642205,2.893448802965456,0.1678214047250222,2.5923723009627766,0.2036819178857723,27.0,81.0,0.2307692307692307,1.0,3.0,2.076923076923077,6.0,6.0,0.0,0.2,27.0,81.0,0.2307692307692307,1.0,3.0,2.076923076923077,6.0,6.0,0.0,0.2,81.0,1.0,0.0,0.0,-0.835456362,0.4044049236850404,2.775434975272493,3.143747958787489,-0.77184458,-0.707106781,0.2604366082425028,0.4340610137375037,7.2,12.0,-0.754306641,-0.754306641,3.664621175272491,4.445930999999998,-0.20233636,-0.20233636,9.357736025500173e-16,1.248296344382827e-15,3.072334216086744,3.850289189472749,-0.6771218,-0.172147272,3.072334216086745,3.850289189472752,-0.005744523,0.9151029991804124,1.3948188577221289e-15,1.4925822022539546e-15,-3.59120997,-2.347539981,-2.347539981,-2.347539981,0.7574954937130738,5.540775954341044,0.79851999342116,5.6713799532746805,1.1,5.5769,11.059,9.0,1.0,0.0,0.0,0.0,0.0,0.0,2.0,9.0,3.0,31.1,-3.266299973,-3.266309973,-3.199689974,-3.266309973,-0.886438853,7.496390708240698,-0.985829992,7.265179940143695,1.88,7.88101,17.084,3.0,7.0,0.0,0.0,0.0,0.0,0.0,2.0,3.0,9.0,7.5,-9.787249919,-9.787269919,3.47662997135677,-9.787269919,-3.814405005,16.99279956799987,-3.66805997,16.856479861122974,3.44,13.61805,35.1211,0.0,0.0,0.0,0.0,2.0,4.0,0.0,2.0,2.0,6.0,0.802,4.445931,221.0,4.445931
mp-573180.cif,76,La1 Co1 O3,La,Co,Co,O,LaCoO3,3,0.6,9.051425434855174e-17,2.108888572997626e-34,0.5355879491435991,0.0786397817022996,0.4415736792072088,0.0117023484676041,0.5929312949270723,0.0236533718401448,-1.32e-39,2.238647126256852e-78,-0.091028276,1.3548721900818472,-0.364897361,0.7376831923810362,1.365665258574646,0.1154961070883796,36.15389901924097,0.0357749870800062,11.08500919454845,19.412791825939124,0.0310453507655358,0.0021407212723984,47.60018804165286,339.73766993473595,26.910273227603376,262.7479988761835,7.458645606732896,15.00647134105083,36.49972187904039,345.73495273083927,34.23836424663399,390.3962324837252,34.23836424663399,390.39623248372527,0.9223866230861604,0.0133795079524901,1.128594053357149,0.0367289703822392,0.1156873761293546,0.0297261677786507,0.8619202001711621,0.0013122703773756,2.7966687098996554,0.9586563864661296,1.3104535076553567,0.2140721272398421,0.2461914701053536,0.0005624558814136,180.0,0.0,78.04996935150515,215.69768695487923,101.95003064849485,215.69768695487923,36.15389901924097,0.0357749870800062,104.0890808485639,23.10282664458611,2.3868939560542586,0.1061792696798975,8.390006129698966,8.627907478195164,0.2129725582995959,0.0002457795271534,91.8775305925842,173.49288377643222,36.69398673570554,12.804777103762408,-0.219523738,0.1070360222493229,1.3104535076553567,0.2140721272398421,0.2454099844762366,0.1337677550039286,0.1156873761293546,0.0297261677786507,2.4686972842130044,0.1289784215563273,2.223287299736768,0.1497594692629903,27.0,81.0,0.2307692307692307,1.0,3.0,2.076923076923077,6.0,6.0,0.0,0.2,27.0,243.0,0.6923076923076923,1.0,2.0,1.3076923076923077,18.0,18.0,0.0,0.6862745098039215,81.0,1.0,0.0,0.0,-0.348234463,1.4262518623267102,2.382701709948857,2.6988971832480946,-0.76760764,-0.707106781,0.2235839633503814,0.3726399389173018,7.2,12.0,0.6069075735004078,0.936761118408707,3.1460651099488555,3.816817,-0.9214818,-0.714271659,8.415856889705918e-16,9.044766308671292e-16,2.6375887222814653,3.3054604835963075,-0.220383595,0.8148782633058684,2.637588722281467,3.3054604835963084,-0.491472616,0.8290287027161124,8.35216058500528e-16,1.0770371417579045e-15,-3.59120997,-2.347539981,-2.347539981,-2.347539981,0.7574954937130738,5.540775954341044,0.79851999342116,5.6713799532746805,1.1,5.5769,11.059,9.0,1.0,0.0,0.0,0.0,0.0,0.0,2.0,9.0,3.0,31.1,-3.266299973,-3.266309973,-3.199689974,-3.266309973,-0.886438853,7.496390708240698,-0.985829992,7.265179940143695,1.88,7.88101,17.084,3.0,7.0,0.0,0.0,0.0,0.0,0.0,2.0,3.0,9.0,7.5,-9.787249919,-9.787269919,3.47662997135677,-9.787269919,-3.814405005,16.99279956799987,-3.66805997,16.856479861122974,3.44,13.61805,35.1211,0.0,0.0,0.0,0.0,2.0,4.0,0.0,2.0,2.0,6.0,0.802,3.816817,221.0,3.816817
mp-3834.cif,77,Ba1 Zr1 O3,Ba,Zr,Zr,O,BaZrO3,3,0.6,1.4124698702651915e-16,5.326351984164481e-34,0.5291407824135208,0.0793491341989147,0.4440607277677468,0.0118079068748384,0.5893954412735714,0.0238667317707673,1.1399652398687431e-39,1.6702048498988726e-78,-0.139699837,1.316367541045854,-0.412465032,0.6973059792639075,1.355255743554711,0.1182862927817276,36.15824751231551,0.0360976664054369,11.186305067320742,19.58790055653209,0.032462536866722,0.0021924373868489,58.85275165741235,492.8477948654052,36.911591682324406,469.415238793532,7.483660605545501,15.4655997948403,45.30794297268006,503.1092145482203,42.4278333463668,576.9294687303952,42.4278333463668,576.9294687303953,0.9188436578331948,0.0137027336678056,1.134464230392329,0.0376162786275615,0.1335053892164214,0.0370817210093652,0.8622543470456973,0.0013488705871217,2.8191789038490533,0.9673037311867702,1.32462536866722,0.2192437386848915,0.2520989918869907,0.0003542630322166,180.0,0.0,77.71231644226418,217.64333951702352,102.28768355773585,217.6433395170235,36.15824751231551,0.0360976664054369,103.9785762677162,23.311220757644666,2.6523302561508504,0.1232865713706395,8.457536711547162,8.705733580680931,0.2168012263033369,8.414494137857245e-05,99.11354073496484,86.07763483182097,36.53463522557083,12.68795192489024,-0.229544767,0.1096218378230354,1.32462536866722,0.2192437386848915,0.2832076981196441,0.1668677445421441,0.1335053892164215,0.0370817210093652,2.746732822190732,0.1485248435754208,2.4635251240710883,0.184055189989173,27.0,81.0,0.2307692307692307,1.0,3.0,2.076923076923077,6.0,6.0,0.0,0.2,27.0,243.0,0.6923076923076923,1.0,2.0,1.3076923076923077,18.0,18.0,0.0,0.6862745098039215,81.0,1.0,0.0,0.0,-0.852094863,0.4503133276756226,2.629641941248844,2.9786075187480745,-0.300411193,0.944744856511586,0.2467559262503856,0.4112598770839751,7.2,12.0,0.0278829905017188,0.0278829905017188,3.4721193712488425,4.212387149999999,0.3862441906666118,0.3862441906666118,7.65869393783554e-16,9.204863097018305e-16,2.910945125407732,3.6480342824751273,-1.081603798,-0.901979198,2.9109451254077325,3.6480342824751286,0.8284612789154426,1.3721587978829262,1.1226576553430445e-15,1.4566707760134765e-15,-3.358279972,-3.358279972,-1.334939989,-1.334939989,1.4983806876590446,5.406739955395823,1.6443999864521308,5.413399955400124,0.89,5.211664,10.00383,0.0,0.0,0.0,0.0,0.0,0.0,0.0,2.0,0.0,2.0,39.7,-4.648009962,-3.055889975,-3.055889975,-3.055889975,0.5037961558380569,7.098576891509628,0.5568399954123112,7.006299942276553,1.33,6.6339,13.1,8.0,2.0,0.0,0.0,0.0,0.0,0.0,2.0,8.0,4.0,17.9,-9.787249919,-9.787269919,3.47662997135677,-9.787269919,-3.814405005,16.99279956799987,-3.66805997,16.856479861122974,3.44,13.61805,35.1211,0.0,0.0,0.0,0.0,2.0,4.0,0.0,2.0,2.0,6.0,0.802,4.21238715,221.0,4.21238715
mp-19062.cif,78,Nd1 Cr1 O3,Nd,Cr,Cr,O,NdCrO3,3,0.6,1.4485065402422576e-16,4.776227890002569e-33,0.5381692086553234,0.0783324727214494,0.4405779367327574,0.0116566179645013,0.5943469486951971,0.0235609390607484,1.1999481748262303e-38,1.7394092134168458e-76,-0.117518841,1.2871559567316413,-0.414693939,0.6911097971978313,1.3419295525451005,0.1215419631872504,36.15215806506853,0.0356351821374124,11.044453250202846,19.336930408952096,0.034276808972428,0.0022527812639104,50.07984814880473,354.9589044097965,28.89201178878505,290.6588024813109,7.334664564295728,15.481396309143188,38.4314961458015,362.50266645514046,35.82219091872188,417.2107461599742,35.82219091872187,417.21074615997406,0.9143079775689302,0.0140798828994404,1.1419791915125144,0.0386516158767031,0.1305767016369111,0.0326926139034969,0.8608895784726179,0.0013469870368339,2.787656277822854,0.9549101436519551,1.3427680897242786,0.2252781263910475,0.2553582561713982,0.0002025030408198,180.0,0.0,78.18515583265716,214.8547823216898,101.81484416734284,214.8547823216898,36.15215806506853,0.0356351821374124,104.1333237219569,23.012545340715675,2.453875595481682,0.1037441643322769,8.362968833468564,8.594191292867597,0.2219785488393907,3.630011269242347e-05,86.16153416228964,42.74863814142549,36.71064933030901,14.489612977234517,-0.242373597,0.1126390224459586,1.3427680897242786,0.2252781263910475,0.2769950135772976,0.1471167625657365,0.1305767016369111,0.0326926139034969,2.546207266674115,0.1267052509959355,2.2692122530968177,0.1558998327154513,27.0,81.0,0.2307692307692307,1.0,3.0,2.076923076923077,6.0,6.0,0.0,0.2,27.0,243.0,0.6923076923076923,1.0,2.0,1.3076923076923077,18.0,18.0,0.0,0.6862745098039215,81.0,1.0,0.0,0.0,-0.245178352,2.970139328091461,2.4358222123477606,2.759067020579601,-0.037493166,1.7150908933754008,0.2285685958840799,0.3809476598067993,7.2,12.0,-1.068820984,-0.984856679,3.21620421234776,3.90191,0.2709851108132659,0.6623048374328819,7.544361096235822e-16,1.1208630755988309e-15,2.696391734620044,3.379153183280536,1.6710177567601276,2.229102978426062,2.696391734620046,3.379153183280538,-1.942746796,-1.862077137,7.8350667596218695e-16,9.61243911074767e-16,-2.781479977,-2.781479977,-1.072319991,-1.072319991,2.903782976091173,6.083155549909696,1.8723199845743448,6.376199947467815,1.14,5.525,10.72,0.0,0.0,10.0,4.0,0.0,0.0,0.0,2.0,10.0,6.0,31.4,-4.787509961,-4.787509961,-4.710739961,-4.787509961,-3.386652872,7.192547130741292,-0.713879994,7.198049940696766,1.66,6.76651,16.4857,5.0,5.0,0.0,0.0,0.0,0.0,1.0,1.0,6.0,6.0,11.6,-9.787249919,-9.787269919,3.47662997135677,-9.787269919,-3.814405005,16.99279956799987,-3.66805997,16.856479861122974,3.44,13.61805,35.1211,0.0,0.0,0.0,0.0,2.0,4.0,0.0,2.0,2.0,6.0,0.802,3.90191,221.0,3.90191
mp-19257.cif,80,Sm1 Cr1 O3,Sm,Cr,Cr,O,SmCrO3,3,0.6,8.16998774095992e-17,1.232143994254414e-34,0.5416537845152379,0.0778964835537321,0.4392337324118028,0.0115917386240672,0.596258013012442,0.023429801693896,8.85207231156691e-41,4.313066226866118e-79,-0.090770139,1.308172751644476,-0.388321762,0.7142123850847072,1.347824324723391,0.1201456406306142,36.14980769229503,0.0354368531412312,10.989704681141562,19.22930336869273,0.0334742750229353,0.0022269004139824,49.05039325293241,350.5073680512392,28.040340280264065,281.62342698407144,7.322241536739655,15.223180795150764,37.558523644972006,357.3035171795276,35.04199922171381,407.5736583082605,35.041999221713795,407.5736583082602,0.9163143124426616,0.01391812758739,1.1386549870510672,0.0382075706930863,0.1267241026884186,0.0319151496805754,0.8607176118542701,0.0013262749747581,2.775489929142569,0.9495952280835914,1.334742750229351,0.2226900413982413,0.2408651271810477,0.0005820389183428,180.0,0.0,78.36765106286144,213.6589263188082,101.63234893713856,213.6589263188082,36.14980769229503,0.0354368531412312,104.19304938560116,22.88446009814382,2.4293884381598945,0.1053241046644651,8.326469787427708,8.546357052752324,0.1945067634857706,0.0006576981858165,92.10828687920969,8.946242965262178,25.642022286308386,338.9760921916393,-0.236698825,0.1113449796544719,1.334742750229351,0.2226900413982413,0.2688224170522836,0.1436181735625896,0.1267241026884185,0.0319151496805754,2.518995910510656,0.1293067760524885,2.250173493458372,0.1531042109301448,27.0,81.0,0.2307692307692307,1.0,3.0,2.076923076923077,6.0,6.0,0.0,0.2,27.0,243.0,0.6923076923076923,1.0,2.0,1.3076923076923077,18.0,18.0,0.0,0.6862745098039215,81.0,1.0,0.0,0.0,-1.057449324,-0.235701245,2.4206294977075187,2.7418581628458645,-0.212401956,0.7919573954993472,0.2271429674308273,0.3785716123847117,7.2,12.0,-0.301821555,-0.301821555,3.196144097707517,3.877572999999999,0.0094187099691278,0.0094187099691278,5.14439704304415e-16,7.35197800207e-16,2.6795737952914984,3.3580767230286352,-0.951178325,-0.708930792,2.679573795291499,3.3580767230286352,1.2763474439122051,1.2764890577362575,6.727976459970877e-16,8.219761290855804e-16,-3.504979971,-1.789769985,-1.789769985,-1.789769985,-7.811453736,-3.64157787,2.026719983302276,6.161479949236849,1.17,5.6437,11.07,0.0,0.0,8.0,6.0,0.0,0.0,0.0,2.0,8.0,8.0,28.8,-4.787509961,-4.787509961,-4.710739961,-4.787509961,-3.386652872,7.192547130741292,-0.713879994,7.198049940696766,1.66,6.76651,16.4857,5.0,5.0,0.0,0.0,0.0,0.0,1.0,1.0,6.0,6.0,11.6,-9.787249919,-9.787269919,3.47662997135677,-9.787269919,-3.814405005,16.99279956799987,-3.66805997,16.856479861122974,3.44,13.61805,35.1211,0.0,0.0,0.0,0.0,2.0,4.0,0.0,2.0,2.0,6.0,0.802,3.877573,221.0,3.877573
mp-19322.cif,81,Ba1 Mo1 O3,Ba,Mo,Mo,O,BaMoO3,3,0.6,8.518316831542065e-17,3.5672375297701803e-35,0.5379251660130921,0.0783620973274291,0.440672078225832,0.0116610263880102,0.5942131071017857,0.0235698495867658,3.516484472914179e-40,3.8248875828444105e-79,-0.104461409,1.3127152366623256,-0.394185203,0.7105236333488174,1.3505781306910702,0.1194695170761352,36.15232262494085,0.0356486806300715,11.048287572079944,19.344243454542514,0.0330993626901057,0.0022143684585194,53.72009983815218,418.2641607343695,32.15842248199579,366.6991438518229,7.372544167350124,15.288215439102457,41.19930039492875,426.5162865291136,38.4868841849334,487.0650212913119,38.48688418493339,487.06502129131167,0.9172515932747354,0.0138398028657463,1.137102049321479,0.0379925563299523,0.1308250897637606,0.0345933567809644,0.8611928641228634,0.0013325517666222,2.7885083493511,0.9552712817058032,1.3309936269010576,0.221436845851941,0.2423338128110539,0.0006545011851022,180.0,0.0,78.1723747597335,214.93603838380585,101.8276252402665,214.93603838380585,36.15232262494085,0.0356486806300715,104.12914080381506,23.02124820244769,2.5397770876438805,0.1147577484378622,8.365525048053296,8.597441535352228,0.2040570311450339,0.0003246434898979,85.65049822811994,57.25935981731243,37.60104330582626,20.422508311604417,-0.2340478,0.1107183870638844,1.3309936269010576,0.221436845851941,0.2775219243638821,0.1556701055143405,0.1308250897637606,0.0345933567809644,2.6322843957651747,0.1400821923950849,2.3547624714012927,0.16788893086631,27.0,81.0,0.2307692307692307,1.0,3.0,2.076923076923077,6.0,6.0,0.0,0.2,27.0,243.0,0.6923076923076923,1.0,2.0,1.3076923076923077,18.0,18.0,0.0,0.6862745098039215,81.0,1.0,0.0,0.0,-1.058117601,0.0548933831129083,2.527270256244368,2.8626506404072787,-0.324438454,1.1264168437072837,0.2371497439185445,0.3952495731975737,7.2,12.0,0.0,0.0,3.3369501282443665,4.04839936,0.0,0.0,5.859915734395092e-16,6.395615591109088e-16,2.7976223369439777,3.5060166904246595,-0.5059214,-0.137942328,2.79762233694398,3.5060166904246635,0.5006536391794094,1.4073411749282256,1.1506911638703417e-15,1.845925473711308e-15,-3.358279972,-3.358279972,-1.334939989,-1.334939989,1.4983806876590446,5.406739955395823,1.6443999864521308,5.413399955400124,0.89,5.211664,10.00383,0.0,0.0,0.0,0.0,0.0,0.0,0.0,2.0,0.0,2.0,39.7,-4.383179964,-4.383179964,-4.365489964,-4.383179964,-1.305812289,6.741639444492492,-1.383299989,6.258549948437109,2.16,7.09243,16.16,5.0,5.0,0.0,0.0,0.0,0.0,1.0,1.0,6.0,6.0,12.8,-9.787249919,-9.787269919,3.47662997135677,-9.787269919,-3.814405005,16.99279956799987,-3.66805997,16.856479861122974,3.44,13.61805,35.1211,0.0,0.0,0.0,0.0,2.0,4.0,0.0,2.0,2.0,6.0,0.802,4.04839936,221.0,4.04839936
mp-19328.cif,82,Na1 W1 O3,Na,W,W,O,NaWO3,3,0.6,1.2193771949569368e-16,2.411138295419995e-33,0.5397845998404935,0.0781333748876444,0.4399547860543299,0.0116269903106613,0.5952328862027956,0.0235010541654243,4.689688024799336e-39,4.898778683539769e-77,-0.098879834,1.3082703037631915,-0.39312701,0.710661207631878,1.3484485410350526,0.1199937102989693,36.151068517283655,0.0355446081094976,11.019072727746822,19.287781686549945,0.0333892921311887,0.0022240843840969,51.54552585182783,385.2686118551776,30.211495927695445,324.7404960599187,7.344369721228891,15.273997255437228,39.50307032597373,392.85643283956153,36.87238995450112,448.6893594873948,36.87238995450111,448.6893594873944,0.9165267696720284,0.0139005274006062,1.1383029763877563,0.0381592552586622,0.1294019163819149,0.033405521281945,0.8609315516718222,0.0013307986952206,2.782016161721516,0.9524830462493798,1.3338929213118862,0.2224084384097007,0.2410359862504651,0.0005829548306002,180.0,0.0,78.26975757417725,214.30868540611056,101.73024242582277,214.30868540611056,36.151068517283655,0.0355446081094976,104.16101156467266,22.954054299025096,2.489254868637908,0.1101005590844566,8.34604848516455,8.572347416244419,0.1946007340908411,0.000788314003676,84.985357335674,94.76974425263136,25.327925234086667,321.5653996432616,-0.236097908,0.1112041809971715,1.3338929213118862,0.2224084384097007,0.2745029177165601,0.1503248457687529,0.1294019163819149,0.033405521281945,2.580755841210095,0.1347867540059864,2.3062529234935347,0.1609447330872325,27.0,81.0,0.2307692307692307,1.0,3.0,2.076923076923077,6.0,6.0,0.0,0.2,27.0,243.0,0.6923076923076923,1.0,2.0,1.3076923076923077,18.0,18.0,0.0,0.6862745098039215,81.0,1.0,0.0,0.0,-0.57771778,1.657843486273113,2.478071155990047,2.806922593316745,-0.602675958,0.4823854348008886,0.2325330813366513,0.3875551355610851,7.2,12.0,0.0,0.0,3.271988755990046,3.969588,0.0,0.0,5.655525926364004e-16,7.401486830834377e-16,2.743160214624868,3.4377640505578606,-0.673453869,-0.155712,2.743160214624868,3.4377640505578606,0.2682295351253592,1.3098163848214155,6.418337613074473e-16,8.840569198756811e-16,-2.665759978,-2.665759978,-2.665759978,-2.665759978,-0.496947569,4.962073789117701,-0.490429996,4.9517099592038925,0.93,5.139076,47.2864,0.0,0.0,0.0,0.0,0.0,0.0,1.0,1.0,1.0,1.0,24.11,-6.06602995,-4.355829964,-4.355829964,-4.355829964,-0.368762497,8.697226028512699,-0.333519997,8.635419928854573,2.36,7.86403,16.1,6.0,4.0,0.0,14.0,0.0,0.0,0.0,2.0,6.0,20.0,11.1,-9.787249919,-9.787269919,3.47662997135677,-9.787269919,-3.814405005,16.99279956799987,-3.66805997,16.856479861122974,3.44,13.61805,35.1211,0.0,0.0,0.0,0.0,2.0,4.0,0.0,2.0,2.0,6.0,0.802,3.969588,221.0,3.969588
mp-19353.cif,83,Pr1 Cr1 O3,Pr,Cr,Cr,O,PrCrO3,3,0.6,1.0008129456243708e-16,1.326166839345406e-33,0.5399296520816261,0.0781152417645189,0.4398988309375142,0.0116242919292438,0.5953124379684362,0.0234956000619842,7.178375350832526e-40,5.1249146383998654e-79,-0.102623512,1.300435188878748,-0.399301772,0.7048855072599706,1.345746144662966,0.1206458405320968,36.150970693927526,0.0355363642998035,11.01679371217638,19.28330539558409,0.0337572053890849,0.0022361716232276,49.46707990485818,352.3024604155448,28.386240403589227,285.1543906250929,7.331812979778377,15.33159752061698,37.916405470246616,359.3995662940205,35.36653454534009,411.43737462638217,35.36653454534007,411.43737462638194,0.9156069865272878,0.0139760726451726,1.1398269229997309,0.0383666394958142,0.128098900301004,0.0322005257541515,0.8608296490688451,0.0013350731562957,2.781509713816973,0.952261994843659,1.337572053890847,0.2236171623227621,0.2564084420531897,0.0001537975095054,180.0,0.0,78.27735429274537,214.2589488398237,101.7226457072546,214.2589488398237,36.150970693927526,0.0355363642998035,104.16349776853488,22.94872708234802,2.43910310617502,0.1046986195971958,8.344529141450918,8.57035795359293,0.2116005193930367,0.0002064651679632,95.19192405962724,61.29911412476968,24.81389921846879,314.7550555624107,-0.238699445,0.1118085402383046,1.337572053890847,0.2236171623227621,0.2717388031961386,0.1449023658936825,0.128098900301004,0.0322005257541515,2.5296827072404,0.1282163243356098,2.257943904044261,0.1542647873828223,27.0,81.0,0.2307692307692307,1.0,3.0,2.076923076923077,6.0,6.0,0.0,0.2,27.0,243.0,0.6923076923076923,1.0,2.0,1.3076923076923077,18.0,18.0,0.0,0.6862745098039215,81.0,1.0,0.0,0.0,-0.746814673,0.4548668097462438,2.4263820911007,2.7483741518345,-0.365260934,1.0872173317506364,0.2276827696331006,0.3794712827218338,7.2,12.0,0.0597858417608563,0.0597858417608563,3.203739691100698,3.886787999999999,-1.054172893,-1.054172893,6.378543679733105e-16,7.879484434146057e-16,2.6859417663196674,3.366057147124508,-0.328316815,0.1453287197231829,2.6859417663196687,3.366057147124509,-0.70461151,0.4208660826387823,6.801486416259982e-16,7.668073715707819e-16,-3.552829971,-1.857289985,-1.857289985,-1.857289985,-2.664784778,2.129404682427247,0.600049995056313,6.411329947178387,1.13,5.473,10.55,0.0,0.0,11.0,3.0,0.0,0.0,0.0,2.0,11.0,5.0,28.2,-4.787509961,-4.787509961,-4.710739961,-4.787509961,-3.386652872,7.192547130741292,-0.713879994,7.198049940696766,1.66,6.76651,16.4857,5.0,5.0,0.0,0.0,0.0,0.0,1.0,1.0,6.0,6.0,11.6,-9.787249919,-9.787269919,3.47662997135677,-9.787269919,-3.814405005,16.99279956799987,-3.66805997,16.856479861122974,3.44,13.61805,35.1211,0.0,0.0,0.0,0.0,2.0,4.0,0.0,2.0,2.0,6.0,0.802,3.886788,221.0,3.886788
mp-20029.cif,84,Sr1 Cr1 O3,Sr,Cr,Cr,O,SrCrO3,3,0.6,1.2250518843577375e-16,2.4332473307190845e-33,0.5408687368900806,0.077996827753668,0.4395365711079066,0.0116066707966767,0.5958274652028692,0.0234599833477829,5.1694283191577964e-39,3.4106410743446247e-77,-0.090679946,1.3144356348718589,-0.385105081,0.7174789030018495,1.350208332630043,0.1195611927253272,36.15033726673624,0.0354824790990889,11.002039104569317,19.2540740511912,0.0331497082327413,0.0022160676673582,49.455029181909886,357.7418724942346,28.40280561885917,289.49477595661347,7.340201489397308,15.195490127041218,37.87506360029066,364.5917198157872,35.36280676526105,415.3097625268111,35.36280676526104,415.30976252681086,0.9171257294181469,0.013850422920989,1.137310587387125,0.0380217101445658,0.1260012731412514,0.0320164712292354,0.8608756632486783,0.0013244947744558,2.778230912126515,0.9508184716637624,1.3314970823274122,0.2216067667358251,0.2437873318210159,0.0005333171496427,180.0,0.0,78.32653631810226,213.93415612434688,101.67346368189774,213.93415612434688,36.15033726673624,0.0354824790990889,104.17959368900544,22.91393954784869,2.4385419837483164,0.106757871566195,8.334692736379544,8.557366244973863,0.1966117839129587,0.0007627431346383,90.63173517944242,17.35147953856936,26.803066691015264,359.44352348455243,-0.234403792,0.110803343012924,1.3314970823274122,0.2216067667358251,0.2672890640289518,0.1440741205315598,0.1260012731412514,0.0320164712292354,2.5276383384246337,0.1308915727627128,2.260349274395682,0.1545398828608659,27.0,81.0,0.2307692307692307,1.0,3.0,2.076923076923077,6.0,6.0,0.0,0.2,27.0,243.0,0.6923076923076923,1.0,2.0,1.3076923076923077,18.0,18.0,0.0,0.6862745098039215,81.0,1.0,0.0,0.0,-0.367517196,1.7660170113751903,2.4303873693655547,2.752910948942592,-0.492474768,0.4281241944733369,0.2280586102114819,0.3800976836858027,7.2,12.0,1.5291481390707613,1.5291481390707613,3.2090281693655536,3.893203999999999,-1.716431497,-1.716431497,5.975776756730134e-16,8.373826446313467e-16,2.690375505019258,3.371613566115188,-0.41202802,0.795486668551221,2.69037550501926,3.371613566115192,-0.77967282,0.7216114134837189,1.042433342486544e-15,1.7018055469503102e-15,-3.709159969,-3.709159969,-0.900649993,-0.900649993,1.114752790845946,5.960128210919736,1.1364599906369428,5.964719950857914,0.95,5.69485,11.0301,0.0,0.0,0.0,0.0,0.0,0.0,0.0,2.0,0.0,2.0,25.55,-4.787509961,-4.787509961,-4.710739961,-4.787509961,-3.386652872,7.192547130741292,-0.713879994,7.198049940696766,1.66,6.76651,16.4857,5.0,5.0,0.0,0.0,0.0,0.0,1.0,1.0,6.0,6.0,11.6,-9.787249919,-9.787269919,3.47662997135677,-9.787269919,-3.814405005,16.99279956799987,-3.66805997,16.856479861122974,3.44,13.61805,35.1211,0.0,0.0,0.0,0.0,2.0,4.0,0.0,2.0,2.0,6.0,0.802,3.893204,221.0,3.893204
mp-20031.cif,85,Nd1 Co1 O3,Nd,Co,Co,O,NdCoO3,3,0.6,6.535327900986946e-17,1.1534650941109761e-34,0.5422844146204859,0.0778149841166323,0.438990461567236,0.0115796107316417,0.59660387280714,0.0234052881913308,2.6916757385412398e-40,4.581688321831088e-80,-0.085803559,1.3120448070048585,-0.383360832,0.718413996305704,1.348967411684065,0.1198668273325834,36.14938242167012,0.0353997544135312,10.97979641762333,19.209184650505808,0.0333186513507222,0.0022217326072412,47.083295467586986,324.6885999790044,26.3768507264762,250.5070053943935,7.320304737893886,15.17465969115328,36.037496056659215,330.874443402949,33.62942621738928,376.8087898556116,33.62942621738928,376.8087898556116,0.9167033716231942,0.0138858287952577,1.1380103726944983,0.0381189051469522,0.1236748254470393,0.0306111448990357,0.8606889409873598,0.0013223883135177,2.7732880928051844,0.9486017111360894,1.3331865135072225,0.2221732607241239,0.253162803202301,0.0002537940372861,180.0,0.0,78.4006786079222,213.43538500562013,101.59932139207775,213.4353850056201,36.14938242167012,0.0353997544135312,104.20385843849697,22.860517450742947,2.380321959344398,0.1017613709518753,8.319864278415553,8.537415400224804,0.2125283552609319,0.00021797679553,93.45892039357022,7.43401709969015,27.137432181958605,369.87026194803616,-0.235598397,0.1110865869200436,1.3331865135072225,0.2221732607241239,0.2623539232069926,0.1377501520456609,0.1236748254470393,0.0306111448990357,2.4677732670800627,0.1250406839340738,2.20541934387307,0.1470361796845855,27.0,81.0,0.2307692307692307,1.0,3.0,2.076923076923077,6.0,6.0,0.0,0.2,27.0,243.0,0.6923076923076923,1.0,2.0,1.3076923076923077,18.0,18.0,0.0,0.6862745098039215,81.0,1.0,0.0,0.0,-0.297155124,1.5473120412616552,2.3734176547189727,2.688381091198288,0.0066660477701165,1.5316607326148308,0.2227127817603427,0.3711879696005705,7.2,12.0,-0.782589616,-0.711893462,3.133806654718972,3.801945,-0.814235971,-0.602609635,7.97749927636526e-16,1.3540203757236296e-15,2.627311514996502,3.2925809537912243,-0.537387106,0.5706789881744854,2.627311514996504,3.292580953791227,-0.063327392,1.009660484486364,9.891755872751717e-16,1.2124289103853586e-15,-2.781479977,-2.781479977,-1.072319991,-1.072319991,2.903782976091173,6.083155549909696,1.8723199845743448,6.376199947467815,1.14,5.525,10.72,0.0,0.0,10.0,4.0,0.0,0.0,0.0,2.0,10.0,6.0,31.4,-3.266299973,-3.266309973,-3.199689974,-3.266309973,-0.886438853,7.496390708240698,-0.985829992,7.265179940143695,1.88,7.88101,17.084,3.0,7.0,0.0,0.0,0.0,0.0,0.0,2.0,3.0,9.0,7.5,-9.787249919,-9.787269919,3.47662997135677,-9.787269919,-3.814405005,16.99279956799987,-3.66805997,16.856479861122974,3.44,13.61805,35.1211,0.0,0.0,0.0,0.0,2.0,4.0,0.0,2.0,2.0,6.0,0.802,3.801945,221.0,3.801945
mp-20427.cif,86,Pr1 Co1 O3,Pr,Co,Co,O,PrCoO3,3,0.6,1.229791085759153e-16,4.0264164813708875e-34,0.5369094002491961,0.0784841225855658,0.4410639183761971,0.0116791849085663,0.5936560253265282,0.0236065524964397,3.0050873423157854e-39,8.621833816727499e-78,-0.111699964,1.307536732843024,-0.401036123,0.7046251618161948,1.3491989069314836,0.1198100445096863,36.15300775328497,0.0357041880017386,11.064246966941887,19.374366261122542,0.0332871348138083,0.0022206801372681,47.90764386570612,330.1683781480918,27.07507014817967,257.98554222491333,7.3775506002136755,15.355184344861254,36.7640216952164,336.8384350156192,34.33682725525074,385.5255865609251,34.33682725525074,385.5255865609251,0.916782162965479,0.0138792508579261,1.137879826924211,0.0381008476170128,0.1241062210084074,0.0308688380031199,0.8612538926724655,0.0013379490346357,2.7920548815426423,0.9567588277097554,1.332871348138084,0.2220680137268184,0.2543248007082958,0.0001661202694423,180.0,0.0,78.11917677686037,215.2707362346949,101.88082322313966,215.2707362346949,36.15300775328497,0.0357041880017386,104.1117305625715,23.057096890692304,2.398141615087373,0.1014095756124957,8.376164644627927,8.610829449387799,0.2180090173363087,4.010930069396343e-05,91.06832868327903,171.02828129692438,36.00544663470653,10.209978986445437,-0.235375542,0.1110339640150226,1.332871348138084,0.2220680137268184,0.2632690513874439,0.1389097710140401,0.1241062210084074,0.0308688380031199,2.4858979655498543,0.1236076852585168,2.2226289141624105,0.1496198703298137,27.0,81.0,0.2307692307692307,1.0,3.0,2.076923076923077,6.0,6.0,0.0,0.2,27.0,243.0,0.6923076923076923,1.0,2.0,1.3076923076923077,18.0,18.0,0.0,0.6862745098039215,81.0,1.0,0.0,0.0,-0.67778653,0.9878977129644476,2.383951486614418,2.7003128110240304,-0.12594099,0.8101110732512984,0.2237012377951942,0.3728353963253232,7.2,12.0,-1.357659249,-1.049698664,3.1477152866144174,3.818819000000001,-1.220122115,-1.12103848,7.880715926281616e-16,1.2676509302665956e-15,2.638972192492904,3.307194266454683,-1.149845885,-0.684631089,2.638972192492904,3.307194266454684,-0.144918084,1.1775595168935455,1.0387672349420734e-15,1.3288365972519373e-15,-3.552829971,-1.857289985,-1.857289985,-1.857289985,-2.664784778,2.129404682427247,0.600049995056313,6.411329947178387,1.13,5.473,10.55,0.0,0.0,11.0,3.0,0.0,0.0,0.0,2.0,11.0,5.0,28.2,-3.266299973,-3.266309973,-3.199689974,-3.266309973,-0.886438853,7.496390708240698,-0.985829992,7.265179940143695,1.88,7.88101,17.084,3.0,7.0,0.0,0.0,0.0,0.0,0.0,2.0,3.0,9.0,7.5,-9.787249919,-9.787269919,3.47662997135677,-9.787269919,-3.814405005,16.99279956799987,-3.66805997,16.856479861122974,3.44,13.61805,35.1211,0.0,0.0,0.0,0.0,2.0,4.0,0.0,2.0,2.0,6.0,0.802,3.818819,221.0,3.818819
mp-20530.cif,87,Ce1 Cr1 O3,Ce,Cr,Cr,O,CeCrO3,3,0.6,1.168879269392143e-16,2.456834255899769e-33,0.533170477960527,0.0789155067584055,0.4425062389621709,0.0117433789819055,0.5916054684558845,0.0237363047671766,3.8995104394690045e-39,1.0384393486980692e-77,-0.11821838,1.3247396567586742,-0.39611927,0.7108758814693947,1.3563364561215032,0.1180066983424009,36.15552956825656,0.035900428716823,11.12299174776034,19.48085652550354,0.0323154050536072,0.002187255101582,50.27037278974384,366.0546229935909,29.147153159488973,298.7726937606455,7.445865680232021,15.309825880593197,38.62314933812264,373.2821370902184,36.15730088151655,425.9686513007084,36.15730088151655,425.9686513007085,0.919211487365982,0.0136703443848875,1.1338547904678409,0.0375273646691988,0.1232511707365902,0.031817227760957,0.8618711110256906,0.0013358485664766,2.8051092772800765,0.9620176061977056,1.3231540505360693,0.2187255101582009,0.2554041641163002,0.0001968273063004,180.0,0.0,77.92336084079884,216.45396139448377,102.07663915920116,216.45396139448377,36.15552956825656,0.035900428716823,104.04764534247884,23.183829169189465,2.4532745647900773,0.1075285022663938,8.41532783184023,8.658158455779352,0.2125918026951437,0.0002086665127298,89.03995047265971,14.414613702890822,26.75610526528684,346.35981715937146,-0.228504379,0.1093627156556192,1.3231540505360693,0.2187255101582009,0.2614552158510724,0.1431775249243067,0.1232511707365902,0.031817227760957,2.5404263034071017,0.130301611086246,2.2789710875560294,0.157433967909561,27.0,81.0,0.2307692307692307,1.0,3.0,2.076923076923077,6.0,6.0,0.0,0.2,27.0,243.0,0.6923076923076923,1.0,2.0,1.3076923076923077,18.0,18.0,0.0,0.6862745098039215,81.0,1.0,0.0,0.0,-0.73501657,0.8696484375000004,2.438718797626584,2.762347996044308,-0.201030532,1.4463370957971178,0.2288404007911389,0.381400667985231,7.2,12.0,0.0,0.0,3.220028797626584,3.906549999999999,0.0,0.0,4.829616265230277e-16,8.417327136156249e-16,2.6995981790661334,3.383171541154097,-0.452097409,-0.076347699,2.6995981790661343,3.3831715411540983,-0.661132688,0.1758892935556293,6.73547665017579e-16,8.219761290855804e-16,-1.845129985,-1.845129985,-1.766549985,-1.845129985,0.9969753918058928,5.602414853864822,0.78892999350017,6.363579947571789,1.12,5.5387,10.85,9.0,1.0,13.0,1.0,0.0,0.0,0.0,2.0,22.0,4.0,29.6,-4.787509961,-4.787509961,-4.710739961,-4.787509961,-3.386652872,7.192547130741292,-0.713879994,7.198049940696766,1.66,6.76651,16.4857,5.0,5.0,0.0,0.0,0.0,0.0,1.0,1.0,6.0,6.0,11.6,-9.787249919,-9.787269919,3.47662997135677,-9.787269919,-3.814405005,16.99279956799987,-3.66805997,16.856479861122974,3.44,13.61805,35.1211,0.0,0.0,0.0,0.0,2.0,4.0,0.0,2.0,2.0,6.0,0.802,3.90655,221.0,3.90655
mp-20951.cif,88,Gd1 Co1 O3,Gd,Co,Co,O,GdCoO3,4,0.8,0.0069886893836583,3.3229614760269664e-05,0.5385202565860701,0.0782968359585507,0.4405951294236884,0.0116100235293322,0.5942765896768072,0.0235730933863569,0.6591465782598349,0.3041142703073488,0.0510667005593314,1.5756405986839856,-0.225130082,0.9638564464505068,1.4599831331368391,0.0907310225494436,36.15519201671503,0.036240417901706,7.02597916603396,2.8792613424391904,0.0494014843245489,0.0020039038452204,48.04480044593658,303.65412040956164,27.006556947127752,240.13086792720867,4.179003525422582,2.1469612633088686,37.11831519111217,318.1418015161846,34.48549051356623,373.1873123532065,33.77073375689441,355.55738782082864,0.8903207206973285,0.012685808048006,1.1639230018704396,0.0365778606014874,0.1487488116408477,0.0290141965381283,0.86015347538136,0.0013756727556925,4.76801863235006,7.306138319043669,2.0,4.9303806576313216e-32,0.2597925326647343,0.0013771982296055,179.99999999999994,3.231174267785264e-27,77.6595868885499,219.3388322393104,102.34041311145008,219.33883223931045,36.15519201671503,0.036240417901706,104.14144298805482,22.995551891709155,2.4082820702501326,0.0899823148903791,8.358007050845163,8.587845053235474,0.1936081884971952,0.0009130882789704,90.22569080766765,0.078672281108588,14.581247361625516,328.3850342144076,-0.381992598,0.3524273996829717,2.0,4.9303806576313216e-32,0.3155438802140522,0.1305638844215776,0.1487488116408477,0.0290141965381283,2.5167012484213545,0.1028888976870244,2.2011573682073022,0.1414590257624891,27.0,81.0,0.2307692307692307,1.0,3.0,2.076923076923077,6.0,6.0,0.0,0.2,27.0,243.0,0.6923076923076923,1.0,2.0,1.3076923076923077,18.0,18.0,0.0,0.6862745098039215,81.0,1.0,0.0,0.0,-1.5,-1.5,2.373308299654912,2.688292721647076,-0.424264069,0.7071067811865678,0.2295599025508137,0.3825998375846896,7.200000000000001,12.0,-1.735349716,-1.735349716,3.3313434108476763,3.773427999999999,-1.09917518,-1.09917518,8.748520348717322e-16,1.2296273426016545e-15,2.528862965752261,3.292518629572349,1.2801583473512004,2.579789671621903,2.528862965752263,3.2925186295723523,-1.861385546,-1.589393628,7.720366563257149e-16,1.141845775009458e-15,-2.019969983,-2.019969983,-0.470109996,-0.470109996,0.8464991929314734,4.172045865545114,2.6839699778873296,6.535999946151256,1.2,6.1498,12.09,9.0,1.0,7.0,7.0,0.0,0.0,0.0,2.0,16.0,10.0,23.5,-3.266299973,-3.266309973,-3.199689974,-3.266309973,-0.886438853,7.496390708240698,-0.985829992,7.265179940143695,1.88,7.88101,17.084,3.0,7.0,0.0,0.0,0.0,0.0,0.0,2.0,3.0,9.0,7.5,-9.787249919,-9.787269919,3.47662997135677,-9.787269919,-3.814405005,16.99279956799987,-3.66805997,16.856479861122974,3.44,13.61805,35.1211,0.0,0.0,0.0,0.0,2.0,4.0,0.0,2.0,2.0,6.0,0.802,3.773077,221.0,3.773077
mp-21280.cif,89,Ba1 Pb1 O3,Ba,Pb,Pb,O,BaPbO3,3,0.6,1.512942093982568e-16,5.913984497251682e-33,0.5416906164859581,0.0778917454473536,0.4392195241706332,0.0115910335487133,0.5962782129644035,0.0234283765603368,1.6558397051257178e-38,4.180740701155289e-76,-0.090579859,1.308223498541599,-0.388181438,0.7143233711378739,1.3478305226415457,0.1201441359267608,36.14978295994208,0.0354346908444452,10.98912598870561,19.22813373328959,0.0334734312176911,0.0022268725242836,62.07417332183843,561.4307861121067,39.91961506144268,570.8864082251505,7.321881055939675,15.221743238362448,47.53011556702248,572.311429816254,44.345290631251785,652.8047080246782,44.345290631251785,652.8047080246779,0.9163164219557725,0.0139179532767725,1.138651491895306,0.0382070921815048,0.1425594327286072,0.0403912049634541,0.8607139907478192,0.001326152887697,2.7753613308234693,0.949537468310597,1.3347343121769106,0.2226872524283611,0.2408613751721613,0.0005820351670383,180.0,0.0,78.36958003764796,213.64593036988444,101.63041996235204,213.64593036988447,36.14978295994208,0.0354346908444452,104.19368073959389,22.883068244576023,2.732968355248372,0.1333120344081452,8.326083992470407,8.545837214795375,0.1961022297485847,0.0007455166495139,88.34676614579462,10.757158460890752,26.893395648458032,366.3270565661322,-0.236692871,0.1113435973866074,1.3347343121769106,0.2226872524283611,0.3024142248135172,0.1817604223355436,0.1425594327286072,0.0403912049634541,2.833773096852877,0.1636766535351279,2.53135887203936,0.193756411044542,27.0,81.0,0.2307692307692307,1.0,3.0,2.076923076923077,6.0,6.0,0.0,0.2,27.0,81.0,0.2307692307692307,1.0,3.0,2.076923076923077,6.0,6.0,0.0,0.2,81.0,1.0,0.0,0.0,-0.629579545,1.13436385255648,2.7231778300806173,3.0845560501343625,-0.168089808,1.6221661725811427,0.2555329899731278,0.4258883166218791,7.2,12.0,0.9375000000000004,0.9375000000000004,3.5956220300806163,4.362221,-1.875,-1.875,7.153974537193863e-16,1.1842378929335002e-15,3.0144869176854376,3.7777942029219553,-1.145130101,-0.738347697,3.0144869176854394,3.777794202921958,-0.393802774,1.2785609375964049,1.0548836347051497e-15,1.4889073943747682e-15,-3.358279972,-3.358279972,-1.334939989,-1.334939989,1.4983806876590446,5.406739955395823,1.6443999864521308,5.413399955400124,0.89,5.211664,10.00383,0.0,0.0,0.0,0.0,0.0,0.0,0.0,2.0,0.0,2.0,39.7,-12.74749989,-3.363719972,-3.363719972,-3.363719972,-0.506143396,6.442776446960848,-0.482609996,6.39928994727758,2.33,7.41663,15.03248,0.0,10.0,0.0,14.0,4.0,2.0,0.0,2.0,4.0,28.0,6.995,-9.787249919,-9.787269919,3.47662997135677,-9.787269919,-3.814405005,16.99279956799987,-3.66805997,16.856479861122974,3.44,13.61805,35.1211,0.0,0.0,0.0,0.0,2.0,4.0,0.0,2.0,2.0,6.0,0.802,4.362221,221.0,4.362221
mp-561598.cif,90,Ba1 Pb1 O3,Ba,Pb,Pb,O,BaPbO3,3,0.6,1.3041913318104003e-16,5.9428424490607745e-33,0.5400213879237699,0.0781037520548408,0.4398634430681284,0.0116225821510179,0.5953627491401774,0.0234921441727451,1.29787020484699e-38,3.180864716514103e-76,-0.092279201,1.318187382987699,-0.384173436,0.7186997394877127,1.3517518732998504,0.119176725981367,36.15090879728067,0.0355311266746441,11.015352387237304,19.280469078680724,0.0329395654561266,0.0022089415731742,71.20975502898085,742.7517040961686,49.09104919355124,864.5926787307064,7.355381294474411,15.188911986589456,54.55120365171357,756.9123962994939,50.95911292087293,861.710405127561,50.95911292087292,861.7104051275608,0.9176510863596838,0.0138058848323387,1.1364401475060388,0.0378994456977171,0.1501881409679796,0.0459218928529026,0.8610131633556737,0.0013243209510127,2.781189419386068,0.9521219298113937,1.3293956545612635,0.2208941573174204,0.2430450289038995,0.00049481104242,180.00000000000003,8.077935669463161e-28,78.282158709209,214.2274342075636,101.71784129079104,214.22743420756348,36.15090879728067,0.0355311266746441,104.16507011290844,22.945351751753385,2.9252570463997176,0.1540397579053789,8.343568258158202,8.569097368302543,0.2077963786993828,0.0002592582923321,82.85414615121225,74.252562351764,25.93254937095893,330.5966261483418,-0.232917876,0.1104470553546912,1.3293956545612635,0.2208941573174204,0.3185971587967791,0.2066485178380624,0.1501881409679798,0.0459218928529026,3.031456099331977,0.188602622253291,2.712858940535198,0.2226797077682633,27.0,81.0,0.2307692307692307,1.0,3.0,2.076923076923077,6.0,6.0,0.0,0.2,27.0,81.0,0.2307692307692307,1.0,3.0,2.076923076923077,6.0,6.0,0.0,0.2,81.0,1.0,0.0,0.0,-0.846263362,0.1740731795676842,2.9153993493261883,3.30228624887698,-0.496230083,1.0843842558647463,0.2735703502246041,0.455950583707673,7.2,12.0,0.0,0.0,3.849426949326188,4.670137999999999,0.0,0.0,7.089014493462805e-16,9.362222582871205e-16,3.2272711320186747,4.044458147179048,-0.771507868,-0.136035892,3.2272711320186764,4.044458147179051,-0.060905079,1.2658476884563836,8.813575108717711e-16,1.2961410252804738e-15,-3.358279972,-3.358279972,-1.334939989,-1.334939989,1.4983806876590446,5.406739955395823,1.6443999864521308,5.413399955400124,0.89,5.211664,10.00383,0.0,0.0,0.0,0.0,0.0,0.0,0.0,2.0,0.0,2.0,39.7,-12.74749989,-3.363719972,-3.363719972,-3.363719972,-0.506143396,6.442776446960848,-0.482609996,6.39928994727758,2.33,7.41663,15.03248,0.0,10.0,0.0,14.0,4.0,2.0,0.0,2.0,4.0,28.0,6.995,-9.787249919,-9.787269919,3.47662997135677,-9.787269919,-3.814405005,16.99279956799987,-3.66805997,16.856479861122974,3.44,13.61805,35.1211,0.0,0.0,0.0,0.0,2.0,4.0,0.0,2.0,2.0,6.0,0.802,4.670138,221.0,4.670138
mp-22246.cif,91,Eu1 Ti1 O3,Eu,Ti,Ti,O,EuTiO3,3,0.6,1.2184195628011799e-16,6.033129821463567e-34,0.5409113036528035,0.0779914185069194,0.4395201506226936,0.0116058658492439,0.5958508103170556,0.0234583563477843,3.6384514395094e-39,1.0616180122808718e-77,-0.099606894,1.2982106525114148,-0.398638407,0.7050614917443428,1.3446643129491562,0.1209028094371638,36.15030859029267,0.0354800343404851,11.001370308870117,19.25273873999383,0.0339044895681133,0.002240934543937,49.84937484352346,357.8932587003103,28.709022375265924,292.2191786680077,7.317112185536677,15.32210078732145,38.19472136896937,365.092943235862,35.61115083284204,417.9653842926636,35.61115083284204,417.9653842926634,0.9152387760797164,0.0140058408996063,1.1404369940444967,0.038448358295886,0.1292235973096584,0.0325535535988392,0.8606930584578478,0.0013339910298889,2.7780822908600253,0.9507525303700656,1.3390448956811327,0.2240934543937026,0.2520159975871541,0.0001037476618597,179.99999999999997,8.07793566946316e-28,78.3287656370996,213.9193193332648,101.67123436290038,213.9193193332648,36.15030859029267,0.0354800343404851,104.1803232994144,22.91235023602569,2.449237812430085,0.1055179983969887,8.334246872580076,8.556772773330591,0.2066423143105817,0.000298249689684,91.37224255957518,171.4743243549015,35.03628748205235,6.9631636464482805,-0.239740902,0.1120466867229376,1.3390448956811327,0.2240934543937026,0.2741246458409373,0.1464909911947768,0.1292235973096584,0.0325535535988392,2.5406126943770646,0.1294183784594541,2.2664880485361274,0.155377899068576,27.0,81.0,0.2307692307692307,1.0,3.0,2.076923076923077,6.0,6.0,0.0,0.2,27.0,243.0,0.6923076923076923,1.0,2.0,1.3076923076923077,18.0,18.0,0.0,0.6862745098039215,81.0,1.0,0.0,0.0,0.9476854804329452,7.439126662114621,2.4370525431875816,2.760460621979303,-0.051024227,1.3626118993655694,0.2286840456041396,0.3811400760068989,7.2,12.0,-1.059950646,-1.059950646,3.217828713187581,3.9038808499999993,1.2437792820534634,1.2437792820534634,7.167715387677327e-16,7.786232813097932e-16,2.6977536788089616,3.3808599894475857,0.1478199445215415,2.9228444444444444,2.697753678808963,3.380859989447588,-0.814165755,1.0376904870510977,8.19674948137655e-16,1.115964888685781e-15,-2.358419981,-2.358419981,-2.358419981,-2.358419981,-7.773939136,-3.007723375,2.1781999820542635,6.07905994991589,1.2,5.67038,11.25,0.0,0.0,7.0,7.0,0.0,0.0,0.0,2.0,7.0,9.0,27.7,-4.762429961,-3.553389971,-3.553389971,-3.553389971,0.7799878335735743,7.4794458083788,0.8744399927956709,7.940329934581274,1.54,6.82812,13.5755,8.0,2.0,0.0,0.0,0.0,0.0,0.0,2.0,8.0,4.0,14.6,-9.787249919,-9.787269919,3.47662997135677,-9.787269919,-3.814405005,16.99279956799987,-3.66805997,16.856479861122974,3.44,13.61805,35.1211,0.0,0.0,0.0,0.0,2.0,4.0,0.0,2.0,2.0,6.0,0.802,3.9038778,221.0,3.9038778
mp-22540.cif,92,Ce1 Ga1 O3,Ce,Ga,Ga,O,CeGaO3,3,0.6,1.1116348175034576e-16,1.5593152682136982e-34,0.5405710249009881,0.0780345587267944,0.4396514160010087,0.0116122855248205,0.5956641894464951,0.0234713321170436,-1.27e-39,5.4763414952506335e-78,-0.095208052,1.3087079126000485,-0.390716328,0.7125165196984113,1.348343571035396,0.1200193138439702,36.1505381012567,0.0354996597878987,11.006716662484672,19.26338821141441,0.0334035830973801,0.0022245589459944,63.64049346730633,588.7084396282335,41.4451069488603,613.0810627042663,7.335703615401721,15.24908498050564,48.754021732268704,600.2110206287578,45.50073137170113,685.0546689603154,45.50073137170112,685.0546689603153,0.9164910422565498,0.013903493412465,1.138362171507914,0.0381673974535846,0.1439332064703195,0.0413028299860701,0.8608466076809803,0.0013286322815375,2.779270369441038,0.9512784301933044,1.3340358309737974,0.2224558945994421,0.2541365065587819,0.0002300397012338,179.99999999999997,8.077935669463159e-28,78.3109444583844,214.03764679349345,101.6890555416156,214.03764679349345,36.1505381012567,0.0354996597878987,104.17449091365307,22.925023987137788,2.7664353182517543,0.136314729816895,8.337811108323114,8.561505871739739,0.2122305021982091,0.0002115929822461,93.21433134006536,7.258210678738198,26.784652659763296,362.6959990173382,-0.236198972,0.111227919493626,1.3340358309737974,0.2224558945994421,0.3053284389992607,0.185862734937315,0.1439332064703198,0.04130282998607,2.8682114645848413,0.1670767523171558,2.562883025585581,0.1986991747745836,27.0,81.0,0.2307692307692307,1.0,3.0,2.076923076923077,6.0,6.0,0.0,0.2,27.0,81.0,0.2307692307692307,1.0,3.0,2.076923076923077,6.0,6.0,0.0,0.2,81.0,1.0,0.0,0.0,-0.984498623,-0.062578276,2.7551688665458283,3.1207924442430484,-0.349015418,0.9738518442764524,0.2585349111513908,0.4308915185856504,7.2,12.0,0.0,0.0,3.6378622665458273,4.413466999999999,0.0,0.0,5.350276597242398e-16,7.450666686351513e-16,3.0499001616691124,3.822174540764293,-1.406108249,-1.241936091,3.0499001616691124,3.822174540764293,0.5329521842716917,1.2660371398567465,1.2033545181534325e-15,1.5793693043045388e-15,-1.845129985,-1.845129985,-1.766549985,-1.845129985,0.9969753918058928,5.602414853864822,0.78892999350017,6.363579947571789,1.12,5.5387,10.85,9.0,1.0,13.0,1.0,0.0,0.0,0.0,2.0,22.0,4.0,29.6,-9.552189921,-2.272409981,-2.272409981,-2.272409981,0.5277969156497692,5.3874839356062845,0.5632799953592533,5.318219956184293,1.81,5.999301,20.51515,0.0,10.0,0.0,0.0,5.0,1.0,0.0,2.0,5.0,13.0,8.12,-9.787249919,-9.787269919,3.47662997135677,-9.787269919,-3.814405005,16.99279956799987,-3.66805997,16.856479861122974,3.44,13.61805,35.1211,0.0,0.0,0.0,0.0,2.0,4.0,0.0,2.0,2.0,6.0,0.802,4.413467,221.0,4.413467
mp-33365.cif,93,Ce1 Ga1 O3,Ce,Ga,Ga,O,CeGaO3,3,0.6,8.365565176826063e-17,8.994920533683634e-34,0.5202879064619155,0.0801877265836085,0.4474757988080757,0.011932697408275,0.5845402118234878,0.024118964636476,1.0663395185042587e-39,8.939485361987229e-79,0.2099106748196351,1.9165856164079509,0.1457546308462088,0.9240680848465328,1.5936995614323943,3.9011513335158463e-19,36.16421863180573,0.0364791783371026,11.325398693033716,19.794913076639386,0.0317275156269961,0.0021661163148383,50.88324689599173,361.74216543211503,29.703353755326965,295.34292003974014,7.598440326545932,15.602059701036248,39.317048347365215,369.6125943379515,36.91111486797193,425.3012199505425,36.91111486797193,425.30121995054265,0.9206812109325097,0.0135382269677395,1.131419672731061,0.0371646804270998,0.1206321035676925,0.0313137761142677,0.8633461162703535,0.00136173565477,2.8500885984519373,0.9775265716858956,1.31727515626996,0.2166116314838324,0.24546998393651,0.0005357476328071,180.0,0.0,77.24867102322091,219.9434786293268,102.75132897677906,219.9434786293268,36.16421863180573,0.0364791783371026,103.8268377839194,23.557582566507023,2.460612453962833,0.1046345362995505,8.550265795355813,8.79773914517306,0.2027989600217157,0.0003624069414019,98.56466595721876,92.01344723516038,35.73644192323931,8.38479559702315,-0.224347374,0.1083057763323961,1.31727515626996,0.2166116314838324,0.2558993353845404,0.140911992514205,0.1206321035676925,0.0313137761142677,2.545912232424347,0.1244338834462745,2.2900128970398064,0.1589771703489061,27.0,81.0,0.2307692307692307,1.0,3.0,2.076923076923077,6.0,6.0,0.0,0.2,27.0,243.0,0.6923076923076923,1.0,2.0,1.3076923076923077,18.0,18.0,0.0,0.6862745098039215,81.0,1.0,0.0,0.0,-0.975888968,-0.095787415,2.431124000966635,2.753745334944392,-0.382810022,0.4421017749369956,0.2281277330111219,0.3802128883518694,7.2,12.0,0.0,0.0,3.2100008009666343,3.894383999999999,0.0,0.0,4.567326774414611e-16,4.909590941726864e-16,2.691190937012013,3.3726354760916544,-0.248687674,0.7532561465316299,2.691190937012016,3.372635476091656,0.5288205923310999,1.259906761579893,7.378682593512704e-16,1.056279736695193e-15,-1.845129985,-1.845129985,-1.766549985,-1.845129985,0.9969753918058928,5.602414853864822,0.78892999350017,6.363579947571789,1.12,5.5387,10.85,9.0,1.0,13.0,1.0,0.0,0.0,0.0,2.0,22.0,4.0,29.6,-9.552189921,-2.272409981,-2.272409981,-2.272409981,0.5277969156497692,5.3874839356062845,0.5632799953592533,5.318219956184293,1.81,5.999301,20.51515,0.0,10.0,0.0,0.0,5.0,1.0,0.0,2.0,5.0,13.0,8.12,-9.787249919,-9.787269919,3.47662997135677,-9.787269919,-3.814405005,16.99279956799987,-3.66805997,16.856479861122974,3.44,13.61805,35.1211,0.0,0.0,0.0,0.0,2.0,4.0,0.0,2.0,2.0,6.0,0.802,3.894384,221.0,3.894384
mp-22593.cif,94,Ce1 V1 O3,Ce,V,V,O,CeVO3,3,0.6,8.792249892623494e-17,7.115635947814046e-34,0.538070196040697,0.0783445063319388,0.4406161316780708,0.011658408680348,0.594292646684744,0.0235645585451535,1.6275905156524906e-39,3.562636599662462e-78,-0.111685572,1.2985386077344838,-0.405571176,0.6998451060344315,1.3457635102678671,0.120641696565988,36.1522248126377,0.0356406403944358,11.046008905521523,19.33990099165576,0.03375484117714,0.00223609481482,50.47239539715123,364.3964298511657,29.2564196932706,300.46625356523623,7.351360701700154,15.39579558192915,38.72186667322965,371.8900573494642,36.12805082595619,426.5157444806285,36.12805082595619,426.5157444806284,0.9156128970571502,0.0139755925926252,1.1398171301132116,0.038365321671881,0.1291935000337586,0.0327566443040941,0.8610230750924679,0.0013405833631832,2.7880019790047834,0.9550568390941117,1.3375484117713985,0.2236094814820048,0.2514855089826032,0.0003383435282143,180.0,0.0,78.17997031492824,214.8877887961752,101.82002968507176,214.8877887961752,36.1522248126377,0.0356406403944358,104.13162662813484,23.01608076159429,2.462740224737296,0.106013857291371,8.364005937014348,8.595511551847004,0.2072847276504293,0.0003116199510813,87.23031322072404,54.38549424654085,36.57107892083548,13.674392857153256,-0.238682728,0.1118047008590588,1.3375484117713985,0.2236094814820048,0.2740607998772855,0.1474048993684238,0.1291935000337586,0.0327566443040941,2.554093824696392,0.129458252445548,2.280033024819106,0.1573949998952998,27.0,81.0,0.2307692307692307,1.0,3.0,2.076923076923077,6.0,6.0,0.0,0.2,27.0,243.0,0.6923076923076923,1.0,2.0,1.3076923076923077,18.0,18.0,0.0,0.6862745098039215,81.0,1.0,0.0,0.0,-0.809781156,0.5531350371233117,2.447286821969656,2.772053036616093,-0.453203014,0.0711882499092085,0.2296443926767817,0.3827406544613024,7.2,12.0,-0.35403789,-0.35403789,3.2313418219696555,3.9202750000000006,-1.527702696,-1.527702696,7.378597043741751e-16,1.124116676276002e-15,2.709082758812376,3.395057739821038,-1.165117611,-0.426649741,2.709082758812377,3.3950577398210378,0.1972165605658944,1.1565603889550289,1.261739391505674e-15,1.6367162726975678e-15,-1.845129985,-1.845129985,-1.766549985,-1.845129985,0.9969753918058928,5.602414853864822,0.78892999350017,6.363579947571789,1.12,5.5387,10.85,9.0,1.0,13.0,1.0,0.0,0.0,0.0,2.0,22.0,4.0,29.6,-5.049649958,-4.732499961,-4.732499961,-4.732499961,0.0159499298721872,7.479533828386128,0.1019599991599727,7.555189937754362,1.63,6.74619,14.618,7.0,3.0,0.0,0.0,0.0,0.0,0.0,2.0,7.0,5.0,12.4,-9.787249919,-9.787269919,3.47662997135677,-9.787269919,-3.814405005,16.99279956799987,-3.66805997,16.856479861122974,3.44,13.61805,35.1211,0.0,0.0,0.0,0.0,2.0,4.0,0.0,2.0,2.0,6.0,0.802,3.920275,221.0,3.920275
mp-20702.cif,95,Sm1 V1 O3,Sm,V,V,O,SmVO3,3,0.6,1.0808684167733824e-16,3.4287379971232414e-33,0.5400883024395751,0.0780953605449288,0.4398376302332538,0.0116213334144239,0.5953994474210017,0.0234896201639044,5.0073884098245696e-39,4.560924222596089e-77,-0.097203884,1.3089029419510525,-0.391809784,0.7117330426646884,1.3485645682684129,0.1199653841113924,36.15086365347559,0.035527303841416,11.01430104723581,19.27839757451958,0.0333734957966393,0.0022235593579756,49.831627976539785,360.5705687841219,28.71792730956822,293.88806128585486,7.341662490924699,15.26076057108649,38.18353769522592,367.64023628857694,35.64015974806306,419.72107947865146,35.64015974806305,419.7210794786512,0.9165662605084016,0.0138972459873476,1.1382375458276943,0.0381502472345393,0.1272065167936238,0.0323045762243292,0.8609037800226382,0.0013296908066105,2.7809557882746243,0.9520196333096088,1.3337349579663913,0.2223559357975623,0.2410036964672015,0.0005829862505697,180.0,0.0,78.28566317588063,214.2044174946621,101.7143368241194,214.2044174946621,36.15086365347559,0.035527303841416,104.16621702422547,22.94288655104685,2.4476671975046336,0.1066142005406834,8.342867364823872,8.568176699786479,0.1948321043873043,0.0006703219726382,91.5541077786816,11.126036809401226,26.117574183739265,347.36872959394043,-0.235986209,0.111177927745075,1.3337349579663913,0.2223559357975623,0.2698457719076758,0.1453705930094818,0.1272065167936238,0.0323045762243292,2.537615788140526,0.1305774207270477,2.2677700162328502,0.1556014888409429,27.0,81.0,0.2307692307692307,1.0,3.0,2.076923076923077,6.0,6.0,0.0,0.2,27.0,243.0,0.6923076923076923,1.0,2.0,1.3076923076923077,18.0,18.0,0.0,0.6862745098039215,81.0,1.0,0.0,0.0,-1.174602646,-0.633128277,2.4371818594894155,2.7606070991490257,-0.505856202,0.1723274550263582,0.228696180170195,0.381160300283658,7.2,12.0,-0.944120983,-0.944120983,3.2179994594894143,3.9040879999999993,1.360935816767902,1.360935816767902,7.631628373786983e-16,9.165101083499073e-16,2.697896828586334,3.3810393866099795,-0.80854064,0.174515235457064,2.6978968285863347,3.3810393866099813,-0.276480853,1.6464192687804518,8.392928379264357e-16,1.1289794964228577e-15,-3.504979971,-1.789769985,-1.789769985,-1.789769985,-7.811453736,-3.64157787,2.026719983302276,6.161479949236849,1.17,5.6437,11.07,0.0,0.0,8.0,6.0,0.0,0.0,0.0,2.0,8.0,8.0,28.8,-5.049649958,-4.732499961,-4.732499961,-4.732499961,0.0159499298721872,7.479533828386128,0.1019599991599727,7.555189937754362,1.63,6.74619,14.618,7.0,3.0,0.0,0.0,0.0,0.0,0.0,2.0,7.0,5.0,12.4,-9.787249919,-9.787269919,3.47662997135677,-9.787269919,-3.814405005,16.99279956799987,-3.66805997,16.856479861122974,3.44,13.61805,35.1211,0.0,0.0,0.0,0.0,2.0,4.0,0.0,2.0,2.0,6.0,0.802,3.904088,221.0,3.904088
mp-977389.cif,99,Ce1 Cu1 O3,Ce,Cu,Cu,O,CeCuO3,3,0.6,5.960420808282881e-17,1.2942090358316151e-34,0.5355535014911711,0.0786437927242829,0.4415869676776287,0.0117029453458754,0.5929124026193671,0.0236545782803507,3.008804659359752e-40,4.266381264039461e-80,0.2845424718422197,1.8796836919671416,0.1975763447254362,0.9062760851814826,1.5936995614660652,3.8260412859069786e-19,36.1539223051936,0.0357768085232338,11.08555042531907,19.413781975365865,0.0323659516934388,0.0021890403403218,48.2174147835307,339.2794935450688,27.377973658921974,266.18169315122907,7.41938839940955,15.240473925307366,37.00453418297118,345.82671827314294,34.627079594517646,393.8817787245008,34.627079594517646,393.8817787245008,0.9190851207664028,0.0136815021270116,1.1340641615053484,0.0375579945235601,0.1211165149745319,0.0306537586366831,0.8616120041835911,0.0013298183745045,2.796788983404237,0.9587052827341168,1.3236595169343877,0.2189040340321865,0.2472226986205728,0.0005807635345525,180.0,0.0,78.04816524893641,215.7086886151764,101.95183475106356,215.7086886151764,36.1539223051936,0.0357768085232338,104.08849043995284,23.10400505635819,2.4039850542720145,0.1040005168278685,8.390366950212714,8.62834754460705,0.2075651857385401,0.0002448719867813,93.01469257849782,7.217989292174358,26.97251327438315,351.8400232166938,-0.228861796,0.1094519752418407,1.3236595169343877,0.2189040340321865,0.2569269271565212,0.1379419138650744,0.1211165149745319,0.0306537586366831,2.4896273633241885,0.1264656500237194,2.2327004361676672,0.1510315263462168,27.0,81.0,0.2307692307692307,1.0,3.0,2.076923076923077,6.0,6.0,0.0,0.2,27.0,243.0,0.6923076923076923,1.0,2.0,1.3076923076923077,18.0,18.0,0.0,0.6862745098039215,81.0,1.0,0.0,0.0,-0.363357976,1.8555885424131373,2.3927386276456075,2.710266046076012,-0.440082057,0.9050987883584992,0.2245257907847978,0.3742096513079959,7.2,12.0,0.4344000000000001,0.4344000000000001,3.1593176276456063,3.832894999999999,-0.999391815,-0.999391815,6.189257397605087e-16,7.832997394602942e-16,2.648699328704786,3.319384440038354,0.4385053359771962,1.970320873562684,2.6486993287047893,3.3193844400383563,-1.634959753,-1.227930128,1.0186489248104445e-15,1.396509742225139e-15,-1.845129985,-1.845129985,-1.766549985,-1.845129985,0.9969753918058928,5.602414853864822,0.78892999350017,6.363579947571789,1.12,5.5387,10.85,9.0,1.0,13.0,1.0,0.0,0.0,0.0,2.0,22.0,4.0,29.6,-4.473869963,-4.473869963,-4.473869963,-4.473869963,-1.377390789,7.885906405023617,-1.356039989,7.832129935472711,1.9,7.72638,20.2924,0.0,10.0,0.0,0.0,0.0,0.0,1.0,1.0,1.0,11.0,6.15,-9.787249919,-9.787269919,3.47662997135677,-9.787269919,-3.814405005,16.99279956799987,-3.66805997,16.856479861122974,3.44,13.61805,35.1211,0.0,0.0,0.0,0.0,2.0,4.0,0.0,2.0,2.0,6.0,0.802,3.832894999999999,221.0,3.832894999999999
mp-977412.cif,100,Eu1 Ni1 O3,Eu,Ni,Ni,O,EuNiO3,3,0.6,1.231016351919952e-16,2.4285487845581333e-33,0.5406363666242571,0.0780262927294792,0.439626209884027,0.0116110554656962,0.5957000251524136,0.0234688458600386,4.1717840507235915e-39,4.379048495128509e-77,-0.095530031,1.3076265197773085,-0.391454917,0.7118116727111063,1.3479542919812668,0.120114071651113,36.15049396887253,0.035495900175316,11.00569003370895,19.261347690934297,0.0334565808465448,0.002226315282713,46.99418271124652,320.732865013894,26.296778728152592,246.6751322751595,7.333429263742967,15.255818809618702,36.00160317378619,327.0168933160193,33.59563353828312,373.3510564097291,33.5956335382831,373.3510564097291,0.9163585478836384,0.0139144705169567,1.1385816953727073,0.0381975314276584,0.1238764949629987,0.0305211837886402,0.8608273184884858,0.0013291134743121,2.779042229713101,0.9511776637498416,1.3345658084654448,0.2226315282713081,0.2414902342668199,0.0006137149212651,180.0,0.0,78.31436655430346,214.01497434371447,101.68563344569654,214.01497434371447,36.15049396887253,0.035495900175316,104.17561084319696,22.92259557428033,2.3773562031162268,0.1005459637820306,8.337126689139302,8.560598973748576,0.1968104448992962,0.0007850378811902,88.38487986112294,10.839110189129766,26.898019844893955,366.1585222330898,-0.236573705,0.1113157202760739,1.3345658084654448,0.2226315282713081,0.2627817288538731,0.1373453270488817,0.1238764949629985,0.0305211837886402,2.464950112734185,0.1232509310524352,2.202168383880312,0.1466995806071427,27.0,81.0,0.2307692307692307,1.0,3.0,2.076923076923077,6.0,6.0,0.0,0.2,27.0,243.0,0.6923076923076923,1.0,2.0,1.3076923076923077,18.0,18.0,0.0,0.6862745098039215,81.0,1.0,0.0,0.0,-0.56716833,0.8769279249312869,2.367487146066209,2.681663576777016,-0.188957352,1.0757656488205074,0.2221562846445971,0.3702604744076612,7.2,12.0,-0.015210502,-0.015210502,3.1259761460662085,3.792445,-1.511458025,-1.511458025,7.46647281422944e-16,7.644222728798687e-16,2.620746596410761,3.2843537124552724,-0.644637201,-0.413278091,2.620746596410762,3.2843537124552733,0.742916966351874,1.4007888143205534,8.381697788202e-16,1.0335613878656588e-15,-2.358419981,-2.358419981,-2.358419981,-2.358419981,-7.773939136,-3.007723375,2.1781999820542635,6.07905994991589,1.2,5.67038,11.25,0.0,0.0,7.0,7.0,0.0,0.0,0.0,2.0,7.0,9.0,27.7,-2.825219977,-2.825229977,-2.697169978,-2.825229977,-0.396642997,8.055245913651854,-0.517239996,7.938709934594622,1.91,7.6398,18.16884,2.0,8.0,0.0,0.0,0.0,0.0,0.0,2.0,2.0,10.0,6.8,-9.787249919,-9.787269919,3.47662997135677,-9.787269919,-3.814405005,16.99279956799987,-3.66805997,16.856479861122974,3.44,13.61805,35.1211,0.0,0.0,0.0,0.0,2.0,4.0,0.0,2.0,2.0,6.0,0.802,3.792445,221.0,3.792445
mp-978504.cif,101,Sm1 Ga1 O3,Sm,Ga,Ga,O,SmGaO3,3,0.6,1.4708066530299294e-16,1.1577005528777408e-33,0.5259926882344533,0.079665297929662,0.4452751314623125,0.0118549550490568,0.5876689153792293,0.0239618278929062,5.298143234231504e-39,2.9360305809123195e-77,0.2378007187052641,1.9040989269055448,0.1651205034632487,0.9180477165646368,1.5936995614449776,3.875730972594981e-19,36.16037080211586,0.0362415093402758,11.235766941162202,19.665947831779423,0.0322514942273422,0.0021849905428379,49.68410747722757,348.66668345059327,28.639407897088343,279.5219028420348,7.522966467287873,15.526275384626295,38.30112855394429,356.06810528071685,35.895795632864015,408.9627387476555,35.89579563286401,408.9627387476553,0.9193712644316444,0.013656190892737,1.1335900631576272,0.0374885109837086,0.1216089609756063,0.0310656923006987,0.8626306991936402,0.0013544043674767,2.8301704313693783,0.9711579176187368,1.3225149422734208,0.2184990542837928,0.250199249130052,0.0003803803488282,180.0,0.0,77.54744352945931,218.51053146421583,102.45255647054069,218.51053146421583,36.16037080211586,0.0362415093402758,103.92461784253342,23.40410330182778,2.43506573026052,0.1032670250907702,8.490511294108135,8.740421258568633,0.2075615319589777,0.0002955955455034,86.95822361013842,47.002086879163045,36.41214694603824,12.475240764449936,-0.22805246,0.1092494863848954,1.3225149422734208,0.2184990542837928,0.2579715628767047,0.1397956153531449,0.1216089609756063,0.0310656923006987,2.521056251219422,0.1238307658377598,2.263084688342717,0.1553366204988884,27.0,81.0,0.2307692307692307,1.0,3.0,2.076923076923077,6.0,6.0,0.0,0.2,27.0,243.0,0.6923076923076923,1.0,2.0,1.3076923076923077,18.0,18.0,0.0,0.6862745098039215,81.0,1.0,0.0,0.0,-0.984262958,-0.002213581,2.410993357542882,2.7309432625714685,-0.323371867,1.2103870585503738,0.2262387474857064,0.3770645791428436,7.2,12.0,-0.90781493,-0.227146814,3.183420757542881,3.862137,-1.370459264,-1.163098405,7.475564881911028e-16,1.2236726957776476e-15,2.668906839155761,3.3447087548958185,-0.629519856,-0.498561599,2.668906839155763,3.3447087548958203,-0.947877731,0.044350848940111,8.163701548581196e-16,1.0039865210494962e-15,-3.504979971,-1.789769985,-1.789769985,-1.789769985,-7.811453736,-3.64157787,2.026719983302276,6.161479949236849,1.17,5.6437,11.07,0.0,0.0,8.0,6.0,0.0,0.0,0.0,2.0,8.0,8.0,28.8,-9.552189921,-2.272409981,-2.272409981,-2.272409981,0.5277969156497692,5.3874839356062845,0.5632799953592533,5.318219956184293,1.81,5.999301,20.51515,0.0,10.0,0.0,0.0,5.0,1.0,0.0,2.0,5.0,13.0,8.12,-9.787249919,-9.787269919,3.47662997135677,-9.787269919,-3.814405005,16.99279956799987,-3.66805997,16.856479861122974,3.44,13.61805,35.1211,0.0,0.0,0.0,0.0,2.0,4.0,0.0,2.0,2.0,6.0,0.802,3.862136999999999,221.0,3.862136999999999
mp-977107.cif,102,Na1 Ru1 O3,Na,Ru,Ru,O,NaRuO3,3,0.6,9.473833046400775e-17,1.8581664227763191e-34,0.5291947871599645,0.0793435375628411,0.4440398949845216,0.0118070740420894,0.5894250593814959,0.0238650484075733,8.623762369640146e-40,3.55688874938037e-79,0.2534554243749085,1.89640845708862,0.1759905844533976,0.9143398113949134,1.59369956145204,3.860082700340725e-19,36.15821109013536,0.0360951216913456,11.18545656158886,19.58651898694136,0.032355192651619,0.0021886607736385,49.58724976262987,350.7443780549159,28.552342953375675,281.4406953150658,7.486315261510677,15.444660528401574,38.17139485059771,357.99177800993857,35.75167558746197,410.1918679044669,35.75167558746195,410.19186790446656,0.9191120183709528,0.0136791298352407,1.1340195960949484,0.0375514821888387,0.1221680230023229,0.0312036620760626,0.8622740874716541,0.0013472808914787,2.8189903470197466,0.9672355055279682,1.3235519265161877,0.2188660773638511,0.2455308096792307,0.0006027205251329,180.0,0.0,77.71514479470379,217.62798874379297,102.2848552052962,217.62798874379297,36.15821109013536,0.0360951216913456,103.97950191162327,23.309576560730225,2.4344962147927856,0.104206214786504,8.45697104105924,8.705119549751714,0.1936204881000682,0.0006008467826685,90.16249913965882,0.0380782338158336,25.10432789380388,305.7843234236543,-0.228785719,0.1094329980247063,1.3235519265161877,0.2188660773638511,0.2591575125272902,0.1404164793422818,0.1221680230023229,0.0312036620760626,2.520882052301883,0.1255469447854703,2.261724539774592,0.1551357410167592,27.0,81.0,0.2307692307692307,1.0,3.0,2.076923076923077,6.0,6.0,0.0,0.2,27.0,243.0,0.6923076923076923,1.0,2.0,1.3076923076923077,18.0,18.0,0.0,0.6862745098039215,81.0,1.0,0.0,0.0,-0.490112659,1.3299897198724595,2.414314442388429,2.7347050706473817,-0.808150239,-0.707106781,0.2265503858705239,0.3775839764508728,7.2,12.0,0.0,0.0,3.1878058423884283,3.867457,0.0,0.0,6.139011076963451e-16,7.401486830834377e-16,2.6725831935637765,3.3493160100439523,-0.619619039,0.7492333481683087,2.6725831935637783,3.3493160100439545,-1.403664327,-1.101401676,1.1347187838277821e-15,1.6747652892626934e-15,-2.665759978,-2.665759978,-2.665759978,-2.665759978,-0.496947569,4.962073789117701,-0.490429996,4.9517099592038925,0.93,5.139076,47.2864,0.0,0.0,0.0,0.0,0.0,0.0,1.0,1.0,1.0,1.0,24.11,-3.59957997,-3.59957997,-2.754109977,-3.59957997,-0.327545597,8.177103232657059,0.050859999580975,8.119189933107684,2.2,7.3605,16.76,3.0,7.0,0.0,0.0,0.0,0.0,1.0,1.0,4.0,8.0,9.6,-9.787249919,-9.787269919,3.47662997135677,-9.787269919,-3.814405005,16.99279956799987,-3.66805997,16.856479861122974,3.44,13.61805,35.1211,0.0,0.0,0.0,0.0,2.0,4.0,0.0,2.0,2.0,6.0,0.802,3.867457,221.0,3.867457
mp-976258.cif,103,Eu1 Pt1 O3,Eu,Pt,Pt,O,EuPtO3,3,0.6,9.55100254693673e-17,1.674044677769878e-34,0.5235169420298021,0.0799000144168015,0.4462301712948966,0.0118898830977383,0.586311128830602,0.0240324262113036,-2.8199999999999998e-40,1.7093923897977782e-78,0.2256970707393081,1.909708940586584,0.1567161529476525,0.9207525446473572,1.5936995614395166,3.8871581692986833e-19,36.162040709364696,0.0363482894133345,11.274665093336992,19.72388927317617,0.0314279590009298,0.0021550792931288,55.15136003226096,433.0934081990416,33.536571483538054,384.1048090800733,7.573604625530108,15.450945165941878,42.543838219879945,442.0313190589586,39.94507177870527,505.97699721024543,39.94507177870525,505.9769972102446,0.9214301024976757,0.0134692455820552,1.1301788685589065,0.0369753150722064,0.1247799404019132,0.0339719476316782,0.8630819115240735,0.0013494833230372,2.8388144651859983,0.9740192233667244,1.3142795900092956,0.2155079293128846,0.2423360880448809,0.0005962670992585,180.0,0.0,77.41778302221002,219.1543252575129,102.58221697779,219.1543252575129,36.162040709364696,0.0363482894133345,103.88218352686874,23.47305839604796,2.5630487097580152,0.1160080703059978,8.516443395557994,8.766173010300518,0.2033430094233034,0.0003921028117164,100.33757905660778,61.36189993491766,35.694378222324794,8.127441373470251,-0.222229194,0.1077539302232444,1.3142795900092956,0.2155079293128846,0.2646982260427385,0.1528737643425521,0.1247799404019132,0.0339719476316782,2.6512814517722614,0.1386031437407574,2.386583225729523,0.1727337663315128,27.0,81.0,0.2307692307692307,1.0,3.0,2.076923076923077,6.0,6.0,0.0,0.2,27.0,243.0,0.6923076923076923,1.0,2.0,1.3076923076923077,18.0,18.0,0.0,0.6862745098039215,81.0,1.0,0.0,0.0,-1.039631234,-0.208401917,2.538685324269769,2.875580540449615,-0.595375882,-0.209175077,0.2382208919100773,0.3970348198501283,7.2,12.0,-0.420027162,-0.420027162,3.352022324269768,4.066684999999999,1.44650280369425,1.44650280369425,7.547456501463092e-16,8.881784197001252e-16,2.810258519879575,3.521852519189117,-0.68155479,-0.364250946,2.810258519879577,3.521852519189118,-0.231922976,1.0033557088621636,8.323757059720535e-16,8.994151662239102e-16,-2.358419981,-2.358419981,-2.358419981,-2.358419981,-7.773939136,-3.007723375,2.1781999820542635,6.07905994991589,1.2,5.67038,11.25,0.0,0.0,7.0,7.0,0.0,0.0,0.0,2.0,7.0,9.0,27.7,-5.337229956,-5.337229956,-4.096529966,-4.096529966,-1.15111819,10.073450416940714,-1.127259991,10.025479917402158,2.28,8.9588,18.563,1.0,9.0,0.0,14.0,0.0,0.0,1.0,1.0,2.0,24.0,6.5,-9.787249919,-9.787269919,3.47662997135677,-9.787269919,-3.814405005,16.99279956799987,-3.66805997,16.856479861122974,3.44,13.61805,35.1211,0.0,0.0,0.0,0.0,2.0,4.0,0.0,2.0,2.0,6.0,0.802,4.066685,221.0,4.066685
mp-976446.cif,105,Mg1 Mn1 O3,Mg,Mn,Mn,O,MgMnO3,3,0.6,1.042364981027036e-16,3.4503348061585727e-34,0.5240648113065022,0.0798491291491959,0.4460188261330564,0.011882310885297,0.5866115996676013,0.0240171208769066,1.3853586974182673e-39,1.4369636398838583e-78,0.2283755427264935,1.908492719898768,0.1585759903693806,0.9201661525174584,1.5936995614407252,3.8846771250775874e-19,36.1616711508166,0.0363251548568856,11.26605714214356,19.71132788140152,0.0326428815585193,0.0021987304394084,46.684320596936224,303.0073263286924,26.06808336663229,228.04369226100536,7.53141831467346,15.656845854323668,36.02935130482111,309.73849767959103,33.75165664781612,357.4281890433631,33.75165664781612,357.4281890433631,0.9183927961037016,0.0137420652463025,1.1352112425647731,0.0377242503397373,0.119054291834199,0.0292472557350334,0.8627382647000915,0.0013647874098296,2.836901587143013,0.973398907723532,1.3264288155851929,0.219873043940841,0.2476589410803885,0.0006317613521966,180.0,0.0,77.4464761928548,219.0147542377948,102.5535238071452,219.0147542377948,36.1616711508166,0.0363251548568856,103.89157400275968,23.458109123377383,2.359951287625293,0.0951421829491348,8.51070476142904,8.760590169511786,0.210073066145063,0.0003513411658624,100.73602292180756,52.4245025633273,36.29091154210927,11.353270910823127,-0.230819981,0.1099364766491419,1.3264288155851929,0.219873043940841,0.2525522912559733,0.1316126508076506,0.119054291834199,0.0292472557350334,2.4441353847106178,0.11375144042557,2.1915830934546445,0.1456654352013653,27.0,81.0,0.2307692307692307,1.0,3.0,2.076923076923077,6.0,6.0,0.0,0.2,27.0,243.0,0.6923076923076923,1.0,2.0,1.3076923076923077,18.0,18.0,0.0,0.6862745098039215,81.0,1.0,0.0,0.0,-0.844778505,0.9241910003434888,2.3320445535650904,2.64151758927515,-0.56638748,0.2318052286105675,0.2188304821449703,0.3647174702416167,7.2,12.0,0.0,0.0,3.079178553565089,3.735669999999999,0.0,0.0,4.1315642215749163e-16,4.983423519948912e-16,2.5815125698101857,3.235185120155412,-0.153462348,-0.088008478,2.5815125698101875,3.2351851201554136,-1.59438527,-1.561715285,9.797459063790572e-16,1.1378406915538665e-15,-5.042249958,-5.042249958,-0.770419994,-0.770419994,0.9719288889917772,8.12606364204918,1.0191899916031055,8.109879933184388,1.31,7.646235,15.03527,0.0,0.0,0.0,0.0,0.0,0.0,0.0,2.0,0.0,2.0,10.76666667,-4.293239965,-4.299769965,2.5982199785938063,-4.299769965,-0.789747513,7.106799981439508,-1.611869987,6.515149946323036,1.55,7.43402,15.64,5.0,5.0,0.0,0.0,0.0,0.0,0.0,2.0,5.0,7.0,9.4,-9.787249919,-9.787269919,3.47662997135677,-9.787269919,-3.814405005,16.99279956799987,-3.66805997,16.856479861122974,3.44,13.61805,35.1211,0.0,0.0,0.0,0.0,2.0,4.0,0.0,2.0,2.0,6.0,0.802,3.73567,221.0,3.73567
mp-978926.cif,106,Sm1 Ge1 O3,Sm,Ge,Ge,O,SmGeO3,3,0.6,8.739324380580547e-17,3.2285343308792244e-34,0.5282423837603559,0.0794413816795398,0.4444072925722089,0.0118216341785029,0.5889027277618712,0.0238944780832991,9.344412128823923e-40,2.9261297958075564e-79,0.2487992300328613,1.8987470522166336,0.1727574856860366,0.9154673483557854,1.5936995614499394,3.864844199224074e-19,36.15885347757823,0.0361396665133174,11.200420426746025,19.610672506034987,0.0321089948650257,0.0021799119352603,51.67535355490976,381.5334137211136,30.386182622609383,318.6616150412447,7.503677105213246,15.430446408093925,39.79068355090891,389.36952285224254,37.28998452403708,445.7942128655174,37.28998452403708,445.7942128655174,0.9197275128374358,0.013624449595377,1.1329998114726174,0.0374013758532711,0.123722055826133,0.0323653109226889,0.8624309960208514,0.0013465153362162,2.8223156503880054,0.9684282719029624,1.321089948650257,0.2179911935260323,0.2428481896856512,0.000467195123676,180.0,0.0,77.6652652441799,217.89636117816667,102.33473475582008,217.89636117816667,36.15885347757823,0.0361396665133174,103.9631776980012,23.33832085136473,2.484385656319076,0.1088813523525489,8.466946951164017,8.715854447126663,0.1928906131181275,0.0005585476797554,90.28985016489142,0.1203198969728608,25.34672139771911,307.60539588302083,-0.22704484,0.1089955586584005,1.321089948650257,0.2179911935260323,0.2624541139709979,0.1456438991521005,0.123722055826133,0.0323653109226889,2.571870360976076,0.1309919171751464,2.3094162470050765,0.1617561554754211,27.0,81.0,0.2307692307692307,1.0,3.0,2.076923076923077,6.0,6.0,0.0,0.2,27.0,243.0,0.6923076923076923,1.0,2.0,1.3076923076923077,18.0,18.0,0.0,0.6862745098039215,81.0,1.0,0.0,0.0,-0.853111671,0.9297084568050148,2.4637730117602685,2.7907270196004483,-0.412515324,0.6175607496198906,0.2311913960799107,0.3853189934665172,7.2,12.0,-1.013511949,-0.607425488,3.253109811760268,3.9466840000000007,0.3983826173313163,1.4258099147810472,9.272831588068508e-16,1.2560739669470201e-15,2.7273325414366743,3.41792860470958,-0.041648141,1.4476454293628809,2.727332541436676,3.4179286047095814,0.1150773525833175,1.0868366505080227,7.969114463370163e-16,1.0691669120424433e-15,-3.504979971,-1.789769985,-1.789769985,-1.789769985,-7.811453736,-3.64157787,2.026719983302276,6.161479949236849,1.17,5.6437,11.07,0.0,0.0,8.0,6.0,0.0,0.0,0.0,2.0,8.0,8.0,28.8,-12.6643599,-3.782329969,-3.782329969,-3.782329969,-0.612054095,7.280624070018371,-0.579449995,7.220969940507932,2.01,7.89943,15.93461,0.0,10.0,0.0,0.0,4.0,2.0,0.0,2.0,4.0,14.0,5.84,-9.787249919,-9.787269919,3.47662997135677,-9.787269919,-3.814405005,16.99279956799987,-3.66805997,16.856479861122974,3.44,13.61805,35.1211,0.0,0.0,0.0,0.0,2.0,4.0,0.0,2.0,2.0,6.0,0.802,3.946684,221.0,3.946684
mp-984723.cif,110,Dy1 Al1 O3,Dy,Al,Al,O,DyAlO3,3,0.6,6.903702209267044e-17,5.772655354303331e-35,0.5311522606917749,0.07913674266347,0.4432847831759704,0.0117763009915878,0.5904986069146771,0.0238028483792469,3.586195085913548e-40,1.9128789218442424e-80,0.2630252948596944,1.89146580381028,0.1826355683598385,0.9119567463703846,1.5936995614563574,3.8500234306369153e-19,36.15689081521471,0.0360010461397982,11.154701347998936,19.53547018892518,0.0331184494224076,0.0022150132500961,45.63645893931703,294.4554640771464,25.179014862613727,218.0639828211032,7.442914082660399,15.517464790072715,35.11404117378265,300.7187073119852,32.83328048580188,345.7422498448431,32.83328048580188,345.74224984484306,0.917203876443981,0.0138438328131011,1.137181109155286,0.0380036192044289,0.1199990801377317,0.0290798506552892,0.8618908624109777,0.0013521180147757,2.8121558551108747,0.9647145772308732,1.3311844942240747,0.2215013250096185,0.2509175240964639,0.0003705589135743,180.0,0.0,77.81766217333686,217.06077987694647,102.18233782666312,217.06077987694647,36.15689081521471,0.0360010461397982,104.01305305389822,23.248824271541697,2.3374492382906453,0.0947073568388076,8.436467565332624,8.682431195077859,0.2076647980705672,0.0003183446704315,93.13077291834249,167.4717247367687,36.299448141213546,11.687513358936055,-0.234182752,0.1107506159405787,1.3311844942240747,0.2215013250096185,0.2545564899046142,0.1308593279488017,0.1199990801377317,0.0290798506552891,2.4223014015921835,0.1144386294881903,2.167744911687569,0.1424843635059093,27.0,81.0,0.2307692307692307,1.0,3.0,2.076923076923077,6.0,6.0,0.0,0.2,27.0,243.0,0.6923076923076923,1.0,2.0,1.3076923076923077,18.0,18.0,0.0,0.6862745098039215,81.0,1.0,0.0,0.0,-0.520994485,1.623000187223937,2.316798152214939,2.6242479203582314,-0.499654962,0.5102915188828785,0.2173998159283542,0.3623330265472564,7.2,12.0,-0.970254191,-0.970254191,3.059047552214938,3.7112469999999993,-1.124110576,-1.124110576,5.933116762857904e-16,1.1208630755988309e-15,2.5646352006923365,3.2140341817187834,-0.607395268,0.0445242882952765,2.5646352006923383,3.2140341817187843,-0.646228308,1.1622244756413729,1.1057219767641902e-15,1.3404662769611484e-15,-3.200289974,-3.200289974,-0.532129996,-0.532129996,1.4999809876320285,5.342606255886081,2.3276899808226466,5.950609950974164,1.22,5.9389,11.67,0.0,0.0,4.0,10.0,0.0,0.0,0.0,2.0,4.0,12.0,24.5,-8.290709932,-2.361949981,-2.361949981,-2.361949981,0.4441415743394725,5.425257643300485,0.4751699960851733,5.362649955818243,1.61,5.985768,18.82855,0.0,0.0,0.0,0.0,5.0,1.0,0.0,2.0,5.0,3.0,6.8,-9.787249919,-9.787269919,3.47662997135677,-9.787269919,-3.814405005,16.99279956799987,-3.66805997,16.856479861122974,3.44,13.61805,35.1211,0.0,0.0,0.0,0.0,2.0,4.0,0.0,2.0,2.0,6.0,0.802,3.711247,221.0,3.711247
mp-998552.cif,112,Ba1 Hf1 O3,Ba,Hf,Hf,O,BaHfO3,4,0.8,5.887484635728306e-05,2.1584153294870154e-09,0.5508997547573702,0.0766194624665838,0.4356427222880367,0.0114003273668937,0.6012879356964782,0.0230458746756876,0.0015698826906815,2.2162073795689544e-06,0.1047096575166224,1.5444383151383738,-0.132437896,0.8782889094501631,1.439115380714652,0.0897403039077941,36.07432273222989,0.0393198368657667,3.5912039640845963,1.408077206642056,0.0385631597439892,0.0023631174923115,56.82962852920773,437.1842368640183,34.69136486334153,413.18365228685366,3.892522812621271,1.980327979177805,43.45885149867455,447.8028232023002,40.1166009318838,523.7302174479693,40.10884788055613,523.4935879428655,0.9037183796918186,0.0147725798123676,1.1619559082635718,0.040383131286894,0.1588193172122369,0.0385211552857226,0.8585824743286239,0.0013569696258202,8.393899019548734,13.10509155549452,2.3383519558844066,0.71158450870216,0.2697163263108801,0.000754321286966,179.85968056509836,0.0141523584163745,78.6782686607001,210.0487743319679,101.18141190439825,207.70128016840377,36.07432273222989,0.0393198368657667,104.31805694622471,22.444070168832702,2.627224921695547,0.1105068349397504,8.229480508911363,8.406299713852508,0.2238456189435753,0.0002378139585372,92.23539217473136,51.532364879516734,30.887974363456955,40.800498993801135,-0.253957745,0.128385084703626,2.3383519558844066,0.71158450870216,0.3392261730381587,0.1745024152607165,0.1588193172122369,0.0385211552857227,2.7423187329044025,0.1391540122907786,2.403092559866244,0.1713124879713012,27.0,81.0,0.2307692307692307,1.0,3.0,2.076923076923077,6.0,6.0,0.0,0.2,27.0,243.0,0.6923076923076923,1.0,2.0,1.3076923076923077,18.0,18.0,0.0,0.6862745098039215,81.0,1.0,0.0,0.0,-1.5,-1.5,2.6030853423467084,2.948528080290011,0.0099811189634784,0.7071057840323559,0.3268858637079809,0.4072597215053959,7.200000000000001,12.0,-1.042749648,-0.389110294,2.847210355109657,4.169566799999998,-0.388416327,0.757229914602573,1.300514423036983e-15,1.7452448556778552e-15,2.658159143002291,2.948335739854925,-0.668294952,0.1617818119410388,2.803173852260184,3.1681222724590747,0.4151793649529806,1.1547005383792524,0.2278873955948169,0.3728370915487091,-3.358279972,-3.358279972,-1.334939989,-1.334939989,1.4983806876590446,5.406739955395823,1.6443999864521308,5.413399955400124,0.89,5.211664,10.00383,0.0,0.0,0.0,0.0,0.0,0.0,0.0,2.0,0.0,2.0,39.7,-5.356469956,-2.187909982,-2.187909982,-2.187909982,1.2615776897041928,6.030562050389042,1.3050599892478825,5.949019950987262,1.3,6.82507,15.0,8.0,2.0,0.0,14.0,0.0,0.0,0.0,2.0,8.0,18.0,16.2,-9.787249919,-9.787269919,3.47662997135677,-9.787269919,-3.814405005,16.99279956799987,-3.66805997,16.856479861122974,3.44,13.61805,35.1211,0.0,0.0,0.0,0.0,2.0,4.0,0.0,2.0,2.0,6.0,0.802,4.170042392817354,221.0,4.170042392817354
mp-983564.cif,114,Eu1 As1 O3,Eu,As,As,O,EuAsO3,3,0.6,9.123978989878683e-17,3.0668823633405553e-34,0.5348600840772597,0.0787240282722181,0.4418544592523501,0.0117148851595562,0.5925321080498251,0.0236787116287531,4.004881778358865e-40,2.057066340022259e-79,0.2811524311927863,1.8816014205728628,0.1952224188710085,0.9072007043504742,1.5936995614645353,3.829947458849269e-19,36.15438992783036,0.0358133050520486,11.096445183447468,19.43358869348472,0.0334937869005459,0.0022275449291154,52.72850548957713,395.3157430117129,31.25283882416358,339.4909792882269,7.392816515281933,15.4602837095969,40.50867495782909,403.5947907697727,37.83124553976382,463.5243791521915,37.83124553976382,463.5243791521916,0.916265532748635,0.0139221558069712,1.1387358078944043,0.0382186288245375,0.1307507539422701,0.0339458251820382,0.8614176667000923,0.0013465700684789,2.799210040766104,0.9596833922708504,1.3349378690054592,0.2227544929115411,0.2465697344645571,0.0006111870609391,180.0,0.0,78.01184938850841,215.92876326094165,101.98815061149156,215.92876326094165,36.15438992783036,0.0358133050520486,104.07660521467976,23.127576721139505,2.515051013697807,0.1100410292064258,8.397630122298311,8.637150530437655,0.2078487945298975,0.0003257314951485,87.48982742450326,61.793738766576986,35.781872832532635,19.16757069834677,-0.236836799,0.1113772090114011,1.3349378690054592,0.2227544929115411,0.277364234273499,0.1527562133191724,0.1307507539422701,0.0339458251820382,2.60750575845564,0.1337161715121931,2.3301415241821406,0.1645282201410064,27.0,81.0,0.2307692307692307,1.0,3.0,2.076923076923077,6.0,6.0,0.0,0.2,27.0,243.0,0.6923076923076923,1.0,2.0,1.3076923076923077,18.0,18.0,0.0,0.6862745098039215,81.0,1.0,0.0,0.0,-0.56298204,2.1001662049861496,2.496089914069348,2.827332523448913,-0.051590984,0.9385449381507032,0.2342238953102176,0.3903731588503622,7.2,12.0,-0.739210743,-0.382653061,3.295780314069347,3.998452,-1.193892449,-1.077485857,7.392338511588935e-16,9.044766308671292e-16,2.7631065104205343,3.462761007812694,-1.166311853,-0.989684586,2.7631065104205352,3.462761007812696,-0.202685008,1.2275863473133717,9.12103528580276e-16,1.2833987505958189e-15,-2.358419981,-2.358419981,-2.358419981,-2.358419981,-7.773939136,-3.007723375,2.1781999820542635,6.07905994991589,1.2,5.67038,11.25,0.0,0.0,7.0,7.0,0.0,0.0,0.0,2.0,7.0,9.0,27.7,-5.304809956,-5.304809956,-5.304809956,-5.304809956,-1.770215705,9.16987353445915,-1.740229986,9.118799924872103,2.18,9.7886,18.5892,0.0,10.0,0.0,0.0,3.0,3.0,0.0,2.0,3.0,15.0,4.31,-9.787249919,-9.787269919,3.47662997135677,-9.787269919,-3.814405005,16.99279956799987,-3.66805997,16.856479861122974,3.44,13.61805,35.1211,0.0,0.0,0.0,0.0,2.0,4.0,0.0,2.0,2.0,6.0,0.802,3.998452,221.0,3.998452
mp-981132.cif,116,Tb1 Ge1 O3,Tb,Ge,Ge,O,TbGeO3,3,0.6,6.960775534053349e-17,5.73950238221565e-35,0.5249774744654989,0.0797630294048463,0.4456667586760059,0.0118694984233402,0.587112136337469,0.0239912236881764,5.4143327696361776e-42,1.498199040240282e-79,0.2328374514501104,1.9064348297623648,0.1616741839873174,0.9191739554661544,1.5936995614427385,3.880489718131082e-19,36.16105562776691,0.0362859796188203,11.251717663251789,19.69007354451064,0.0307740169866512,0.0021303615771704,50.907815027099645,376.1850207798911,29.77321525491618,308.0613199469886,7.577924599234991,15.286686140934844,39.22808204649623,383.506395697601,36.86870343770909,436.4255360823199,36.86870343770909,436.42553608232,0.923064957533372,0.0133147598573151,1.1274701520457098,0.0365512261125371,0.1176505531254826,0.0311367219850395,0.863084804482319,0.0013367366109526,2.833715036278175,0.9723493108400312,1.3077401698665114,0.2130361577170421,0.247178873870469,0.0005569329014146,180.00000000000003,8.077935669463163e-28,77.49427445582737,218.7785949390073,102.50572554417263,218.7785949390073,36.16105562776691,0.0362859796188203,103.90721709463443,23.432814796772963,2.462356208323202,0.1096560986557912,8.501145108834525,8.751143797560282,0.2098723828688249,0.0002234212676469,101.79581376068498,41.3020126929676,36.529733541922006,11.605455409841593,-0.217605122,0.1065180407322916,1.3077401698665114,0.2130361577170421,0.2495745117761311,0.1401152489326785,0.1176505531254826,0.0311367219850395,2.5455477122485792,0.1312491827565969,2.295973200472448,0.1598800964092986,27.0,81.0,0.2307692307692307,1.0,3.0,2.076923076923077,6.0,6.0,0.0,0.2,27.0,243.0,0.6923076923076923,1.0,2.0,1.3076923076923077,18.0,18.0,0.0,0.6862745098039215,81.0,1.0,0.0,0.0,-0.74421011,0.9107369279072568,2.4445001071669257,2.768896511944876,-0.583992895,0.0032398913222861,0.2293828976110252,0.3823048293517081,7.2,12.0,-1.255002704,-1.255002704,3.2276623071669244,3.915811,1.2346788291031423,1.2346788291031423,6.96461027660663e-16,1.1208630755988309e-15,2.705997938121139,3.391191802418544,-0.774371448,-0.333729923,2.70599793812114,3.391191802418546,-0.318834779,0.375802579551688,6.800381481376228e-16,7.73918565843135e-16,-3.347219972,-3.347219972,-0.505199996,-3.347219972,2.085670682817118,-0.811049493,2.776419977125654,5.9778499507497385,1.1,5.8638,11.52,0.0,0.0,5.0,9.0,0.0,0.0,0.0,2.0,5.0,11.0,25.5,-12.6643599,-3.782329969,-3.782329969,-3.782329969,-0.612054095,7.280624070018371,-0.579449995,7.220969940507932,2.01,7.89943,15.93461,0.0,10.0,0.0,0.0,4.0,2.0,0.0,2.0,4.0,14.0,5.84,-9.787249919,-9.787269919,3.47662997135677,-9.787269919,-3.814405005,16.99279956799987,-3.66805997,16.856479861122974,3.44,13.61805,35.1211,0.0,0.0,0.0,0.0,2.0,4.0,0.0,2.0,2.0,6.0,0.802,3.915810999999999,221.0,3.915810999999999
mp-983578.cif,119,Cs1 Bi1 O3,Cs,Bi,Bi,O,CsBiO3,3,0.6,7.322665737941077e-17,7.1317112466874684e-34,0.5346811781209205,0.0787445734730754,0.4419234737233285,0.0117179424811123,0.5924339897126022,0.0236848912399485,7.512131881489091e-40,4.373309670935518e-79,0.2802777798612101,1.882092476225976,0.1946150915272045,0.907437463331154,1.5936995614641414,3.830942949429089e-19,36.15451056284478,0.0358226469252218,11.099256098032166,19.43866042306776,0.0324012646743677,0.0021902845149383,64.14630235260773,598.1842211488157,42.00764375294894,623.8937104747109,7.427466125123757,15.275478674445896,49.25101079836804,609.8669544781413,46.089473890093146,695.3496674573375,46.08947389009312,695.3496674573364,0.918996838314081,0.0136892782183644,1.134210432661633,0.0375793411851866,0.1397439995759606,0.0407420565351543,0.8616941472254522,0.001332750845616,2.799834688451593,0.959933848052729,1.324012646743674,0.219028451493833,0.2469102653389819,0.0006258615538377,180.0,0.0,78.0024796732261,215.9851158118641,101.9975203267739,215.9851158118641,36.15451056284478,0.0358226469252218,104.07353874680078,23.133612544336856,2.772298969843102,0.1377447310122221,8.399504065354778,8.63940463247456,0.2021105061264616,0.0008352568859777,96.23074974910058,54.60365269458028,25.66832449443611,317.6185440886025,-0.229111511,0.1095141984453962,1.324012646743674,0.219028451493833,0.2964417891908756,0.183339254408195,0.1397439995759606,0.0407420565351543,2.8711128995733937,0.1672902871070632,2.574671110382518,0.2008797884280027,27.0,81.0,0.2307692307692307,1.0,3.0,2.076923076923077,6.0,6.0,0.0,0.2,27.0,81.0,0.2307692307692307,1.0,3.0,2.076923076923077,6.0,6.0,0.0,0.2,81.0,1.0,0.0,0.0,-0.790212123,0.476952655873422,2.7577283492275484,3.1236915820459137,-0.704056676,-0.20480906,0.2587750835908177,0.4312918059846956,7.2,12.0,-0.575171314,1.2618147448015122,3.641241749227547,4.417567,-0.240420468,0.3345367935745544,8.037215542935819e-16,1.1593037763813649e-15,3.052733442321906,3.825725244919809,-0.726431855,-0.246692572,3.0527334423219084,3.825725244919812,-1.219681833,-0.979909657,1.1297519871167253e-15,1.6550227688315153e-15,-1.953909984,-1.953909984,-1.953909984,-1.953909984,-0.303611898,3.6984121695097367,-0.312149997,3.673269969736694,0.79,3.893905,23.15744,0.0,0.0,0.0,0.0,0.0,0.0,1.0,1.0,1.0,1.0,59.42,-4.630999962,-4.630999962,-4.630999962,-4.630999962,-1.562114587,7.937668534658892,-1.541209987,7.900049934913133,2.02,7.2855,16.703,0.0,10.0,0.0,14.0,3.0,3.0,0.0,2.0,3.0,29.0,0.4,-9.787249919,-9.787269919,3.47662997135677,-9.787269919,-3.814405005,16.99279956799987,-3.66805997,16.856479861122974,3.44,13.61805,35.1211,0.0,0.0,0.0,0.0,2.0,4.0,0.0,2.0,2.0,6.0,0.802,4.417567,221.0,4.417567
mp-982558.cif,120,Ho1 Ge1 O3,Ho,Ge,Ge,O,HoGeO3,3,0.6,7.29363063498934e-17,4.530615033255066e-34,0.5295349474231072,0.0793081518932007,0.4439086753142043,0.0118018083174405,0.5896116152686888,0.0238544050616268,3.303004347744978e-40,7.633914563348741e-80,0.2551184300858142,1.8955626959185603,0.1771453175506592,0.9139320336791862,1.5936995614527905,3.858362534932866e-19,36.157981622243874,0.0360790356350389,11.18011206963137,19.577783781635844,0.0324278352080874,0.0021912190245258,50.53763600538409,364.2198820635392,29.373846619762027,297.9733948256496,7.480572990178292,15.446857068007851,38.89845994623064,371.7543124172688,36.42609310198559,426.0353003455986,36.42609310198558,426.0353003455985,0.9189304119797816,0.0136951189032866,1.1343204914158955,0.037595374834875,0.1236284698569116,0.0318483445685399,0.8622216555780664,0.0013473370623189,2.8178026821403046,0.9668041373647333,1.3242783520808736,0.2191219024525865,0.2421512945927068,0.0006931224074943,180.0,0.0,77.73295976789544,217.53093090706503,102.26704023210456,217.53093090706503,36.157981622243874,0.0360790356350389,103.9853322480594,23.29918079618902,2.4579918073598304,0.1061473407058143,8.453408046420913,8.701237236282598,0.2007253110117708,0.0007974096088358,88.87085313599593,12.774458370974788,26.8066853386873,348.83783178938927,-0.22929938,0.1095609116819779,1.3242783520808736,0.2191219024525865,0.262255588150617,0.1433175505584298,0.1236284698569116,0.0318483445685399,2.54541033674337,0.1279507671890774,2.283154748592753,0.1580855214449079,27.0,81.0,0.2307692307692307,1.0,3.0,2.076923076923077,6.0,6.0,0.0,0.2,27.0,243.0,0.6923076923076923,1.0,2.0,1.3076923076923077,18.0,18.0,0.0,0.6862745098039215,81.0,1.0,0.0,0.0,-0.864115871,0.0979889420951058,2.4377031199867902,2.761197533311317,-0.240543664,1.3323224514233638,0.228745093337737,0.3812418222295611,7.2,12.0,-0.184171598,-0.184171598,3.2186877199867894,3.904923,1.2000725399103511,1.2000725399103511,6.525455364646026e-16,7.116384075531948e-16,2.698473850377817,3.381762517822139,-0.631379888,-0.053070145,2.6984738503778187,3.3817625178221418,-0.022097575,0.6160286825424783,9.108935672705573e-16,1.432654601466389e-15,-3.61145997,-3.68546997,-0.120169999,-3.68546997,-3.580490471,1.0489614912400516,2.905709976060461,5.962619950875215,1.23,6.0215,11.8,0.0,0.0,3.0,11.0,0.0,0.0,0.0,2.0,3.0,13.0,23.6,-12.6643599,-3.782329969,-3.782329969,-3.782329969,-0.612054095,7.280624070018371,-0.579449995,7.220969940507932,2.01,7.89943,15.93461,0.0,10.0,0.0,0.0,4.0,2.0,0.0,2.0,4.0,14.0,5.84,-9.787249919,-9.787269919,3.47662997135677,-9.787269919,-3.814405005,16.99279956799987,-3.66805997,16.856479861122974,3.44,13.61805,35.1211,0.0,0.0,0.0,0.0,2.0,4.0,0.0,2.0,2.0,6.0,0.802,3.904923,221.0,3.904923
mp-9833.cif,123,Pr1 Ga1 O3,Pr,Ga,Ga,O,PrGaO3,3,0.6,1.1610261142024042e-16,4.596131683945533e-33,0.5367108491165524,0.0785077336865526,0.4411405111384613,0.0116826984652608,0.5935471328816516,0.0236136542729084,6.632218043209588e-39,7.038010214951405e-77,-0.094779646,1.339480216455622,-0.374922096,0.7284349217326217,1.3600568775297577,0.1170263145314394,36.1531416422866,0.0357149257010605,11.067366540409289,19.38019483005186,0.0318088944720505,0.0021690836796709,69.28707603096193,711.4985963510688,47.20155923579591,802.4313200179555,7.42397752611135,15.10455466925148,53.125894477721246,724.5566814888015,49.7558632218342,821.3420345585278,49.75586322183418,821.342034558527,0.920477763819874,0.0135567729979436,1.1317567549441787,0.0372155923587264,0.1429533417230028,0.0438094478977536,0.861623471627639,0.0013192135580398,2.7927481200909527,0.957046658274166,1.318088944720503,0.2169083679670998,0.2546658353362757,0.0002358406078561,180.0,0.0,78.10877819863568,215.335498111688,101.89122180136434,215.335498111688,36.1531416422866,0.0357149257010605,104.1083273776068,23.06403340341821,2.8816379364797187,0.1522871952461553,8.37824436027286,8.613419924467493,0.2194064737067287,2.9613575841973235e-05,100.10523876221612,73.65399602960098,35.9622447528754,9.32343747912092,-0.224922825,0.1084541600867901,1.318088944720503,0.2169083679670998,0.3032498319768397,0.1971425155398919,0.1429533417230026,0.0438094478977536,2.9827212138053323,0.1854155347095975,2.6794713818284923,0.2174588600125322,27.0,81.0,0.2307692307692307,1.0,3.0,2.076923076923077,6.0,6.0,0.0,0.2,27.0,81.0,0.2307692307692307,1.0,3.0,2.076923076923077,6.0,6.0,0.0,0.2,81.0,1.0,0.0,0.0,-0.746315354,0.973269771628312,2.8735980030211694,3.2549376717019487,-0.518421445,0.4452293005865055,0.2696478656596109,0.4494131094326839,7.2,12.0,-0.380112259,0.8083883941396155,3.794233403021167,4.603176999999999,-0.040431784,1.1109545293783416,1.1348229132696713e-15,1.3129383699400096e-15,3.180998130606058,3.9864682201162367,0.9843053438345848,3.166931043360546,3.1809981306060617,3.98646822011624,-1.354577606,-0.564585935,1.188119607020274e-15,1.5442938142611901e-15,-3.552829971,-1.857289985,-1.857289985,-1.857289985,-2.664784778,2.129404682427247,0.600049995056313,6.411329947178387,1.13,5.473,10.55,0.0,0.0,11.0,3.0,0.0,0.0,0.0,2.0,11.0,5.0,28.2,-9.552189921,-2.272409981,-2.272409981,-2.272409981,0.5277969156497692,5.3874839356062845,0.5632799953592533,5.318219956184293,1.81,5.999301,20.51515,0.0,10.0,0.0,0.0,5.0,1.0,0.0,2.0,5.0,13.0,8.12,-9.787249919,-9.787269919,3.47662997135677,-9.787269919,-3.814405005,16.99279956799987,-3.66805997,16.856479861122974,3.44,13.61805,35.1211,0.0,0.0,0.0,0.0,2.0,4.0,0.0,2.0,2.0,6.0,0.802,4.603177,221.0,4.603177
mp-9834.cif,124,Nd1 Ga1 O3,Nd,Ga,Ga,O,NdGaO3,3,0.6,1.2504924975209962e-16,4.304823737772804e-33,0.5393253758245032,0.0781905054347359,0.4401319355644557,0.011635491880169,0.5949810315536612,0.0235182379627916,6.596052851678309e-39,7.640745648716165e-77,-0.067829625,1.366391917593736,-0.344833185,0.7528999412187479,1.3686553023733143,0.1146545849437477,36.15137820029426,0.035570610779342,11.026287912252709,19.30188477017481,0.0306382762284993,0.002125123652596,67.5546376074239,698.6374820406248,45.526280857604775,769.2697067428771,7.431710321313501,14.812802065420142,51.69217004190937,710.1251085488577,48.50143895059122,797.2136095987568,48.5014389505912,797.2136095987563,0.9234043094287518,0.0132820228287254,1.1269078954157754,0.0364613575345788,0.1365149850109771,0.0421906485895836,0.8616286466576475,0.0012964107284315,2.783619536056157,0.9531794948234475,1.3063827622849904,0.2125123652596094,0.2544643620766006,0.0002244079286098,180.0,0.0,78.24570695915762,214.4653863352759,101.75429304084238,214.4653863352759,36.15137820029426,0.035570610779342,104.15314042753069,22.970837969455943,2.845305692983187,0.1542775802334695,8.350858608168473,8.578615453411027,0.2141006025577941,3.16515467112482e-06,100.08914403454372,79.07983693950695,33.6986281106719,7.779459705595622,-0.216645304,0.1062561586063129,1.3063827622849904,0.2125123652596094,0.2895920149045257,0.1898579186531264,0.136514985010977,0.0421906485895836,2.941836364618029,0.1882563755088055,2.652244349713503,0.2128919354515488,27.0,81.0,0.2307692307692307,1.0,3.0,2.076923076923077,6.0,6.0,0.0,0.2,27.0,81.0,0.2307692307692307,1.0,3.0,2.076923076923077,6.0,6.0,0.0,0.2,81.0,1.0,0.0,0.0,-0.68667503,0.5925251007444845,2.849025096484461,3.2271038274741013,0.0895292434516472,1.4014660031869666,0.2673420345051799,0.4455700575086325,7.2,12.0,-0.978538691,-0.978538691,3.761787896484459,4.563813999999998,1.2115787412646573,1.2115787412646573,8.892107669876543e-16,9.880977218904095e-16,3.1537965632070564,3.952378862147072,-0.779252344,-0.779252344,3.1537965632070577,3.952378862147072,0.8088540940144077,0.8088540940144077,6.557551491402543e-16,7.644222728798687e-16,-2.781479977,-2.781479977,-1.072319991,-1.072319991,2.903782976091173,6.083155549909696,1.8723199845743448,6.376199947467815,1.14,5.525,10.72,0.0,0.0,10.0,4.0,0.0,0.0,0.0,2.0,10.0,6.0,31.4,-9.552189921,-2.272409981,-2.272409981,-2.272409981,0.5277969156497692,5.3874839356062845,0.5632799953592533,5.318219956184293,1.81,5.999301,20.51515,0.0,10.0,0.0,0.0,5.0,1.0,0.0,2.0,5.0,13.0,8.12,-9.787249919,-9.787269919,3.47662997135677,-9.787269919,-3.814405005,16.99279956799987,-3.66805997,16.856479861122974,3.44,13.61805,35.1211,0.0,0.0,0.0,0.0,2.0,4.0,0.0,2.0,2.0,6.0,0.802,4.563814,221.0,4.563814
mp-983513.cif,125,Pm1 Ru1 O3,Pm,Ru,Ru,O,PmRuO3,3,0.6,7.715997104830959e-17,5.245132723903402e-34,0.5219788946524349,0.0800396576862062,0.446823485951717,0.0119106633461616,0.5854676093954446,0.0240744282884292,-2.5099999999999997e-40,4.2448244304648697e-79,0.2181777280960108,1.913046587044113,0.151494983974555,0.9223617670809914,1.593699561436124,3.8939491162845563e-19,36.16307810768944,0.0364118239887535,11.29883041400858,19.758361211680626,0.0311776785812259,0.0021457202164083,52.479876419435385,391.91915081817086,31.14088285079273,330.18760494156203,7.597223251902282,15.450190611927336,40.50591764184446,400.0027637703949,38.05662705002433,457.73540795181896,38.05662705002432,457.7354079518186,0.9220558035469352,0.0134107513525521,1.129142173116529,0.0368147387019408,0.1206549391146516,0.0321348111306492,0.863300528504761,0.0013498677314001,2.844184536446351,0.9757215413175616,1.311776785812257,0.214572021640835,0.2443338643855163,0.0005009182132242,180.0,0.0,77.33723195330472,219.53734679645143,102.66276804669528,219.53734679645143,36.16307810768944,0.0364118239887535,103.85582136653608,23.514082764314107,2.499048221467876,0.1104107012045676,8.532553609339054,8.781493871858055,0.2015076272477091,0.00030817002049,99.92352946283228,68.21666336340192,35.33331603491446,6.990446259184626,-0.220459441,0.1072859737976411,1.311776785812257,0.214572021640835,0.2559477768948609,0.1446066500879217,0.1206549391146516,0.0321348111306492,2.584364147099496,0.1316221937131148,2.3284163702046348,0.1643921495794214,27.0,81.0,0.2307692307692307,1.0,3.0,2.076923076923077,6.0,6.0,0.0,0.2,27.0,243.0,0.6923076923076923,1.0,2.0,1.3076923076923077,18.0,18.0,0.0,0.6862745098039215,81.0,1.0,0.0,0.0,-0.439994361,1.6637856259814896,2.474466655257304,2.802839758762174,-0.257781221,1.2176689005571808,0.2321948482475656,0.3869914137459421,7.2,12.0,-1.599971273,-1.599971273,3.267229455257304,3.9638139999999993,1.094517312195037,1.094517312195037,6.965869168778385e-16,9.283876246645928e-16,2.7391701262128594,3.4327636198764084,-0.632861072,0.9142561983471073,2.7391701262128603,3.4327636198764084,-0.044572115,1.1935476171813004,1.027802928250237e-15,1.814999919025293e-15,-3.451029972,-1.20110999,-1.20110999,-1.20110999,1.590597686891269,5.774711452508859,1.0662699912152236,6.262719948402754,1.13,5.582,10.9,0.0,0.0,9.0,5.0,0.0,0.0,0.0,2.0,9.0,7.0,30.1,-3.59957997,-3.59957997,-2.754109977,-3.59957997,-0.327545597,8.177103232657059,0.050859999580975,8.119189933107684,2.2,7.3605,16.76,3.0,7.0,0.0,0.0,0.0,0.0,1.0,1.0,4.0,8.0,9.6,-9.787249919,-9.787269919,3.47662997135677,-9.787269919,-3.814405005,16.99279956799987,-3.66805997,16.856479861122974,3.44,13.61805,35.1211,0.0,0.0,0.0,0.0,2.0,4.0,0.0,2.0,2.0,6.0,0.802,3.963814,221.0,3.963814
mp-982040.cif,126,K1 Bi1 O3,K,Bi,Bi,O,KBiO3,3,0.6,8.431993089683991e-17,4.9798904171709865e-34,0.5315867698534922,0.0790898001356255,0.443117167627865,0.0117693154963728,0.5907369070659312,0.0237887289470436,7.97669680670563e-41,1.6368581104418838e-78,0.2651495618469671,1.8903438194680648,0.1841105851812107,0.9114157896223724,1.5936995614573162,3.8477383118335673e-19,36.156597692892944,0.0359797059621046,11.147874475574756,19.523882090623,0.0323793672954103,0.0021895133030899,60.62475545707896,528.6315617358689,38.59712692270225,519.6729657421307,7.460535298187526,15.37247760163422,46.61563095531197,539.2950666912197,43.64411102627552,616.6120192270638,43.64411102627551,616.6120192270638,0.9190515817614742,0.0136844581443121,1.1341197307481885,0.0375661092817607,0.1354336436490589,0.0383057524011375,0.8620202772919096,0.0013410832302685,2.8106387723499453,0.9641423254628642,1.323793672954103,0.2189513303089945,0.2470536612558119,0.0006292784966879,180.00000000000003,8.077935669463161e-28,77.84041841475081,216.93202322914456,102.1595815852492,216.93202322914456,36.156597692892944,0.0359797059621046,104.02050052379164,23.23503328413845,2.6932690017313754,0.12861061346442,8.431916317049836,8.677280929165777,0.2058225317207401,0.0009806436969161,90.399925702664,25.595981440940363,27.55310224670772,365.20513048126907,-0.228956671,0.1094756352337185,1.323793672954103,0.2189513303089945,0.2872981434751558,0.1723758858051191,0.1354336436490589,0.0383057524011375,2.789035049556428,0.1554933672365901,2.501736906081272,0.1897623631234928,27.0,81.0,0.2307692307692307,1.0,3.0,2.076923076923077,6.0,6.0,0.0,0.2,27.0,81.0,0.2307692307692307,1.0,3.0,2.076923076923077,6.0,6.0,0.0,0.2,81.0,1.0,0.0,0.0,-0.060491511,3.682404036932307,2.674474620231919,3.029389700386532,-0.353286961,0.9124235294545598,0.250962859922694,0.4182714332044895,7.2,12.0,0.516455005788174,0.8083883941396155,3.5313154202319184,4.284203999999999,-1.645807482,-1.563791698,8.459338502919178e-16,1.3129383699400096e-15,2.960573733127144,3.710229498994905,2.6365035160047423,6.51366982704385,2.960573733127145,3.7102294989949054,-0.616728662,1.2799650964497442,7.417288693560138e-16,1.0003422748280388e-15,-2.227309982,-2.227309982,-2.227309982,-2.227309982,-0.347925887,4.162399025703636,-0.349729997,4.147669965828211,0.8200000000000001,4.3406633,31.63,0.0,0.0,0.0,0.0,0.0,0.0,1.0,1.0,1.0,1.0,43.23,-4.630999962,-4.630999962,-4.630999962,-4.630999962,-1.562114587,7.937668534658892,-1.541209987,7.900049934913133,2.02,7.2855,16.703,0.0,10.0,0.0,14.0,3.0,3.0,0.0,2.0,3.0,29.0,0.4,-9.787249919,-9.787269919,3.47662997135677,-9.787269919,-3.814405005,16.99279956799987,-3.66805997,16.856479861122974,3.44,13.61805,35.1211,0.0,0.0,0.0,0.0,2.0,4.0,0.0,2.0,2.0,6.0,0.802,4.284204,221.0,4.284204
mp-976133.cif,127,Na1 As1 O3,Na,As,As,O,NaAsO3,3,0.6,1.7008007198770735e-16,8.718965493655265e-33,0.5184697946969918,0.080340546934188,0.4481771506479088,0.0119554385318732,0.5835430951991439,0.0241649301325488,-2.5e-38,8.596732515558001e-76,0.2010221285203185,1.92023821136598,0.1395827346638616,0.9258291574533016,1.5936995614283838,3.9085943215906673e-19,36.16544487370969,0.0365487118531558,11.35396429800967,19.83263787175386,0.0322385263030689,0.0021845300521132,46.6183830897982,298.12788176892263,26.025807442554168,222.88927371319485,7.602153742914385,15.750427943380297,36.06236785731497,304.9574492688158,33.83264069207881,352.8533382201388,33.832640692078805,352.8533382201384,0.9194036842423278,0.0136533128257075,1.1335363482565293,0.0374806102119419,0.117062154498888,0.0288031965141999,0.8634140558157639,0.0013733698103814,2.856436510668815,0.9793895245310548,1.3223852630306876,0.2184530052113219,0.2424201322846866,0.0006704327057963,180.0,0.0,77.15345233996774,220.3626430194879,102.84654766003226,220.3626430194879,36.16544487370969,0.0365487118531558,103.79567528737316,23.60247803626785,2.3550140597586573,0.0936683277618647,8.569309532006447,8.814505720779493,0.1970026451660415,0.0007628004684806,88.59670754977613,2.629429222075226,26.87667311856484,343.8066955295444,-0.227960758,0.1092264569774019,1.3223852630306876,0.2184530052113219,0.2483263297994137,0.1296143843138995,0.117062154498888,0.0288031965141999,2.4377895030251286,0.1110698270994628,2.189463173225715,0.1452749186292684,27.0,81.0,0.2307692307692307,1.0,3.0,2.076923076923077,6.0,6.0,0.0,0.2,27.0,243.0,0.6923076923076923,1.0,2.0,1.3076923076923077,18.0,18.0,0.0,0.6862745098039215,81.0,1.0,0.0,0.0,-0.803378086,0.7610946079755156,2.321782900803603,2.6298941680060057,-0.487879425,0.5274481865042543,0.2178675663987993,0.3631126106646647,7.2,12.0,-0.534446505,-0.534446505,3.065629300803602,3.719232,-0.826953051,-0.826953051,8.645055321032395e-16,9.349210453465705e-16,2.570153187524668,3.2209493945680023,-0.636085282,0.2595155709342558,2.5701531875246686,3.220949394568004,0.3280487206297836,1.1276053522042522,9.572341576272916e-16,1.1330159036370045e-15,-2.665759978,-2.665759978,-2.665759978,-2.665759978,-0.496947569,4.962073789117701,-0.490429996,4.9517099592038925,0.93,5.139076,47.2864,0.0,0.0,0.0,0.0,0.0,0.0,1.0,1.0,1.0,1.0,24.11,-5.304809956,-5.304809956,-5.304809956,-5.304809956,-1.770215705,9.16987353445915,-1.740229986,9.118799924872103,2.18,9.7886,18.5892,0.0,10.0,0.0,0.0,3.0,3.0,0.0,2.0,3.0,15.0,4.31,-9.787249919,-9.787269919,3.47662997135677,-9.787269919,-3.814405005,16.99279956799987,-3.66805997,16.856479861122974,3.44,13.61805,35.1211,0.0,0.0,0.0,0.0,2.0,4.0,0.0,2.0,2.0,6.0,0.802,3.719232,221.0,3.719232
mp-975913.cif,128,Pr1 Nb1 O3,Pr,Nb,Nb,O,PrNbO3,3,0.6,8.483429745182093e-17,6.369316965349765e-34,0.5247786811877382,0.0797819252795891,0.4457434448477768,0.0118723103094626,0.5870031110916686,0.0239969072130014,-9.77e-40,3.8312086038229706e-79,0.2318655732149775,1.9068864644860868,0.1609993456766268,0.919391707926899,1.593699561442299,3.8814117353053634e-19,36.16118967538722,0.03629456031587,11.254841041227738,19.69473812616144,0.0332664373219191,0.0022199878800987,55.9281994099147,430.2497360911361,34.14890772634549,388.5915346125363,7.505234241160922,15.747613403120372,43.1652303714789,440.1268494715202,40.38698166750748,509.8377378353688,40.38698166750747,509.83773783536856,0.916833906695202,0.0138749242506171,1.137794095105734,0.0380889703617149,0.132736929245131,0.0353444763157448,0.8625170103942345,0.0013714060344986,2.8344091202728308,0.9725796605511822,1.33266437321919,0.2219987880098735,0.2548297307969207,0.000237454010998,179.99999999999994,3.231174267785264e-27,77.4838631959075,218.830423624016,102.51613680409248,218.830423624016,36.16118967538722,0.03629456031587,103.90380975794122,23.43836620913092,2.5843193768887898,0.1123092999251078,8.503227360818492,8.75321694496064,0.2101781913061146,0.0003591972551979,84.93725915531957,43.493895308467415,37.087436697461136,18.737634498017503,-0.235229197,0.1109993590592094,1.33266437321919,0.2219987880098735,0.2815775483493341,0.1590501434208522,0.132736929245131,0.0353444763157448,2.6781785596719017,0.1343805635647888,2.396601011322568,0.1742002015929813,27.0,81.0,0.2307692307692307,1.0,3.0,2.076923076923077,6.0,6.0,0.0,0.2,27.0,243.0,0.6923076923076923,1.0,2.0,1.3076923076923077,18.0,18.0,0.0,0.6862745098039215,81.0,1.0,0.0,0.0,-0.960989343,-0.009195365,2.55132479886898,2.8898973314482994,-0.530629741,0.6316322159509278,0.2394069337103405,0.3990115561839003,7.2,12.0,0.0,0.0,3.3687111988689784,4.086931999999999,0.0,0.0,5.542828077501104e-16,6.395615591109088e-16,2.8242500889959445,3.53938693553954,-0.550276886,0.0858311658796493,2.8242500889959463,3.5393869355395418,0.0996425397704366,1.062372370231874,8.239826895278075e-16,8.525107801506452e-16,-3.552829971,-1.857289985,-1.857289985,-1.857289985,-2.664784778,2.129404682427247,0.600049995056313,6.411329947178387,1.13,5.473,10.55,0.0,0.0,11.0,3.0,0.0,0.0,0.0,2.0,11.0,5.0,28.2,-4.966219959,-4.334109964,-4.334109964,-4.334109964,-0.511766596,7.220987540517275,-0.459349996,7.633379937110171,1.6,6.75885,14.0,6.0,4.0,0.0,0.0,0.0,0.0,1.0,1.0,7.0,5.0,15.7,-9.787249919,-9.787269919,3.47662997135677,-9.787269919,-3.814405005,16.99279956799987,-3.66805997,16.856479861122974,3.44,13.61805,35.1211,0.0,0.0,0.0,0.0,2.0,4.0,0.0,2.0,2.0,6.0,0.802,4.086932,221.0,4.086932
mp-973958.cif,129,K1 Ru1 O3,K,Ru,Ru,O,KRuO3,3,0.6,9.406296535169918e-17,7.6024618528511615e-34,0.5302928901596622,0.079228473490603,0.4436162925558796,0.0117899514122921,0.5900272978012483,0.0238304392920954,-1.52e-40,6.618968069715919e-79,0.2588239278643747,1.893658283773917,0.1797182858205049,0.913013834946923,1.5936995614544625,3.854483450008619e-19,36.15747046636015,0.0360427873664339,11.168203509759238,19.55811459882316,0.0331082398490012,0.0022146684390011,51.48493036473747,373.6463199704522,30.17134422314298,311.94571793699976,7.452221811036124,15.54360743699802,39.62988368304792,381.6617332489764,37.06103136385695,439.1481617992271,37.06103136385694,439.1481617992271,0.917229400377497,0.013841677743757,1.1371388197175771,0.0379977031813291,0.1273329131926575,0.0327580379407615,0.8619824089661716,0.0013543627879928,2.815156335502053,0.9658328196949704,1.3310823984900118,0.2214668439001128,0.2411177710630986,0.0005409122050409,180.00000000000003,8.077935669463161e-28,77.7726549674692,217.31238443136817,102.22734503253082,217.31238443136817,36.15747046636015,0.0360427873664339,103.9983234333542,23.27577286837501,2.482237480226208,0.1064749569446836,8.445469006506158,8.692495377254733,0.2022185304986609,0.0003645351482997,89.05232489262994,166.6859013576617,36.11930486224959,10.69413176400672,-0.234110568,0.1107333830191197,1.3310823984900118,0.2214668439001128,0.2701138991602987,0.1474111707334277,0.1273329131926575,0.0327580379407615,2.5722754466129736,0.1284906538578498,2.3021615474526747,0.1607176769406361,27.0,81.0,0.2307692307692307,1.0,3.0,2.076923076923077,6.0,6.0,0.0,0.2,27.0,243.0,0.6923076923076923,1.0,2.0,1.3076923076923077,18.0,18.0,0.0,0.6862745098039215,81.0,1.0,0.0,0.0,-0.568005648,1.7854488309371614,2.45914908780332,2.7854894796722,-0.511921079,0.6106078745975099,0.2307575040655605,0.384595840109267,7.2,12.0,-1.195844681,-1.185008923,3.247004487803319,3.939277,-1.144478039,-1.009430152,7.838198655027493e-16,1.1110451076882814e-15,2.7222139780719816,3.41151395454375,-0.926634164,-0.849913524,2.722213978071983,3.411513954543751,-0.459336179,0.4758029710867636,7.22509935721117e-16,1.0751280640826052e-15,-2.227309982,-2.227309982,-2.227309982,-2.227309982,-0.347925887,4.162399025703636,-0.349729997,4.147669965828211,0.8200000000000001,4.3406633,31.63,0.0,0.0,0.0,0.0,0.0,0.0,1.0,1.0,1.0,1.0,43.23,-3.59957997,-3.59957997,-2.754109977,-3.59957997,-0.327545597,8.177103232657059,0.050859999580975,8.119189933107684,2.2,7.3605,16.76,3.0,7.0,0.0,0.0,0.0,0.0,1.0,1.0,4.0,8.0,9.6,-9.787249919,-9.787269919,3.47662997135677,-9.787269919,-3.814405005,16.99279956799987,-3.66805997,16.856479861122974,3.44,13.61805,35.1211,0.0,0.0,0.0,0.0,2.0,4.0,0.0,2.0,2.0,6.0,0.802,3.939276999999999,221.0,3.939276999999999
mp-975138.cif,132,Rb1 W1 O3,Rb,W,W,O,RbWO3,3,0.6,1.3131495301092031e-16,1.3899857338578045e-33,0.5394045328290984,0.0781806878575128,0.4401014000870009,0.0116340309311775,0.5950244440471821,0.0235152850196425,2.9270810093448645e-39,3.7937266579071774e-77,-0.093604735,1.3206286982844753,-0.383736735,0.7193701193999253,1.352777648657615,0.1189185892282594,36.15132487597749,0.0355661371859919,11.02504422208582,19.29946123111176,0.0327999129765351,0.0022041570063852,53.80117901903254,424.3012463474482,32.2462130875115,372.89482990122633,7.366032092094498,15.186125379599352,41.223891274178825,432.37220933618056,38.52286739591647,492.0724092360084,38.522867395916464,492.0724092360081,0.9180002175586626,0.0137759812899076,1.1358616879953811,0.0378173555096344,0.1299581790476279,0.0346022531344768,0.8611101145757228,0.0013243426318727,2.783343160463516,0.953059813882062,1.3279991297653493,0.2204157006385229,0.2479830471325464,0.0005610547949969,180.0,0.0,78.24985259304725,214.43845812346427,101.75014740695276,214.43845812346427,36.15132487597749,0.0355661371859919,104.15449721227,22.967953861818927,2.542132177079968,0.1165177805347708,8.350029481390546,8.577538324938558,0.2115275761278325,0.0001459728428311,97.58794581772447,15.300731646596358,37.56163631028441,20.20302545283345,-0.231930372,0.1102078148828576,1.3279991297653493,0.2204157006385229,0.2756829290257001,0.1557101391051461,0.1299581790476279,0.0346022531344768,2.634026486755202,0.1425202811650741,2.3583435577295018,0.1683195386775949,27.0,81.0,0.2307692307692307,1.0,3.0,2.076923076923077,6.0,6.0,0.0,0.2,27.0,243.0,0.6923076923076923,1.0,2.0,1.3076923076923077,18.0,18.0,0.0,0.6862745098039215,81.0,1.0,0.0,0.0,-0.728686834,1.4603419105578146,2.5334433788847948,2.8696429648079915,-0.175188248,1.6552490277717926,0.237729007038402,0.3962150117306695,7.2,12.0,0.0599999999999996,0.0599999999999996,3.345100978884794,4.058287999999999,-1.707629936,-1.707629936,6.514156861592552e-16,9.362222582871205e-16,2.804455822893842,3.51458050387354,-0.911133234,-0.409152,2.804455822893843,3.51458050387354,-0.068770708,1.5209290634345838,1.0047408692389796e-15,1.1702778228589005e-15,-2.123489983,-2.123489983,-2.123489983,-2.123489983,-0.344400577,3.992618027090578,-0.348109997,3.9702199672901832,0.8200000000000001,4.177128,27.2895,0.0,0.0,0.0,0.0,0.0,0.0,1.0,1.0,1.0,1.0,47.27,-6.06602995,-4.355829964,-4.355829964,-4.355829964,-0.368762497,8.697226028512699,-0.333519997,8.635419928854573,2.36,7.86403,16.1,6.0,4.0,0.0,14.0,0.0,0.0,0.0,2.0,6.0,20.0,11.1,-9.787249919,-9.787269919,3.47662997135677,-9.787269919,-3.814405005,16.99279956799987,-3.66805997,16.856479861122974,3.44,13.61805,35.1211,0.0,0.0,0.0,0.0,2.0,4.0,0.0,2.0,2.0,6.0,0.802,4.058288,221.0,4.058288
mp-973892.cif,133,Eu1 Al1 O3,Eu,Al,Al,O,EuAlO3,3,0.6,5.788433319131787e-17,1.4783935873994072e-34,0.52449768716994,0.0798084997545334,0.4458518406434408,0.0118762648444246,0.5868490040604657,0.0240049003167933,3.706396241147319e-40,1.642474625623165e-80,0.230491824700053,1.907521627229961,0.1600454626760488,0.9196979471135408,1.5936995614416798,3.882704590528573e-19,36.16137917451184,0.0363066656313842,11.259255931592506,19.70129822511912,0.0312203793573608,0.0021473258485185,47.24613757953614,320.4222192349119,26.60026604447276,243.57409490345407,7.569559240340852,15.383341659593132,36.424519733720345,326.87852223666425,34.208030133821204,373.2831202857526,34.20803013382118,373.283120285752,0.921949051606598,0.0134207865532409,1.1293190455225182,0.0368422869937154,0.1148563462987417,0.0290624078954438,0.863029191591737,0.0013441247553727,2.835390207020557,0.9729036160552652,1.3122037935736066,0.2147325848518554,0.2422078630828884,0.0005976225476884,180.0,0.0,77.46914689469165,218.90331361243472,102.53085310530837,218.90331361243472,36.16137917451184,0.0363066656313842,103.89899350059515,23.446173072172293,2.3724825276325348,0.1003625296951854,8.50617062106167,8.756132544497385,0.2045943982306082,0.0003113091132845,96.70889256351418,21.174767956111232,37.36628852430324,18.76650803647439,-0.220761375,0.107366249299115,1.3122037935736066,0.2147325848518554,0.2436471039904523,0.1307808355294972,0.1148563462987417,0.0290624078954438,2.453698228962686,0.1200701962992922,2.210051124972233,0.1481344201733032,27.0,81.0,0.2307692307692307,1.0,3.0,2.076923076923077,6.0,6.0,0.0,0.2,27.0,243.0,0.6923076923076923,1.0,2.0,1.3076923076923077,18.0,18.0,0.0,0.6862745098039215,81.0,1.0,0.0,0.0,-0.70062122,0.8272192476144333,2.352323771837197,2.664487953061996,-0.519840731,0.8308950699538729,0.2207334093876014,0.3678890156460018,7.2,12.0,-1.74,-1.74,3.105954771837196,3.768154999999999,1.075174404457249,1.075174404457249,6.463397925212155e-16,9.362222582871205e-16,2.603961136153113,3.263317955397349,-0.385943957,-0.385943957,2.6039611361531145,3.263317955397351,-0.169132268,-0.169132268,6.0123713971883085e-16,6.508821115795449e-16,-2.358419981,-2.358419981,-2.358419981,-2.358419981,-7.773939136,-3.007723375,2.1781999820542635,6.07905994991589,1.2,5.67038,11.25,0.0,0.0,7.0,7.0,0.0,0.0,0.0,2.0,7.0,9.0,27.7,-8.290709932,-2.361949981,-2.361949981,-2.361949981,0.4441415743394725,5.425257643300485,0.4751699960851733,5.362649955818243,1.61,5.985768,18.82855,0.0,0.0,0.0,0.0,5.0,1.0,0.0,2.0,5.0,3.0,6.8,-9.787249919,-9.787269919,3.47662997135677,-9.787269919,-3.814405005,16.99279956799987,-3.66805997,16.856479861122974,3.44,13.61805,35.1211,0.0,0.0,0.0,0.0,2.0,4.0,0.0,2.0,2.0,6.0,0.802,3.768155,221.0,3.768155
mp-973681.cif,137,Lu1 Rh1 O3,Lu,Rh,Rh,O,LuRhO3,3,0.6,7.143746682907216e-17,3.269698938951756e-34,0.5277789052589064,0.0794883404032655,0.4445860832857315,0.0118286220838192,0.5886485398028374,0.0239086023869197,8.600689665864286e-40,5.390947488487621e-79,0.2465333351641568,1.8998694236603944,0.1711841274091233,0.916008491742046,1.5936995614489171,3.8671260350526585e-19,36.1591660968048,0.0361610065806129,11.20770245640046,19.622264602406137,0.0327353743037677,0.0022019326995689,51.22704836129664,369.35305074416834,29.961692233358733,305.9962690622767,7.489740408487282,15.557667028261069,39.46910353546141,377.2947442121859,36.94880005701737,434.063959253994,36.948800057017365,434.06395925399374,0.918161564240581,0.0137620793723061,1.1355943600598026,0.0377791924380435,0.1254117231040328,0.0323180901868353,0.8623311929000761,0.0013562157757503,2.8239338792001023,0.9690007211064756,1.3273537430376754,0.2201932699568989,0.2412993052022989,0.0005430925810184,180.0,0.0,77.64099181199846,218.0251622489569,102.35900818800155,218.0251622489569,36.1591660968048,0.0361610065806129,103.9552336732684,23.3521166746943,2.474179040718648,0.1058748972115832,8.471801637600308,8.721006489958283,0.2030708204731329,0.0002714845303493,92.54211158729646,60.19155815873973,36.04801518064767,18.381181196033385,-0.23147401,0.1100965958185603,1.3273537430376754,0.2201932699568989,0.2660384395414541,0.1454314058407591,0.1254117231040328,0.0323180901868353,2.5628585205658,0.1272897965257468,2.2968200810243453,0.1599993691437625,27.0,81.0,0.2307692307692307,1.0,3.0,2.076923076923077,6.0,6.0,0.0,0.2,27.0,243.0,0.6923076923076923,1.0,2.0,1.3076923076923077,18.0,18.0,0.0,0.6862745098039215,81.0,1.0,0.0,0.0,-0.719151165,0.7751419337933445,2.449633430603944,2.774711051006573,-0.511966838,0.4006215401734461,0.2298645897986858,0.3831076496644758,7.2,12.0,-1.961538462,-1.961538462,3.234440230603944,3.924034,-1.019049331,-1.019049331,6.940735352945573e-16,8.715754899360528e-16,2.711680393440143,3.398313129313863,-0.228275051,0.5040647762747139,2.7116803934401457,3.398313129313865,-1.260464372,-1.117592933,8.901804180477055e-16,1.1733944137911613e-15,-4.81906996,-1.088539991,-1.088539991,-1.088539991,1.8601715846842368,4.613539562092761,1.9195399841853087,4.493079962982451,1.27,5.42586,13.9,9.0,1.0,0.0,14.0,0.0,0.0,0.0,2.0,9.0,17.0,21.9,-4.285079965,-4.285099965,-2.672929978,-4.285099965,-0.0437538,9.158221224523857,0.204139998318133,9.105549924981268,2.28,7.4589,18.08,2.0,8.0,0.0,0.0,0.0,0.0,1.0,1.0,3.0,9.0,8.6,-9.787249919,-9.787269919,3.47662997135677,-9.787269919,-3.814405005,16.99279956799987,-3.66805997,16.856479861122974,3.44,13.61805,35.1211,0.0,0.0,0.0,0.0,2.0,4.0,0.0,2.0,2.0,6.0,0.802,3.924034,221.0,3.924034
mp-973486.cif,138,Lu1 V1 O3,Lu,V,V,O,LuVO3,3,0.6,1.2105960468679583e-16,3.3346230712613767e-34,0.5380722809072818,0.0783442531473937,0.4406153274233252,0.0116583710040764,0.5942937900991213,0.0235644823919895,3.0965757432944043e-39,4.382766278134168e-78,0.2968565043950009,1.872524326449872,0.2061267789519713,0.9028242481617216,1.5936995614716212,3.8114632476740584e-19,36.152223377885846,0.0356405693307887,11.04597614874802,19.33983849124234,0.0326762402742852,0.0021998873489656,48.594656377971454,345.4408613133474,27.68613115710584,273.84707544053674,7.383696890936791,15.2101491336896,37.25580074697029,352.056865289208,34.82953799397262,400.8471329097446,34.82953799397262,400.8471329097446,0.9183093993142868,0.0137492959310356,1.1353494188897089,0.0377440997696526,0.1229385300198826,0.0311395485757762,0.8612774961914478,0.0013266374711599,2.787994699721782,0.9550537526539428,1.3267624027428515,0.2199887348965701,0.2455631853634347,0.0006253199517816,180.0,0.0,78.18007950417326,214.88709434713724,101.81992049582674,214.88709434713724,36.152223377885846,0.0356405693307887,104.1316623459865,23.01600585055314,2.415119655633633,0.1050237625334887,8.363984099165346,8.595483773885485,0.2081085601524036,0.0002972678629791,92.60151548567129,60.9139157937226,36.02328581765301,19.428551365909872,-0.231055867,0.1099943261404428,1.3267624027428515,0.2199887348965701,0.260792004738495,0.1401279685909935,0.1229385300198825,0.0311395485757762,2.502050323879798,0.128201446573242,2.241258319141304,0.1520870401813118,27.0,81.0,0.2307692307692307,1.0,3.0,2.076923076923077,6.0,6.0,0.0,0.2,27.0,243.0,0.6923076923076923,1.0,2.0,1.3076923076923077,18.0,18.0,0.0,0.6862745098039215,81.0,1.0,0.0,0.0,-0.402309764,2.341571720590373,2.405670882093044,2.7249144701550727,-0.365554314,1.0986022693287176,0.2257393059689857,0.3762321766149757,7.2,12.0,-0.891781727,-0.748804336,3.176393082093042,3.853611,0.3987690562785184,0.8326834313865519,7.785208802038687e-16,1.1208630755988309e-15,2.6630149974860724,3.3373250223031508,-0.082106004,0.9713757899854158,2.663014997486074,3.3373250223031534,-0.762232106,1.123671340205265,9.488415726941485e-16,1.1386428352499368e-15,-4.81906996,-1.088539991,-1.088539991,-1.088539991,1.8601715846842368,4.613539562092761,1.9195399841853087,4.493079962982451,1.27,5.42586,13.9,9.0,1.0,0.0,14.0,0.0,0.0,0.0,2.0,9.0,17.0,21.9,-5.049649958,-4.732499961,-4.732499961,-4.732499961,0.0159499298721872,7.479533828386128,0.1019599991599727,7.555189937754362,1.63,6.74619,14.618,7.0,3.0,0.0,0.0,0.0,0.0,0.0,2.0,7.0,5.0,12.4,-9.787249919,-9.787269919,3.47662997135677,-9.787269919,-3.814405005,16.99279956799987,-3.66805997,16.856479861122974,3.44,13.61805,35.1211,0.0,0.0,0.0,0.0,2.0,4.0,0.0,2.0,2.0,6.0,0.802,3.853611,221.0,3.853611
mp-975384.cif,141,Rb1 Bi1 O3,Rb,Bi,Bi,O,RbBiO3,3,0.6,8.934039316842178e-17,5.4870232124261165e-34,0.539302523434465,0.078193337408704,0.4401407510652996,0.0116359133048666,0.5949684984968644,0.0235190897674618,1.0247151670645319e-39,3.1745949597020005e-79,0.3028710233443993,1.8689172540662864,0.2103030508970592,0.9010851239395282,1.5936995614743346,3.8041238416449844e-19,36.15139362,0.0355719082323232,11.02664696187726,19.30258386317724,0.03381563724732,0.0022380664022896,59.48914802491952,507.78145369357446,37.4327910561821,494.0470366095218,7.336628857165241,15.363418497960971,45.6139072815264,518.1224318399679,42.545800400836114,593.7464051301793,42.545800400836114,593.7464051301793,0.9154609068816996,0.0139879150143103,1.1400689556812875,0.0383991487649788,0.1406361893288933,0.0387107865961619,0.8608809019106358,0.0013376980535549,2.783699324861613,0.953214017934678,1.3381563724731995,0.2238066402289662,0.246024356718626,0.0006245117319845,180.0,0.0,78.2445101270758,214.47315403530268,101.75548987292422,214.47315403530268,36.15139362,0.0355719082323232,104.15274874164142,22.97166984260319,2.6745052777458613,0.1253895271539975,8.351097974584839,8.578926161412102,0.2032871525425415,0.0009320827464459,92.91519228466196,7.234393779892294,26.828837352808986,369.8499786309772,-0.239112631,0.1119032890020233,1.3381563724731995,0.2238066402289662,0.298334409464087,0.174198539682729,0.1406361893288933,0.0387107865961619,2.773950080900557,0.1534094276430856,2.4756156714364703,0.185482085964307,27.0,81.0,0.2307692307692307,1.0,3.0,2.076923076923077,6.0,6.0,0.0,0.2,27.0,81.0,0.2307692307692307,1.0,3.0,2.076923076923077,6.0,6.0,0.0,0.2,81.0,1.0,0.0,0.0,-1.121390823,-0.265361406,2.6592538137085846,3.012149022847641,-0.408072653,0.1269424345626979,0.2495345954304722,0.4158909923841196,7.2,12.0,0.0,0.0,3.511218213708584,4.259821999999999,0.0,0.0,6.362059114514095e-16,8.881784197001252e-16,2.943724696815823,3.689114067599832,-0.941005085,-0.26848249,2.943724696815824,3.689114067599832,0.0953914981912023,1.5071410673058538,9.470231133727302e-16,1.0877919644084146e-15,-2.123489983,-2.123489983,-2.123489983,-2.123489983,-0.344400577,3.992618027090578,-0.348109997,3.9702199672901832,0.8200000000000001,4.177128,27.2895,0.0,0.0,0.0,0.0,0.0,0.0,1.0,1.0,1.0,1.0,47.27,-4.630999962,-4.630999962,-4.630999962,-4.630999962,-1.562114587,7.937668534658892,-1.541209987,7.900049934913133,2.02,7.2855,16.703,0.0,10.0,0.0,14.0,3.0,3.0,0.0,2.0,3.0,29.0,0.4,-9.787249919,-9.787269919,3.47662997135677,-9.787269919,-3.814405005,16.99279956799987,-3.66805997,16.856479861122974,3.44,13.61805,35.1211,0.0,0.0,0.0,0.0,2.0,4.0,0.0,2.0,2.0,6.0,0.802,4.259822,221.0,4.259822
mp-975206.cif,146,Rb1 Sb1 O3,Rb,Sb,Sb,O,RbSbO3,3,0.6,8.300598794563084e-17,5.2365015904398685e-34,0.5235579050308626,0.0798962305997835,0.4462143694741763,0.0118893200297296,0.5863335943853212,0.0240312881100912,-1.41e-39,1.2331252298061596e-78,0.225897334297638,1.9096185026906511,0.1568552089698068,0.920708940660885,1.5936995614396068,3.886972719319582e-19,36.16201309792251,0.0363465758108251,11.274021495440817,19.72295521091801,0.0325449539543426,0.0021953213675439,56.00161336236128,436.0851243365128,34.25437066921082,393.47030234141,7.539665711663597,15.654561333981531,43.227734500022834,445.7616581509302,40.50493944350104,514.291313151182,40.50493944350104,514.291313151182,0.9186376151141432,0.0137207585471498,1.1348056131469666,0.0376657599135646,0.1299727677802965,0.0350134992548958,0.8628139612704525,0.0013647625119934,2.8386714434312923,0.9739730968354572,1.325449539543427,0.2195321367543983,0.2545767785074519,0.0002232593056081,180.0,0.0,77.4199283485306,219.14394678797828,102.5800716514694,219.14394678797828,36.16201309792251,0.0363465758108251,103.88288564133732,23.471946697290825,2.5843314891454634,0.1141876342806878,8.516014330293878,8.765757871519114,0.2081779875614574,0.0003020689500004,100.17473396811116,61.49786831195027,35.100737341903184,6.755352767317142,-0.23012754,0.1097660339111197,1.325449539543427,0.2195321367543983,0.2757138764010968,0.1575607466470315,0.1299727677802965,0.0350134992548958,2.676236114612496,0.1364227346196408,2.4005222382113995,0.1747579313674698,27.0,81.0,0.2307692307692307,1.0,3.0,2.076923076923077,6.0,6.0,0.0,0.2,27.0,243.0,0.6923076923076923,1.0,2.0,1.3076923076923077,18.0,18.0,0.0,0.6862745098039215,81.0,1.0,0.0,0.0,-1.022123162,-0.217543068,2.553577143628892,2.89244857271482,-0.40152234,0.1388236343993462,0.2396182854570363,0.3993638090950599,7.2,12.0,-0.2578125,-0.2578125,3.371685143628892,4.090539999999999,-1.607477644,-1.607477644,6.453492250556274e-16,9.669261905852577e-16,2.826743375970403,3.542511555196394,0.5669393996052097,1.9916897506925213,2.8267433759704046,3.542511555196396,-0.604682018,1.3257601238610903,8.890206616334707e-16,1.2560739669470201e-15,-2.123489983,-2.123489983,-2.123489983,-2.123489983,-0.344400577,3.992618027090578,-0.348109997,3.9702199672901832,0.8200000000000001,4.177128,27.2895,0.0,0.0,0.0,0.0,0.0,0.0,1.0,1.0,1.0,1.0,47.27,-4.90672996,-4.90672996,-4.90672996,-4.90672996,-1.673612686,8.358098431195685,-1.655039986,8.322429931433232,2.05,8.60839,16.63,0.0,10.0,0.0,0.0,3.0,3.0,0.0,2.0,3.0,15.0,6.6,-9.787249919,-9.787269919,3.47662997135677,-9.787269919,-3.814405005,16.99279956799987,-3.66805997,16.856479861122974,3.44,13.61805,35.1211,0.0,0.0,0.0,0.0,2.0,4.0,0.0,2.0,2.0,6.0,0.802,4.09054,221.0,4.09054
mp-975208.cif,148,Rb1 Ru1 O3,Rb,Ru,Ru,O,RbRuO3,3,0.6,9.827889020319608e-17,1.801661102132356e-34,0.5366997014045869,0.0785090570011265,0.441144811461713,0.0116828953870723,0.593541019083183,0.0236140523011201,1.3393910794267828e-39,2.17675751682186e-79,0.2901461157959209,1.87646334192082,0.2014673194203362,0.9047234163758922,1.5936995614685934,3.8194836724009443e-19,36.15314919411085,0.0357155034936744,11.067541689782686,19.38052149970667,0.0336580569608221,0.0022329408977042,52.081854788341225,386.9025156362344,30.67172466467204,328.7741714427188,7.368619417697133,15.426272775107073,39.98064314621128,394.92942879864427,37.31675156352453,453.25635194710986,37.31675156352453,453.2563519471099,0.915854857597945,0.0139558806106516,1.1394162367629863,0.0383112090090943,0.1307392090595643,0.0336907634595891,0.8611880754825323,0.0013433672041141,2.7927870421739303,0.9570627901089714,1.336580569608219,0.2232940897704258,0.2420751475850354,0.0004724787880581,180.0,0.0,78.10819436739104,215.33912777451863,101.89180563260896,215.33912777451863,36.15314919411085,0.0357155034936744,104.1081363230357,23.06442246297409,2.500811308361612,0.1090525815903021,8.37836112652179,8.613565110980742,0.1967434852083066,0.0006645435693414,86.84625164444175,34.391884569969974,22.45627457011292,258.3249399326916,-0.237998363,0.1116470067850625,1.336580569608219,0.2232940897704258,0.277339743878951,0.1516084355681515,0.1307392090595643,0.0336907634595891,2.593257889654596,0.1328887340567135,2.315918145775645,0.1624525670362468,27.0,81.0,0.2307692307692307,1.0,3.0,2.076923076923077,6.0,6.0,0.0,0.2,27.0,243.0,0.6923076923076923,1.0,2.0,1.3076923076923077,18.0,18.0,0.0,0.6862745098039215,81.0,1.0,0.0,0.0,0.9266916410308514,7.439126662114621,2.4836882840803174,2.813285140133861,-0.496497257,0.5035873105428468,0.2330601719732279,0.3884336199553795,7.2,12.0,-0.323365298,-0.323365298,3.279405484080316,3.978585999999999,-0.763362223,-0.763362223,6.390030093709551e-16,7.35197800207e-16,2.749378229091656,3.4455565471411123,2.9228444444444444,2.9228444444444444,2.7493782290916577,3.445556547141113,-2.181333333,-2.181333333,6.043720887347361e-16,7.277083234152326e-16,-2.123489983,-2.123489983,-2.123489983,-2.123489983,-0.344400577,3.992618027090578,-0.348109997,3.9702199672901832,0.8200000000000001,4.177128,27.2895,0.0,0.0,0.0,0.0,0.0,0.0,1.0,1.0,1.0,1.0,47.27,-3.59957997,-3.59957997,-2.754109977,-3.59957997,-0.327545597,8.177103232657059,0.050859999580975,8.119189933107684,2.2,7.3605,16.76,3.0,7.0,0.0,0.0,0.0,0.0,1.0,1.0,4.0,8.0,9.6,-9.787249919,-9.787269919,3.47662997135677,-9.787269919,-3.814405005,16.99279956799987,-3.66805997,16.856479861122974,3.44,13.61805,35.1211,0.0,0.0,0.0,0.0,2.0,4.0,0.0,2.0,2.0,6.0,0.802,3.978586,221.0,3.978586
mp-975292.cif,152,Rb1 Mo1 O3,Rb,Mo,Mo,O,RbMoO3,3,0.6,1.6375969693398296e-16,1.0038032497182671e-32,0.5392679936616538,0.0781976145166125,0.4401540712143451,0.0116365497792578,0.594949561151444,0.0235203762413248,2.732176160765191e-38,1.6167831833246852e-75,-0.098013,1.3138355779756097,-0.389801215,0.7139375225921456,1.3505074114934343,0.119487070035337,36.15141690432856,0.0355738071994013,11.027189482897729,19.30363969781521,0.0331089906380093,0.0022146938027331,53.72632699361365,420.2385974319309,32.16327314343778,368.9059377090099,7.358189936124877,15.243887186420844,41.17740304176228,428.4106858169174,38.45813640820794,488.6261424061386,38.458136408207935,488.6261424061385,0.9172275234049768,0.0138418362670821,1.1371419295874738,0.037998138354172,0.1310092400257287,0.0346757340168439,0.8610513093811114,0.0013287294466262,2.783819885088384,0.9532661579168008,1.3310899063800916,0.2214693802733138,0.2481019387743729,0.000557315918596,179.99999999999997,8.07793566946316e-28,78.2427017236742,214.48488553128,101.75729827632578,214.4848855312799,36.15141690432856,0.0355738071994013,104.15215689906918,22.972926924967524,2.5406986583140747,0.1153646018181755,8.351459655265153,8.579395421251206,0.2106414502686682,0.0001200354738558,97.17122083271153,19.115695353313527,37.25423668477666,19.551690596573643,-0.23411588,0.110734654389161,1.3310899063800916,0.2214693802733138,0.2779125660608676,0.1560408030757986,0.1310092400257287,0.0346757340168439,2.633336180334365,0.1411050961004944,2.355423614273497,0.1679108153040705,27.0,81.0,0.2307692307692307,1.0,3.0,2.076923076923077,6.0,6.0,0.0,0.2,27.0,243.0,0.6923076923076923,1.0,2.0,1.3076923076923077,18.0,18.0,0.0,0.6862745098039215,81.0,1.0,0.0,0.0,-0.608126559,0.759706829418251,2.5300917050998804,2.865846508499801,0.1782277758115131,1.5948792913244143,0.2374144983000403,0.3956908305000663,7.2,12.0,1.6389001591710608,1.6389001591710608,3.34067550509988,4.052918999999998,-1.912849251,-1.912849251,6.641839263336737e-16,8.881784197001252e-16,2.800745607326805,3.50993081348062,-0.576062447,-0.319495707,2.800745607326806,3.509930813480622,0.5478512247598062,1.538475260520474,9.116089143793229e-16,1.1482248513199933e-15,-2.123489983,-2.123489983,-2.123489983,-2.123489983,-0.344400577,3.992618027090578,-0.348109997,3.9702199672901832,0.8200000000000001,4.177128,27.2895,0.0,0.0,0.0,0.0,0.0,0.0,1.0,1.0,1.0,1.0,47.27,-4.383179964,-4.383179964,-4.365489964,-4.383179964,-1.305812289,6.741639444492492,-1.383299989,6.258549948437109,2.16,7.09243,16.16,5.0,5.0,0.0,0.0,0.0,0.0,1.0,1.0,6.0,6.0,12.8,-9.787249919,-9.787269919,3.47662997135677,-9.787269919,-3.814405005,16.99279956799987,-3.66805997,16.856479861122974,3.44,13.61805,35.1211,0.0,0.0,0.0,0.0,2.0,4.0,0.0,2.0,2.0,6.0,0.802,4.052919,221.0,4.052919
mp-1183395.cif,154,Ba1 W1 O3,Ba,W,W,O,BaWO3,3,0.6,1.1883224316819343e-16,2.193987779171857e-33,0.5264974104735958,0.079615942742408,0.4450804306315625,0.011847610527144,0.5879457228588543,0.0239469827779899,-9.51e-40,5.760730520077798e-78,0.2402682496224849,1.90291927702624,0.1668338707715783,0.9174789567892176,1.5936995614460907,3.8733352796112497e-19,36.16003040995215,0.0362190834169267,11.227836902765183,19.65376415126873,0.0326021981989438,0.0021973164924911,57.78491680356285,469.0200179376912,35.90227920218402,437.7511018373732,7.507158655875159,15.574018234986209,44.54489842369532,479.1528348707627,41.71798449355187,551.4267617610744,41.71798449355183,551.4267617610722,0.9184945045026413,0.0137332280780695,1.1350427265717808,0.0376999908459324,0.1325509346956728,0.0363215553879432,0.8624955534207237,0.0013578382786791,2.828408200614485,0.9705562543836412,1.3260219819894323,0.2197316492491146,0.2469873554693915,0.0006266900636851,180.0,0.0,77.57387699078271,218.3751572363196,102.42612300921728,218.3751572363196,36.16003040995215,0.0362190834169267,103.93326880710408,23.389603404592386,2.62687043508852,0.1191977510357298,8.485224601843456,8.73500628945277,0.2033886512296336,0.0008932744474961,89.94674886136102,20.725768687759206,26.867588090972703,352.53099331820283,-0.23053232,0.1098657919292972,1.3260219819894323,0.2197316492491146,0.2811829943277772,0.1634469992457449,0.1325509346956728,0.0363215553879432,2.720598099864445,0.1430356401590627,2.439415105536668,0.1804866389528939,27.0,81.0,0.2307692307692307,1.0,3.0,2.076923076923077,6.0,6.0,0.0,0.2,27.0,243.0,0.6923076923076923,1.0,2.0,1.3076923076923077,18.0,18.0,0.0,0.6862745098039215,81.0,1.0,0.0,0.0,-0.76572852,0.3610213976949077,2.599657820124931,2.9446443668748863,-0.814585423,-0.707106781,0.2439423266250232,0.4065705443750378,7.2,12.0,-0.637372401,-0.637372401,3.43252902012493,4.164355999999998,0.1660263995540906,0.1660263995540906,8.000414550104954e-16,1.0582947155416645e-15,2.8777534844256745,3.606438086402145,-0.915002462,-0.708347781,2.877753484425676,3.6064380864021466,0.403062296695528,1.3215070845631816,1.4239884668923404e-15,1.7587942875549993e-15,-3.358279972,-3.358279972,-1.334939989,-1.334939989,1.4983806876590446,5.406739955395823,1.6443999864521308,5.413399955400124,0.89,5.211664,10.00383,0.0,0.0,0.0,0.0,0.0,0.0,0.0,2.0,0.0,2.0,39.7,-6.06602995,-4.355829964,-4.355829964,-4.355829964,-0.368762497,8.697226028512699,-0.333519997,8.635419928854573,2.36,7.86403,16.1,6.0,4.0,0.0,14.0,0.0,0.0,0.0,2.0,6.0,20.0,11.1,-9.787249919,-9.787269919,3.47662997135677,-9.787269919,-3.814405005,16.99279956799987,-3.66805997,16.856479861122974,3.44,13.61805,35.1211,0.0,0.0,0.0,0.0,2.0,4.0,0.0,2.0,2.0,6.0,0.802,4.164356,221.0,4.164356
mp-1183290.cif,156,Ba1 Pt1 O3,Ba,Pt,Pt,O,BaPtO3,3,0.6,9.848691767419483e-17,1.943589258890641e-33,0.5330949613297261,0.0789239315575716,0.4425353701349471,0.0117446326722576,0.5915640524717638,0.0237388387888008,8.677015121433759e-40,3.258542707966138e-78,0.2725229423087029,1.8863793557719808,0.1892304031121003,0.909504351727963,1.5936995614606428,3.839670114132444e-19,36.1555805511547,0.0359042553085542,11.124178241509624,19.48293624735483,0.0324494602444684,0.0021919785542894,56.44040836878398,460.0145127790029,34.66736922758902,421.594739319635,7.442635020339035,15.33596858613204,43.36882759061318,469.18554120298415,40.59041686826803,535.9322674786551,40.59041686826803,535.9322674786553,0.9188763493888292,0.0136998659643093,1.1344100652494542,0.0376084063054137,0.1311007033691824,0.0357792629393021,0.8618472959133368,0.0013378363586259,2.8053729425576943,0.9621203085113494,1.324494602444683,0.2191978554289501,0.2519276916296303,0.0003512730968574,180.00000000000003,8.077935669463161e-28,77.91940586163457,216.47706941505413,102.08059413836546,216.47706941505416,36.1555805511547,0.0359042553085542,104.04635100926224,23.18630429437266,2.5996154592013374,0.120260557987014,8.416118827673085,8.659082776602146,0.2015487762134457,0.0008158516993212,97.55279033994036,69.47711627483378,25.95674334143754,323.7699351646437,-0.229452299,0.1095988944758114,1.324494602444683,0.2191978554289501,0.278106589112026,0.16100668322686,0.1311007033691824,0.0357792629393021,2.692317655572013,0.145721846288206,2.4142110664599867,0.1766757702025374,27.0,81.0,0.2307692307692307,1.0,3.0,2.076923076923077,6.0,6.0,0.0,0.2,27.0,243.0,0.6923076923076923,1.0,2.0,1.3076923076923077,18.0,18.0,0.0,0.6862745098039215,81.0,1.0,0.0,0.0,-1.010733691,-0.070834248,2.5833177081263976,2.926135846877329,-0.364116871,0.4360536220329657,0.2424090306245349,0.4040150510408906,7.2,12.0,-1.108103538,-0.3,3.4109539081263955,4.138180999999999,0.4302678939478392,1.121413082768952,8.776777650933104e-16,1.0810563456867765e-15,2.8596654061118043,3.58376987145809,0.575272346539424,0.8972747763130933,2.8596654061118056,3.583769871458091,-1.003258257,-0.40020547,7.454835741427811e-16,8.141635513917814e-16,-3.358279972,-3.358279972,-1.334939989,-1.334939989,1.4983806876590446,5.406739955395823,1.6443999864521308,5.413399955400124,0.89,5.211664,10.00383,0.0,0.0,0.0,0.0,0.0,0.0,0.0,2.0,0.0,2.0,39.7,-5.337229956,-5.337229956,-4.096529966,-4.096529966,-1.15111819,10.073450416940714,-1.127259991,10.025479917402158,2.28,8.9588,18.563,1.0,9.0,0.0,14.0,0.0,0.0,1.0,1.0,2.0,24.0,6.5,-9.787249919,-9.787269919,3.47662997135677,-9.787269919,-3.814405005,16.99279956799987,-3.66805997,16.856479861122974,3.44,13.61805,35.1211,0.0,0.0,0.0,0.0,2.0,4.0,0.0,2.0,2.0,6.0,0.802,4.138181,221.0,4.138181
mp-1183397.cif,158,Co1 B1 O3,Co,B,B,O,CoBO3,3,0.6,7.851364138914872e-17,5.489482680683112e-36,0.518095427947463,0.0803711933273911,0.4483215657568256,0.0119599990070522,0.5833377792682102,0.0241741479930044,7.6001133474052e-40,2.223066241645117e-80,0.1991918911002049,1.9209706979809544,0.1383118817070778,0.9261823206502304,1.5936995614275584,3.910079781455716e-19,36.165697390095815,0.0365626586653248,11.359846231612153,19.84020315281884,0.0310803939754491,0.0021420485078757,37.80794832740939,200.76749542185004,19.04306438201409,121.437114462901,7.640819001811298,15.544333387533992,29.23212071483288,205.0486684640843,27.4831812752834,235.3495223918344,27.483181275283386,235.34952239183428,0.9222990150613772,0.0133878031742235,1.1287392070853008,0.0367517421429379,0.1017967009006842,0.0229786059399912,0.8637262993789289,0.0013579890712227,2.857743607024923,0.9797631186577204,1.3108039397544902,0.2142048507875773,0.2372104270692661,0.0007238094580353,180.00000000000003,8.077935669463161e-28,77.13384589462616,220.4467016979873,102.86615410537384,220.4467016979873,36.165697390095815,0.0365626586653248,103.7892586387327,23.611481289085862,2.119309037039562,0.0784036451898437,8.573230821074768,8.817868067919484,0.1996897929125053,0.0003550942231238,96.49029822039812,53.98270122481611,34.122770623754576,9.206544475551286,-0.219771511,0.1071023644278095,1.3108039397544902,0.2142048507875773,0.2159434125278778,0.1034037267299608,0.1017967009006842,0.0229786059399912,2.191290174548855,0.0929528914388859,1.9753467620209768,0.1182409705117337,27.0,81.0,0.2307692307692307,1.0,3.0,2.076923076923077,6.0,6.0,0.0,0.2,27.0,351.0,1.0,1.0,1.0,1.0,26.0,26.0,0.0,1.0,81.0,1.0,0.0,0.0,-0.863721717,0.628759835402283,2.094244890398792,2.372160817331321,-0.724366229,-0.656157779,0.1965162365337361,0.3275270608895597,7.2,12.0,-0.205083829,-0.205083829,2.765193290398792,3.3547419999999994,-1.09912111,-1.09912111,6.211180633218595e-16,7.235140041955168e-16,2.3182745374913094,2.9052917951426123,-0.169982701,1.5434814924929396,2.3182745374913107,2.905291795142613,-0.25732988,1.2475070730186684,8.642874247328453e-16,1.115964888685781e-15,-3.266299973,-3.266309973,-3.199689974,-3.266309973,-0.886438853,7.496390708240698,-0.985829992,7.265179940143695,1.88,7.88101,17.084,3.0,7.0,0.0,0.0,0.0,0.0,0.0,2.0,3.0,9.0,7.5,-10.48292991,-3.201309974,-3.201309974,-3.201309974,0.2482784893545838,7.60729293292527,0.3488799971256504,7.454729938582032,2.04,8.29802,25.1548,0.0,0.0,0.0,0.0,5.0,1.0,0.0,2.0,5.0,3.0,3.03,-9.787249919,-9.787269919,3.47662997135677,-9.787269919,-3.814405005,16.99279956799987,-3.66805997,16.856479861122974,3.44,13.61805,35.1211,0.0,0.0,0.0,0.0,2.0,4.0,0.0,2.0,2.0,6.0,0.802,3.354742,221.0,3.354742
mp-1183685.cif,159,Ce1 Be1 O3,Ce,Be,Be,O,CeBeO3,3,0.6,9.13339285428032e-17,2.278479705771694e-34,0.5251063808188101,0.0797507342413925,0.4456170319706375,0.0118676687859214,0.5871828331286948,0.0239875255335439,6.075820817985158e-40,6.922916214208755e-79,0.2334676602809363,1.90614096018368,0.1621117789939784,0.919032268344825,1.5936995614430218,3.879897010515773e-19,36.16096859864385,0.0362804041013755,11.249692326834836,19.68703839558948,0.031774132011462,0.0021678177360643,43.171566456954,265.0390528576272,23.21433838082065,184.3492177911288,7.546570924212698,15.466559564750806,33.2848625622422,270.5428221905256,31.22538746682336,309.95908500490947,31.22538746682335,309.95908500490924,0.9205646699713448,0.0135488608504023,1.131612764117807,0.0371938722002769,0.1116910001755099,0.0267862386614193,0.8628353256516854,0.0013501869372189,2.8332649615188528,0.9721994269426903,1.3177413201146195,0.2167817736064385,0.24237452884033,0.0006818250431493,179.99999999999997,8.077935669463159e-28,77.50102557721716,218.74487106210609,102.4989744227828,218.74487106210609,36.16096859864385,0.0362804041013755,103.9094265109837,23.429202484539843,2.268851681016662,0.0905717607577353,8.499794884556557,8.749794842484214,0.1965005590903729,0.0007290240671698,91.2289125560685,2.114613902911389,26.73513129686752,333.37272466670686,-0.22467699,0.1083908368930357,1.3177413201146195,0.2167817736064385,0.2369323908648338,0.1205380739763871,0.1116910001755099,0.0267862386614193,2.3478291446382733,0.1084649862150855,2.1108967537734395,0.1351440258272932,27.0,81.0,0.2307692307692307,1.0,3.0,2.076923076923077,6.0,6.0,0.0,0.2,27.0,243.0,0.6923076923076923,1.0,2.0,1.3076923076923077,18.0,18.0,0.0,0.6862745098039215,81.0,1.0,0.0,0.0,-0.940881247,0.1829689439153159,2.2476296934016573,2.545900489002762,-0.067277998,1.355563849933274,0.210909302199448,0.3515155036657462,7.2,12.0,0.0,0.0,2.967719093401657,3.6004469999999995,0.0,0.0,3.629168165592514e-16,4.522383154335646e-16,2.488067518660743,3.1180785669794697,-1.739143367,-1.739143367,2.488067518660744,3.118078566979471,-1.098497518,-1.098497518,6.08093112526184e-16,1.094486131987696e-15,-1.845129985,-1.845129985,-1.766549985,-1.845129985,0.9969753918058928,5.602414853864822,0.78892999350017,6.363579947571789,1.12,5.5387,10.85,9.0,1.0,13.0,1.0,0.0,0.0,0.0,2.0,22.0,4.0,29.6,-6.07033995,-6.07033995,-1.473099988,-1.473099988,1.221916734732835,9.780957626816702,1.3019699892733403,9.752869919648134,1.57,9.3227,18.21114,0.0,0.0,0.0,0.0,0.0,0.0,0.0,2.0,0.0,2.0,5.6,-9.787249919,-9.787269919,3.47662997135677,-9.787269919,-3.814405005,16.99279956799987,-3.66805997,16.856479861122974,3.44,13.61805,35.1211,0.0,0.0,0.0,0.0,2.0,4.0,0.0,2.0,2.0,6.0,0.802,3.600447,221.0,3.600447
mp-1184023.cif,161,Ga1 B1 O3,Ga,B,B,O,GaBO3,3,0.6,7.680218145896128e-17,1.3240019592309617e-35,0.5271969369594859,0.0795466958617246,0.4448105824311623,0.0118373059318042,0.588329367858962,0.0239261546146594,7.804648946883714e-40,3.0649824559326902e-80,0.2436881568456771,1.9012641911277688,0.1692085349319514,0.9166809689282198,1.5936995614476337,3.8699650415229337e-19,36.159558572136966,0.0361875883436245,11.216846160803293,19.636670064151456,0.0325852519403351,0.0021967265500183,37.67004618815985,199.9251682907084,18.897789463074133,121.70900211598936,7.500339882325479,15.549037555346882,29.02906695574531,204.20817830838703,27.185026478622195,234.81963963086667,27.185026478622188,234.81963963086653,0.9185368701491622,0.0137295409376148,1.1349725328703102,0.0376898690333037,0.1070283490622722,0.023699079913051,0.862426997308361,0.0013557471753194,2.8259658135118424,0.9697121019334052,1.32585251940335,0.2196726550018393,0.238097140141539,0.0008324537685122,180.0,0.0,77.61051279732234,218.1852229350166,102.38948720267764,218.18522293501653,36.159558572136966,0.0361875883436245,103.94525869657524,23.36925994082241,2.1212419360726025,0.0779828397503721,8.477897440535529,8.727408917400647,0.1971806646211837,0.0007584993860473,92.62927124283812,7.237246447313366,27.420800584989863,365.1433134843136,-0.230412461,0.1098362655079294,1.32585251940335,0.2196726550018393,0.2270414142034013,0.1066458596087295,0.1070283490622722,0.0236990799130509,2.1969224074737363,0.0936763535797844,1.969880993270335,0.1176930518307005,27.0,81.0,0.2307692307692307,1.0,3.0,2.076923076923077,6.0,6.0,0.0,0.2,27.0,351.0,1.0,1.0,1.0,1.0,26.0,26.0,0.0,1.0,81.0,1.0,0.0,0.0,-0.943640631,0.549540495867769,2.100187260068861,2.3788917667814355,-0.513489356,-0.194392587,0.1970738466437132,0.3284564110728549,7.2,12.0,0.9183471074380156,0.9183471074380156,2.773039460068861,3.364260999999999,-1.753745803,-1.753745803,5.694018823087105e-16,6.338254651332978e-16,2.324852585914223,2.9135354909612365,-0.247627513,0.2872008324661803,2.324852585914224,2.9135354909612383,-0.982203351,-0.513481557,7.041144834862957e-16,8.241946921735079e-16,-9.552189921,-2.272409981,-2.272409981,-2.272409981,0.5277969156497692,5.3874839356062845,0.5632799953592533,5.318219956184293,1.81,5.999301,20.51515,0.0,10.0,0.0,0.0,5.0,1.0,0.0,2.0,5.0,13.0,8.12,-10.48292991,-3.201309974,-3.201309974,-3.201309974,0.2482784893545838,7.60729293292527,0.3488799971256504,7.454729938582032,2.04,8.29802,25.1548,0.0,0.0,0.0,0.0,5.0,1.0,0.0,2.0,5.0,3.0,3.03,-9.787249919,-9.787269919,3.47662997135677,-9.787269919,-3.814405005,16.99279956799987,-3.66805997,16.856479861122974,3.44,13.61805,35.1211,0.0,0.0,0.0,0.0,2.0,4.0,0.0,2.0,2.0,6.0,0.802,3.364261,221.0,3.364261
mp-1184042.cif,162,Cu1 B1 O3,Cu,B,B,O,CuBO3,3,0.6,6.891480596491515e-17,1.5049289285800255e-34,0.5222211080048963,0.0800179803825022,0.4467300501224911,0.0119074375569199,0.5856004477418195,0.0240679081619245,4.755804418762414e-40,4.012103609447695e-80,0.2193618822493481,1.912528472735956,0.1523172192706523,0.9221119619627798,1.593699561436658,3.892893141808823e-19,36.16291467847729,0.0364019350941583,11.29502483336178,19.753010014423413,0.0322820292688012,0.0021860735131683,37.6280375398215,196.96313216367787,18.87340026932722,119.22365656406674,7.561555677510487,15.64702583367398,29.05853608704937,201.3190968150865,27.246073462644617,232.13706540681324,27.24607346264461,232.1370654068132,0.919294926827997,0.0136629594573023,1.1337165434406264,0.0375070918170495,0.1056131517457113,0.0233980203738027,0.8630146890859065,0.0013645773834246,2.843338851858173,0.9754572846628846,1.3228202926880108,0.2186073513168378,0.2368189039028334,0.0007206284816229,179.99999999999997,8.077935669463161e-28,77.34991722212739,219.47788904914924,102.6500827778726,219.47788904914927,36.16291467847729,0.0364019350941583,103.85997288178636,23.507714707056675,2.117480303328773,0.076834488087626,8.53001655557452,8.77911556196596,0.201458491163655,0.0002366609912783,94.25991333224457,35.24567524038945,34.63081015960406,11.6669780296004,-0.228268353,0.109303613228461,1.3228202926880108,0.2186073513168378,0.2240393273456293,0.1052910916821126,0.1056131517457114,0.0233980203738027,2.19216007911065,0.0916207728894542,1.9681207517650208,0.1174559796053776,27.0,81.0,0.2307692307692307,1.0,3.0,2.076923076923077,6.0,6.0,0.0,0.2,27.0,351.0,1.0,1.0,1.0,1.0,26.0,26.0,0.0,1.0,81.0,1.0,0.0,0.0,-0.506627166,1.5088805102655805,2.0918832994268555,2.3694858323780927,-0.750037638,-0.02619667,0.1962946335243818,0.3271577225406359,7.2,12.0,3.6056257225164727,5.24791818845873,2.762075099426855,3.350959,-2.214623056,-1.036206058,6.666947720614526e-16,9.781917301646565e-16,2.315660317806061,2.902015621040096,0.8868774156326131,1.417265153691468,2.3156603178060635,2.9020156210400985,-1.633721489,-1.351199779,8.322685769976324e-16,9.640892372125188e-16,-4.473869963,-4.473869963,-4.473869963,-4.473869963,-1.377390789,7.885906405023617,-1.356039989,7.832129935472711,1.9,7.72638,20.2924,0.0,10.0,0.0,0.0,0.0,0.0,1.0,1.0,1.0,11.0,6.15,-10.48292991,-3.201309974,-3.201309974,-3.201309974,0.2482784893545838,7.60729293292527,0.3488799971256504,7.454729938582032,2.04,8.29802,25.1548,0.0,0.0,0.0,0.0,5.0,1.0,0.0,2.0,5.0,3.0,3.03,-9.787249919,-9.787269919,3.47662997135677,-9.787269919,-3.814405005,16.99279956799987,-3.66805997,16.856479861122974,3.44,13.61805,35.1211,0.0,0.0,0.0,0.0,2.0,4.0,0.0,2.0,2.0,6.0,0.802,3.350959,221.0,3.350959
mp-1184150.cif,163,Er1 Al1 O3,Er,Al,Al,O,ErAlO3,3,0.6,1.0045820510762336e-16,8.419632616780703e-34,0.5174530291836964,0.0804231281758003,0.4485693764599774,0.0119677274071131,0.5829854651260503,0.0241897690216275,8.211190498621584e-41,8.970390790935491e-79,0.1960512749595889,1.9222120049451523,0.1361311475222339,0.9267808079493596,1.5936995614261416,3.912606425547009e-19,36.1661306359053,0.0365862689265923,11.369939400622348,19.853023641111875,0.032237287171851,0.0021844860329847,46.09688694878983,290.30448532933093,25.589562578389213,214.44064694176927,7.612840985259372,15.779857404223549,35.67539732306868,297.02241473609587,33.47416691334426,344.02325835140954,33.47416691334426,344.0232583514096,0.9194067820703726,0.0136530377061544,1.1335312156069688,0.0374798549630975,0.1163094644156591,0.0284356007642912,0.8635198100575059,0.0013758461710756,2.8599865334716323,0.9803962291907098,1.322372871718509,0.2184486032984707,0.2496596131002056,0.0003302432543739,180.0,0.0,77.1002019979255,220.58915156790968,102.89979800207452,220.58915156790968,36.1661306359053,0.0365862689265923,103.77824789155778,23.62673891052634,2.3413138436823058,0.0921782735810973,8.579959600414899,8.823566062716388,0.204193614578425,0.000240152731726,97.72767793537054,34.87887425362051,33.646777615734294,6.14671060217613,-0.227951995,0.1092242551356913,1.322372871718509,0.2184486032984707,0.2467296330134646,0.1279602034393108,0.1163094644156591,0.0284356007642912,2.423557054686794,0.1091352181084004,2.176827421673329,0.1435711868193651,27.0,81.0,0.2307692307692307,1.0,3.0,2.076923076923077,6.0,6.0,0.0,0.2,27.0,243.0,0.6923076923076923,1.0,2.0,1.3076923076923077,18.0,18.0,0.0,0.6862745098039215,81.0,1.0,0.0,0.0,-0.719052755,0.997810885012107,2.306942895362184,2.613084825603639,-0.76711773,-0.682203489,0.2164750348792724,0.360791724798787,7.2,12.0,-0.254536217,-0.254536217,3.0460348953621827,3.6954599999999993,-1.312910046,-1.312910046,6.16712455214066e-16,6.564691849700048e-16,2.5537256880909585,3.20036223866924,-0.539732262,-0.441756129,2.55372568809096,3.2003622386692405,-0.73427059,-0.014098484,7.45095910230429e-16,1.1873178406393597e-15,-3.829369968,-3.829369968,-0.104869999,-0.104869999,6.703739844841928,7.295668539873584,2.5807699787375733,6.356949947626412,1.24,6.1077,11.93,0.0,0.0,2.0,12.0,0.0,0.0,0.0,2.0,2.0,14.0,22.7,-8.290709932,-2.361949981,-2.361949981,-2.361949981,0.4441415743394725,5.425257643300485,0.4751699960851733,5.362649955818243,1.61,5.985768,18.82855,0.0,0.0,0.0,0.0,5.0,1.0,0.0,2.0,5.0,3.0,6.8,-9.787249919,-9.787269919,3.47662997135677,-9.787269919,-3.814405005,16.99279956799987,-3.66805997,16.856479861122974,3.44,13.61805,35.1211,0.0,0.0,0.0,0.0,2.0,4.0,0.0,2.0,2.0,6.0,0.802,3.69546,221.0,3.69546
mp-1184153.cif,164,Dy1 Sn1 O3,Dy,Sn,Sn,O,DySnO3,3,0.6,5.558803501767337e-17,2.7303292577548216e-34,0.5342968568638334,0.0787884916944912,0.442071728866904,0.0117244779307278,0.5922232143785862,0.0236981010174837,-6.36e-41,1.7049187748254373e-79,0.2783988759602865,1.883142175912575,0.1933104462654703,0.907943568548033,1.5936995614632936,3.8330809290227734e-19,36.1547697621148,0.035842618947127,11.105294433752562,19.449501949725853,0.0329365102070382,0.0022088373160854,56.43251354273352,457.20602731629447,34.63355045884019,419.6797450322376,7.415434316290563,15.38200934991075,43.3509347726239,466.4953478220388,40.53039897533319,534.008980517482,40.53039897533319,534.0089805174822,0.9176587244824044,0.0138052332255342,1.136427492249951,0.0378976569288695,0.1330784269672279,0.036059847442313,0.8616076486961203,0.0013408822198871,2.801176540833903,0.9604692320852272,1.3293651020703816,0.2208837316085487,0.2465382163277209,0.0006212970962534,180.0,0.0,77.98235188749146,216.10557721917627,102.01764811250855,216.10557721917624,36.1547697621148,0.035842618947127,104.06695146366108,23.14651493977131,2.600794848460469,0.1192815978357132,8.403529622501708,8.644223088767045,0.2083780792413843,0.0003081688852417,88.5108233226602,168.74912432610608,35.705233162769304,8.721726808139447,-0.232896262,0.1104418323174942,1.3293651020703816,0.2208837316085487,0.2823019744144968,0.1622693134904095,0.133078426967228,0.036059847442313,2.6948955065986344,0.1448126648435537,2.4125935321841374,0.1763990061469721,27.0,81.0,0.2307692307692307,1.0,3.0,2.076923076923077,6.0,6.0,0.0,0.2,27.0,243.0,0.6923076923076923,1.0,2.0,1.3076923076923077,18.0,18.0,0.0,0.6862745098039215,81.0,1.0,0.0,0.0,-1.056684205,0.0648507224250853,2.583511229987698,2.926355049979496,-0.229563987,0.9891853624734926,0.242427190004101,0.4040453166735012,7.2,12.0,0.9375000000000004,0.9375000000000004,3.411209429987697,4.138491,-1.875,-1.875,7.176298689223931e-16,1.1842378929335002e-15,2.8598796297709184,3.584038339333263,-0.729223272,-0.378420969,2.85987962977092,3.584038339333264,-0.478772218,0.3533021312297035,7.78533690088789e-16,8.663218224805961e-16,-3.200289974,-3.200289974,-0.532129996,-0.532129996,1.4999809876320285,5.342606255886081,2.3276899808226466,5.950609950974164,1.22,5.9389,11.67,0.0,0.0,4.0,10.0,0.0,0.0,0.0,2.0,4.0,12.0,24.5,-11.28339991,-3.579099971,-3.579099971,-3.579099971,-0.668899894,6.747624044360574,-0.640929995,6.701019944791692,1.96,7.34392,14.6322,0.0,10.0,0.0,0.0,4.0,2.0,0.0,2.0,4.0,14.0,7.06,-9.787249919,-9.787269919,3.47662997135677,-9.787269919,-3.814405005,16.99279956799987,-3.66805997,16.856479861122974,3.44,13.61805,35.1211,0.0,0.0,0.0,0.0,2.0,4.0,0.0,2.0,2.0,6.0,0.802,4.138491,221.0,4.138491
mp-1184157.cif,165,Er1 Cu1 O3,Er,Cu,Cu,O,ErCuO3,3,0.6,1.1562486006349342e-16,7.238882856795618e-34,0.5394270654713333,0.0781778909182951,0.4400927079315499,0.0116336147199843,0.595036801743005,0.0235144437527685,3.2259093435484804e-39,4.711527027733832e-78,0.3034798955173156,1.86854806388466,0.2107258304734956,0.9009071215267168,1.5936995614746092,3.803371029503322e-19,36.15130961680892,0.0355648657622752,11.02469019623902,19.29877078668772,0.0338951877357466,0.0022406350219331,46.49374810230759,309.78372728100453,25.860245243293186,235.61392002538,7.332937832086949,15.372604416964624,35.64919282218428,316.11660476231816,33.24583392698351,362.4079435145483,33.2458339269835,362.40794351454826,0.9152620306606334,0.0140039688870821,1.1403984645932843,0.0384432193107453,0.1246181777298898,0.0302871093255499,0.8608492036979773,0.0013383427714316,2.783264488053116,0.953025717861122,1.338951877357466,0.2240635021933153,0.2449261246859755,0.0006243096956205,180.0,0.0,78.25103267920323,214.43078651875257,101.74896732079674,214.4307865187526,36.15130961680892,0.0355648657622752,104.15488339285989,22.967132148570187,2.3645697218653736,0.0978393824548908,8.349793464159347,8.577231460750099,0.2101888820261369,0.000370131242346,95.22555166952752,30.64645782660953,35.903928984076984,11.9488971817671,-0.239675123,0.1120317060107382,1.338951877357466,0.2240635021933153,0.264355075595747,0.1362919919649746,0.1246181777298898,0.0302871093255499,2.45268808039729,0.1197271477075055,2.1883330048015424,0.1449251799263113,27.0,81.0,0.2307692307692307,1.0,3.0,2.076923076923077,6.0,6.0,0.0,0.2,27.0,243.0,0.6923076923076923,1.0,2.0,1.3076923076923077,18.0,18.0,0.0,0.6862745098039215,81.0,1.0,0.0,0.0,-0.701145201,1.6864972056967726,2.3508430174662123,2.662810695777021,-0.649467799,0.067481466157267,0.2205944608445962,0.3676574347409932,7.2,12.0,-1.545875499,-1.545875499,3.103999617466211,3.765782999999999,1.1765206354398194,1.1765206354398194,6.957995912902728e-16,9.270754153519837e-16,2.602321979638863,3.261263743139572,-0.540399805,0.0484653335360203,2.602321979638864,3.2612637431395743,-0.335773911,0.9045328208508792,7.99734561429263e-16,9.911730412525338e-16,-3.829369968,-3.829369968,-0.104869999,-0.104869999,6.703739844841928,7.295668539873584,2.5807699787375733,6.356949947626412,1.24,6.1077,11.93,0.0,0.0,2.0,12.0,0.0,0.0,0.0,2.0,2.0,14.0,22.7,-4.473869963,-4.473869963,-4.473869963,-4.473869963,-1.377390789,7.885906405023617,-1.356039989,7.832129935472711,1.9,7.72638,20.2924,0.0,10.0,0.0,0.0,0.0,0.0,1.0,1.0,1.0,11.0,6.15,-9.787249919,-9.787269919,3.47662997135677,-9.787269919,-3.814405005,16.99279956799987,-3.66805997,16.856479861122974,3.44,13.61805,35.1211,0.0,0.0,0.0,0.0,2.0,4.0,0.0,2.0,2.0,6.0,0.802,3.765783,221.0,3.765783
mp-1184164.cif,167,Er1 Ga1 O3,Er,Ga,Ga,O,ErGaO3,3,0.6,9.501487062655624e-17,8.642323183276981e-35,0.5266830949153691,0.079597657051887,0.4450088013030587,0.011844889442245,0.5880475587565952,0.0239414827851379,1.0224752811702116e-39,6.341467155246144e-79,0.2411760402157853,1.9024822264583807,0.1674642088615751,0.9172682359752016,1.5936995614465004,3.872442954030145e-19,36.15990514873727,0.0362107436146204,11.224919486731572,19.64925019795155,0.0327466814885105,0.002202323000341,47.66553913484686,318.37370820225715,26.89113061718234,245.2084712291727,7.500879213165737,15.594240868379224,36.744144495406296,325.30333780993715,34.40237951016384,374.6875541905168,34.40237951016384,374.6875541905167,0.9181332962787238,0.0137645187521318,1.1356411959525303,0.0377858889406117,0.1209089255278627,0.0300236263595581,0.8624421839395253,0.0013593016690647,2.827759885940349,0.9703333431087184,1.3274668148851037,0.2202323000341089,0.2527427376734416,0.0003534169569675,180.0,0.0,77.58360171089474,218.32500219946155,102.41639828910527,218.3250021994616,36.15990514873727,0.0362107436146204,103.93645143431944,23.3842316739174,2.3860795682179194,0.0980052556739347,8.483279657821047,8.733000087978468,0.2096404910831218,0.0003402912564266,100.71016056417682,54.07107042442315,35.92307934497328,9.564965631405236,-0.231553959,0.1101161062640692,1.3274668148851037,0.2202323000341089,0.2564865634401935,0.1351063186180116,0.1209089255278626,0.030023626359558,2.4715750893646504,0.1176342980120055,2.215088525924457,0.1488180500764685,27.0,81.0,0.2307692307692307,1.0,3.0,2.076923076923077,6.0,6.0,0.0,0.2,27.0,243.0,0.6923076923076923,1.0,2.0,1.3076923076923077,18.0,18.0,0.0,0.6862745098039215,81.0,1.0,0.0,0.0,-0.964528449,0.6382157558233295,2.360866026559512,2.6741638042658527,-0.082329565,1.2417292890645115,0.2215349831468298,0.3692249719113823,7.2,12.0,0.0,0.0,3.117233770559511,3.781838719999999,0.0,0.0,5.831347372269023e-16,7.644222728798687e-16,2.61341718960049,3.275168404535622,-0.686348058,0.1111111111111111,2.613417189600492,3.275168404535625,0.2882729954052055,1.3910754186149934,9.730389062176389e-16,1.4579238263750857e-15,-3.829369968,-3.829369968,-0.104869999,-0.104869999,6.703739844841928,7.295668539873584,2.5807699787375733,6.356949947626412,1.24,6.1077,11.93,0.0,0.0,2.0,12.0,0.0,0.0,0.0,2.0,2.0,14.0,22.7,-9.552189921,-2.272409981,-2.272409981,-2.272409981,0.5277969156497692,5.3874839356062845,0.5632799953592533,5.318219956184293,1.81,5.999301,20.51515,0.0,10.0,0.0,0.0,5.0,1.0,0.0,2.0,5.0,13.0,8.12,-9.787249919,-9.787269919,3.47662997135677,-9.787269919,-3.814405005,16.99279956799987,-3.66805997,16.856479861122974,3.44,13.61805,35.1211,0.0,0.0,0.0,0.0,2.0,4.0,0.0,2.0,2.0,6.0,0.802,3.78183872,221.0,3.78183872
mp-1184348.cif,168,Eu1 Pb1 O3,Eu,Pb,Pb,O,EuPbO3,3,0.6,1.1347256134084382e-16,5.1413038890651865e-33,0.533022223682515,0.078932035543632,0.4425634292915297,0.0117458386225642,0.5915241605802699,0.0237412763158581,5.1544451593504836e-39,8.269897179269158e-77,0.2721673360377281,1.886573051039084,0.1889834825345007,0.909597740519459,1.593699561460482,3.8400643751933463e-19,36.155629611189866,0.0359079419924115,11.125321072735511,19.48493677419945,0.0321779356186323,0.0021823740211863,60.4637889200949,530.7891138299487,38.45610504113797,520.9123979974692,7.451542646598046,15.290322441726094,46.45416052744373,541.1911196229237,43.50026885839672,617.0924321477576,43.50026885839671,617.0924321477578,0.9195551609534194,0.0136398376324148,1.1332853734240578,0.0374436185694165,0.1346106530305506,0.0381919372958744,0.8619189423088056,0.0013344355333411,2.805626905052337,0.9622190999604666,1.3217793561863214,0.2182374021186379,0.2508652095958867,0.0003048586524076,180.0,0.0,77.91559642421494,216.4992974911049,102.08440357578507,216.4992974911049,36.155629611189866,0.0359079419924115,104.04510428428851,23.18868508665056,2.6902445237296955,0.1297234011780099,8.41688071515701,8.6599718996442,0.2022672058825551,0.0008379486355609,97.1463795303766,72.78006862225723,25.73988886859853,314.34112221818464,-0.227532334,0.1091186712490886,1.3217793561863214,0.2182374021186379,0.2855523167335563,0.1718637178314354,0.1346106530305506,0.0381919372958744,2.785428629307548,0.1571535930491936,2.499876312573992,0.1894388293232666,27.0,81.0,0.2307692307692307,1.0,3.0,2.076923076923077,6.0,6.0,0.0,0.2,27.0,81.0,0.2307692307692307,1.0,3.0,2.076923076923077,6.0,6.0,0.0,0.2,81.0,1.0,0.0,0.0,-0.771495642,0.6279224376731305,2.674862912482657,3.02982952080443,-0.662890957,-0.287644969,0.2509992958391144,0.4183321597318568,7.2,12.0,0.580198777727478,1.0931999999999995,3.531828112482657,4.284825999999999,-1.485299836,-1.306231384,9.038174284797653e-16,1.171837154427114e-15,2.9610035625334934,3.710768166796057,-0.300247983,1.34382344861268,2.961003562533496,3.710768166796061,-0.518118102,1.2348376354541406,1.3538696783197808e-15,1.831026719408895e-15,-2.358419981,-2.358419981,-2.358419981,-2.358419981,-7.773939136,-3.007723375,2.1781999820542635,6.07905994991589,1.2,5.67038,11.25,0.0,0.0,7.0,7.0,0.0,0.0,0.0,2.0,7.0,9.0,27.7,-12.74749989,-3.363719972,-3.363719972,-3.363719972,-0.506143396,6.442776446960848,-0.482609996,6.39928994727758,2.33,7.41663,15.03248,0.0,10.0,0.0,14.0,4.0,2.0,0.0,2.0,4.0,28.0,6.995,-9.787249919,-9.787269919,3.47662997135677,-9.787269919,-3.814405005,16.99279956799987,-3.66805997,16.856479861122974,3.44,13.61805,35.1211,0.0,0.0,0.0,0.0,2.0,4.0,0.0,2.0,2.0,6.0,0.802,4.284826,221.0,4.284826
mp-1183706.cif,171,Ce1 Mn1 O3,Ce,Mn,Mn,O,CeMnO3,3,0.6,9.411502109798496e-17,7.359006076433257e-35,0.5271215847650201,0.0795542020895607,0.444839650171245,0.0118384229299941,0.5882880420575276,0.0239284123472507,8.552417380332309e-40,3.77244998599906e-79,0.2433197683438338,1.901443599235681,0.168952738819563,0.9167674692678164,1.5936995614474676,3.8703275004988504e-19,36.159609408534905,0.0361909804112861,11.21803007098016,19.638523030108708,0.0327222258144628,0.0022014785191935,51.249039957956406,368.8526190239781,29.98131834412954,305.5413197506469,7.497019939552889,15.576051907803356,39.49789326806368,376.8315739630512,36.98001689839285,433.7734135235925,36.98001689839285,433.7734135235924,0.9181944354638428,0.0137592407449598,1.1355398972338555,0.0377713999347542,0.1253261445754039,0.0322932784056478,0.8624024760941027,0.0013578004518775,2.826228904662258,0.9698036064251214,1.3272222581446282,0.2201478519193584,0.2527303312268649,0.0003529736138057,180.0,0.0,77.60656643006611,218.20581144565224,102.39343356993388,218.20581144565224,36.159609408534905,0.0361909804112861,103.9439671659814,23.37146539634752,2.4743453053702726,0.1056518022600838,8.478686713986773,8.728232457826092,0.2101093013164457,0.0003540138490758,100.63257238905136,55.6289959002056,36.16034439952842,10.703649941076248,-0.231381037,0.1100738867748638,1.3272222581446282,0.2201478519193584,0.2658569000677019,0.1453197528254156,0.1253261445754039,0.0322932784056478,2.5629642720595074,0.1268966151460631,2.297107371991805,0.1600420117050697,27.0,81.0,0.2307692307692307,1.0,3.0,2.076923076923077,6.0,6.0,0.0,0.2,27.0,243.0,0.6923076923076923,1.0,2.0,1.3076923076923077,18.0,18.0,0.0,0.6862745098039215,81.0,1.0,0.0,0.0,-1.087153342,0.2250574679408403,2.448945491600223,2.773931819333705,-0.350113628,0.5949791650137688,0.2298000361332593,0.3830000602220982,7.2,12.0,-0.740247256,-0.430795848,3.2335318916002223,3.922932,-1.436960801,-1.347373844,7.384366945588215e-16,1.2206844796059302e-15,2.7109188628841974,3.3973587693188927,-0.611601765,0.0209734019468035,2.7109188628841983,3.397358769318893,1.2612548543420643,1.337234696360056,8.81232899020307e-16,1.2517050007811828e-15,-1.845129985,-1.845129985,-1.766549985,-1.845129985,0.9969753918058928,5.602414853864822,0.78892999350017,6.363579947571789,1.12,5.5387,10.85,9.0,1.0,13.0,1.0,0.0,0.0,0.0,2.0,22.0,4.0,29.6,-4.293239965,-4.299769965,2.5982199785938063,-4.299769965,-0.789747513,7.106799981439508,-1.611869987,6.515149946323036,1.55,7.43402,15.64,5.0,5.0,0.0,0.0,0.0,0.0,0.0,2.0,5.0,7.0,9.4,-9.787249919,-9.787269919,3.47662997135677,-9.787269919,-3.814405005,16.99279956799987,-3.66805997,16.856479861122974,3.44,13.61805,35.1211,0.0,0.0,0.0,0.0,2.0,4.0,0.0,2.0,2.0,6.0,0.802,3.922932,221.0,3.922932
mp-1183712.cif,172,Cr1 Ge1 O3,Cr,Ge,Ge,O,CrGeO3,3,0.6,8.125537571626794e-17,1.5643677547159683e-34,0.531603865149371,0.0790879455120179,0.4431105729743084,0.0117690395107169,0.5907462827292143,0.0237881711110367,6.0349291926260326e-40,1.4858834425758598e-79,0.2652331388480354,1.890299491675252,0.1841686181324327,0.911394417293238,1.593699561457354,3.84764943633216e-19,36.1565862047342,0.0359788694463747,11.14760587961798,19.523424263538164,0.0318925847681744,0.0021721215136222,46.20649643514582,310.23709342680934,25.7021591818116,232.2955122902153,7.474959710033428,15.285250001385704,35.51813584255185,316.29589528925635,33.28370388034276,360.446074935329,33.28370388034274,360.4460749353288,0.9202685380795642,0.0135757594601389,1.132103411501114,0.0372677133492825,0.1165551551292432,0.0290113309589343,0.8621334243022802,0.0013345322606828,2.8105790843595515,0.964119716717934,1.3189258476817425,0.2172121513622243,0.2527248080686678,0.0003452687683089,180.00000000000003,8.077935669463163e-28,77.84131373460673,216.92693626153505,102.1586862653933,216.92693626153505,36.1565862047342,0.0359788694463747,104.020793557233,23.234488357731816,2.350685120603963,0.099305508749831,8.431737253078655,8.677077450461406,0.2031420058224323,0.0008575469647869,88.34655550666866,10.645691762209578,26.707015001843907,339.5595018507572,-0.225514583,0.1086060311812487,1.3189258476817425,0.2172121513622243,0.2472508217224141,0.1305509893152047,0.1165551551292432,0.0290113309589343,2.4331020611781016,0.1200421670505628,2.185851239455688,0.1448661850251706,27.0,81.0,0.2307692307692307,1.0,3.0,2.076923076923077,6.0,6.0,0.0,0.2,27.0,243.0,0.6923076923076923,1.0,2.0,1.3076923076923077,18.0,18.0,0.0,0.6862745098039215,81.0,1.0,0.0,0.0,-0.881170901,0.1933524585581874,2.336802694296812,2.6469071571613543,-0.552261239,0.8506709892085507,0.2192769685677295,0.3654616142795486,7.2,12.0,0.0,0.0,3.085461094296812,3.743291999999999,0.0,0.0,4.95939181738576e-16,6.564691849700048e-16,2.586779707648136,3.2417859657830563,-0.461329905,0.3050205707354649,2.5867797076481365,3.2417859657830586,-0.378767544,1.3920540435777504,8.734947952599624e-16,1.2025992653021156e-15,-4.787509961,-4.787509961,-4.710739961,-4.787509961,-3.386652872,7.192547130741292,-0.713879994,7.198049940696766,1.66,6.76651,16.4857,5.0,5.0,0.0,0.0,0.0,0.0,1.0,1.0,6.0,6.0,11.6,-12.6643599,-3.782329969,-3.782329969,-3.782329969,-0.612054095,7.280624070018371,-0.579449995,7.220969940507932,2.01,7.89943,15.93461,0.0,10.0,0.0,0.0,4.0,2.0,0.0,2.0,4.0,14.0,5.84,-9.787249919,-9.787269919,3.47662997135677,-9.787269919,-3.814405005,16.99279956799987,-3.66805997,16.856479861122974,3.44,13.61805,35.1211,0.0,0.0,0.0,0.0,2.0,4.0,0.0,2.0,2.0,6.0,0.802,3.743292,221.0,3.743292
mp-1183719.cif,173,Cr1 Rh1 O3,Cr,Rh,Rh,O,CrRhO3,3,0.6,1.4482906895384203e-16,2.224133992573858e-33,0.5250230786168817,0.0797586834531123,0.4456491664926796,0.0118688517043321,0.5871371472627377,0.0239899165073814,-7.799999999999999e-39,9.830713319205732e-77,0.2330604050764096,1.9063309561530497,0.1618289952003842,0.9191238735463044,1.5936995614428384,3.880283742036783e-19,36.16102477135989,0.0362839870623074,11.251001145049331,19.68900071528259,0.0322714210176652,0.0021856974872671,51.18525882039337,368.5290950210209,29.94564923358095,304.1372577199863,7.532524799502929,15.559800210695716,39.476678497055154,376.4418526971597,37.00107650829337,432.8346443262096,37.00107650829337,432.8346443262096,0.9193214474558368,0.0136606092954194,1.1336726026256918,0.0375006402325446,0.123410614845438,0.0319638369430161,0.8627265654214069,0.0013572129150657,2.833555810010963,0.9722963316188932,1.3227142101766531,0.2185697487267121,0.2526929223268614,0.0003433532695811,180.0,0.0,77.49666284983554,218.7666746142512,102.50333715016448,218.7666746142512,36.16102477135989,0.0362839870623074,103.90799870552983,23.431538199724294,2.4710966210960232,0.1058743109939967,8.50066743003289,8.75066698457004,0.2044551456675857,0.0009193496761697,89.8434472217969,18.96960642408169,27.129637428603804,353.6052963409852,-0.228193366,0.1092848352804674,1.3227142101766531,0.2185697487267121,0.2617934478828319,0.1438372662435734,0.123410614845438,0.0319638369430161,2.5583611037236347,0.1267756330000139,2.2965676558408026,0.1599631778110119,27.0,81.0,0.2307692307692307,1.0,3.0,2.076923076923077,6.0,6.0,0.0,0.2,27.0,243.0,0.6923076923076923,1.0,2.0,1.3076923076923077,18.0,18.0,0.0,0.6862745098039215,81.0,1.0,0.0,0.0,-0.765849251,0.93948851075963,2.4452017799801578,2.769691299966929,-0.151406577,0.7292992077247503,0.2294487400066145,0.3824145666776901,7.2,12.0,-0.977428769,-0.839615522,3.2285887799801563,3.9169349999999983,-0.39531144,1.2414982553550329,7.64774566576625e-16,9.08505499942454e-16,2.70677467164644,3.392165214972397,-0.432828569,0.2416213586064599,2.7067746716464423,3.3921652149724,-1.502999038,-1.312408714,1.3025033353565844e-15,1.5548995431054645e-15,-4.787509961,-4.787509961,-4.710739961,-4.787509961,-3.386652872,7.192547130741292,-0.713879994,7.198049940696766,1.66,6.76651,16.4857,5.0,5.0,0.0,0.0,0.0,0.0,1.0,1.0,6.0,6.0,11.6,-4.285079965,-4.285099965,-2.672929978,-4.285099965,-0.0437538,9.158221224523857,0.204139998318133,9.105549924981268,2.28,7.4589,18.08,2.0,8.0,0.0,0.0,0.0,0.0,1.0,1.0,3.0,9.0,8.6,-9.787249919,-9.787269919,3.47662997135677,-9.787269919,-3.814405005,16.99279956799987,-3.66805997,16.856479861122974,3.44,13.61805,35.1211,0.0,0.0,0.0,0.0,2.0,4.0,0.0,2.0,2.0,6.0,0.802,3.916935,221.0,3.916935
mp-1183771.cif,174,Dy1 Cu1 O3,Dy,Cu,Cu,O,DyCuO3,3,0.6,1.168032348537226e-16,7.3016087987317476e-34,0.5348803516576187,0.078721696747213,0.4418466408634877,0.0117145382064304,0.592543223505817,0.0236780103497477,3.119762418276496e-39,4.643835239052011e-78,0.281251517140015,1.881545694248155,0.1952912206929071,0.9071738363004864,1.593699561464581,3.829827298803095e-19,36.15437628086539,0.0358122552205566,11.096126745546387,19.43301313988344,0.0336268317691337,0.0022319193620837,47.03143639710064,313.6478677493831,26.3216150784973,240.30634572993185,7.38861287729025,15.48267611843129,36.134541818799846,320.27225003755285,33.737892762078,368.1622989497745,33.73789276207799,368.16229894977454,0.9159329205771656,0.0139494960130233,1.139286897784137,0.0382936822287358,0.123950492816133,0.0303251608457596,0.8613841551048415,0.0013482468818476,2.799139276788087,0.9596549698707872,1.3362683176913372,0.223191936208375,0.2452336775457592,0.0006276587065682,180.00000000000003,8.077935669463161e-28,78.0129108481787,215.92236822092724,101.98708915182132,215.92236822092724,36.15437628086539,0.0358122552205566,104.0769526117447,23.12689164231589,2.3754774500825024,0.0978021843220367,8.397417830364262,8.636894728837085,0.2087529288986806,0.0003565215937088,91.51029016537132,141.80752001987798,35.829319874080255,11.325809622395887,-0.23777756,0.1115959235394403,1.3362683176913372,0.223191936208375,0.2629387020051064,0.136463223805919,0.123950492816133,0.0303251608457597,2.463123684084205,0.1188474120447239,2.200184982079098,0.1466872114139421,27.0,81.0,0.2307692307692307,1.0,3.0,2.076923076923077,6.0,6.0,0.0,0.2,27.0,243.0,0.6923076923076923,1.0,2.0,1.3076923076923077,18.0,18.0,0.0,0.6862745098039215,81.0,1.0,0.0,0.0,-1.083066738,-0.043196593,2.356907742893749,2.669680238156247,-0.326897132,1.2468080985995416,0.2211635523687508,0.3686059206145841,7.2,12.0,-1.319530362,-1.319530362,3.112007342893748,3.775497999999999,1.219166717747204,1.219166717747204,6.233195074388541e-16,8.062752755996188e-16,2.6090354726978604,3.2696771799373376,-0.195036361,0.8747040611910393,2.6090354726978617,3.2696771799373385,-0.255245819,1.2491453405942454,8.011159361063284e-16,1.210167617318992e-15,-3.200289974,-3.200289974,-0.532129996,-0.532129996,1.4999809876320285,5.342606255886081,2.3276899808226466,5.950609950974164,1.22,5.9389,11.67,0.0,0.0,4.0,10.0,0.0,0.0,0.0,2.0,4.0,12.0,24.5,-4.473869963,-4.473869963,-4.473869963,-4.473869963,-1.377390789,7.885906405023617,-1.356039989,7.832129935472711,1.9,7.72638,20.2924,0.0,10.0,0.0,0.0,0.0,0.0,1.0,1.0,1.0,11.0,6.15,-9.787249919,-9.787269919,3.47662997135677,-9.787269919,-3.814405005,16.99279956799987,-3.66805997,16.856479861122974,3.44,13.61805,35.1211,0.0,0.0,0.0,0.0,2.0,4.0,0.0,2.0,2.0,6.0,0.802,3.775498,221.0,3.775498
mp-1183821.cif,175,Dy1 Rh1 O3,Dy,Rh,Rh,O,DyRhO3,3,0.6,6.1681565342135e-17,7.71846040953807e-35,0.5301952894725573,0.0792387981704896,0.4436539428383269,0.0117914878229895,0.5899737701416525,0.0238335447622176,2.419078654698591e-40,7.317652705282329e-80,0.2583467689553826,1.893905056363787,0.1793869633354085,0.9131328145910164,1.5936995614542468,3.854988458006257e-19,36.15753622970301,0.0360475105459269,11.169736981313084,19.560663319800888,0.032166792411925,0.0021819767071206,51.36057976538714,379.1714198564332,30.106891088052777,315.3128651946856,7.481487548517641,15.37915388591276,39.513179537567744,386.827519595553,37.0160176468206,442.2321166477335,37.0160176468206,442.2321166477336,0.9195830189701876,0.0136373544195038,1.1332392167505931,0.0374368017377524,0.1237457486323274,0.03229201698095,0.8622147903754107,0.0013420411150569,2.8154971069584627,0.9659586824593032,1.321667924119249,0.2181976707120621,0.2459055399691782,0.0006189600732437,180.0,0.0,77.76754339562305,217.3407035533433,102.23245660437696,217.3407035533433,36.15753622970301,0.0360475105459269,103.99665052176329,23.27880572787361,2.4779288316325783,0.1089447014018171,8.446491320875388,8.693628142133727,0.200304258458844,0.0007715941392122,97.48544433749991,69.22339485538315,25.897195409827976,318.0621162152067,-0.22745353,0.1090987970310112,1.321667924119249,0.2181976707120621,0.2625043740027746,0.1453140764142753,0.1237457486323274,0.03229201698095,2.5654302896335035,0.1314421008121558,2.3029259156307287,0.1608259535239904,27.0,81.0,0.2307692307692307,1.0,3.0,2.076923076923077,6.0,6.0,0.0,0.2,27.0,243.0,0.6923076923076923,1.0,2.0,1.3076923076923077,18.0,18.0,0.0,0.6862745098039215,81.0,1.0,0.0,0.0,-0.796608471,0.8421285849654723,2.459817050356842,2.786246083928069,-0.317597062,0.908611748816772,0.2308201832143865,0.3847003053573103,7.2,12.0,0.0,0.0,3.247886450356841,3.940347,0.0,0.0,5.507670794548479e-16,5.98255057985998e-16,2.7229533952179548,3.412440601725799,-1.066621389,-0.146822498,2.722953395217956,3.4124406017257995,0.6190424202030544,1.1341179221372388,8.251739921782273e-16,1.3377389775397693e-15,-3.200289974,-3.200289974,-0.532129996,-0.532129996,1.4999809876320285,5.342606255886081,2.3276899808226466,5.950609950974164,1.22,5.9389,11.67,0.0,0.0,4.0,10.0,0.0,0.0,0.0,2.0,4.0,12.0,24.5,-4.285079965,-4.285099965,-2.672929978,-4.285099965,-0.0437538,9.158221224523857,0.204139998318133,9.105549924981268,2.28,7.4589,18.08,2.0,8.0,0.0,0.0,0.0,0.0,1.0,1.0,3.0,9.0,8.6,-9.787249919,-9.787269919,3.47662997135677,-9.787269919,-3.814405005,16.99279956799987,-3.66805997,16.856479861122974,3.44,13.61805,35.1211,0.0,0.0,0.0,0.0,2.0,4.0,0.0,2.0,2.0,6.0,0.802,3.940347,221.0,3.940347
mp-1183917.cif,177,Cs1 Mo1 O3,Cs,Mo,Mo,O,CsMoO3,3,0.6,6.83184897982984e-17,6.10808726744372e-35,0.5279400892184086,0.0794720582887872,0.4445239052234532,0.0118261991501171,0.5887369387718655,0.0239037050321743,3.2450273568925518e-40,4.311409694004943e-79,0.2473213456233504,1.899480261032356,0.1717312943564473,0.9158208597566514,1.5936995614492728,3.8663366243665654e-19,36.15905735327247,0.0361536269982472,11.205169984302524,19.61824524614635,0.032461457285289,0.0021923995194442,56.76477297566081,456.45213303651394,34.9643120476903,418.90347413916834,7.496269604309685,15.50338836410502,43.72520064211346,466.0766232277148,40.95261072134187,535.0852367319588,40.95261072134186,535.085236731959,0.9188463567867776,0.0137024969965265,1.1344597586196157,0.0376156289256121,0.1309875099352095,0.0356979638639192,0.8623791411040853,0.0013520873609267,2.823371107622783,0.9688022343775976,1.3246145728528882,0.219239951944425,0.2469730477651621,0.0006235129058645,180.0,0.0,77.64943338565826,217.9805027349596,102.35056661434174,217.9805027349596,36.15905735327247,0.0361536269982472,103.9579963546312,23.34733297426372,2.6041825754231067,0.1183008436111105,8.47011332286835,8.719220109398378,0.2082924897932683,0.0003194031904001,100.50241886188206,34.879523126491,35.580952804868595,9.06375056551982,-0.229537131,0.1096199426039191,1.3246145728528882,0.219239951944425,0.2778664695777809,0.1606408373876366,0.1309875099352095,0.0356979638639192,2.696804731949034,0.1422659792372791,2.418938262371253,0.1774644639505311,27.0,81.0,0.2307692307692307,1.0,3.0,2.076923076923077,6.0,6.0,0.0,0.2,27.0,243.0,0.6923076923076923,1.0,2.0,1.3076923076923077,18.0,18.0,0.0,0.6862745098039215,81.0,1.0,0.0,0.0,-1.136493261,-0.322724905,2.580133337111897,2.9225288951864954,-0.38074591,0.2336078747644118,0.2421102209627012,0.4035170349378347,7.2,12.0,0.463789742439664,0.8049752445356844,3.406749337111896,4.133079999999998,-0.234110745,1.4997641103438966,7.96844560328923e-16,1.1965101159719953e-15,2.856140390353291,3.579352275873384,-0.925232405,-0.446280992,2.8561403903532936,3.579352275873387,-0.630072746,0.4351941398892445,1.103249044779361e-15,1.4839934951818325e-15,-1.953909984,-1.953909984,-1.953909984,-1.953909984,-0.303611898,3.6984121695097367,-0.312149997,3.673269969736694,0.79,3.893905,23.15744,0.0,0.0,0.0,0.0,0.0,0.0,1.0,1.0,1.0,1.0,59.42,-4.383179964,-4.383179964,-4.365489964,-4.383179964,-1.305812289,6.741639444492492,-1.383299989,6.258549948437109,2.16,7.09243,16.16,5.0,5.0,0.0,0.0,0.0,0.0,1.0,1.0,6.0,6.0,12.8,-9.787249919,-9.787269919,3.47662997135677,-9.787269919,-3.814405005,16.99279956799987,-3.66805997,16.856479861122974,3.44,13.61805,35.1211,0.0,0.0,0.0,0.0,2.0,4.0,0.0,2.0,2.0,6.0,0.802,4.13308,221.0,4.13308
mp-1184349.cif,183,Fe1 Rh1 O3,Fe,Rh,Rh,O,FeRhO3,3,0.6,6.655370040031679e-17,4.5686812131257153e-35,0.5323649071206789,0.0790047898786089,0.4428169946602219,0.0117566651605072,0.5911636649914352,0.0237631594556753,5.563943371628759e-40,2.1447107849594275e-80,0.2689537884407612,1.8883119694233392,0.186752107292968,0.9104361476155408,1.5936995614590324,3.843601190859464e-19,36.15607288063966,0.0359410635787659,11.13564862553607,19.50289670146232,0.0337961988160031,0.0022374368271894,50.37277546683158,355.20462505877697,29.167816801992267,290.96442330080924,7.409879785877294,15.596491384959144,38.752159826066325,362.99779257845006,36.18401202056338,418.83881967268167,36.18401202056336,418.8388196726811,0.9155095029599922,0.0139839801699342,1.13998843906246,0.0383883469639662,0.1286313997818381,0.0324122411087095,0.8616050795395257,0.0013576619043331,2.8079219167857934,0.9631060099487564,1.337961988160029,0.2237436827189494,0.2504786224912382,0.0003601270139048,180.0,0.0,77.8811712482131,216.69885223847007,102.1188287517869,216.69885223847007,36.15607288063966,0.0359410635787659,104.03383782457917,23.21005857920932,2.457288832970028,0.1031196042256085,8.423765750357381,8.667954089538807,0.207288617702726,0.0003162738345916,92.90069554961468,167.58149532859375,36.09154196789044,10.90717445682556,-0.23897517,0.1118718007793622,1.337961988160029,0.2237436827189494,0.2728684051777673,0.1458550849891933,0.1286313997818381,0.0324122411087095,2.548244968029284,0.124818508147283,2.275376562851516,0.1569585197083891,27.0,81.0,0.2307692307692307,1.0,3.0,2.076923076923077,6.0,6.0,0.0,0.2,27.0,243.0,0.6923076923076923,1.0,2.0,1.3076923076923077,18.0,18.0,0.0,0.6862745098039215,81.0,1.0,0.0,0.0,-0.972429823,0.3533057851239665,2.433657264557468,2.756614774262447,-0.421772866,0.054450091957994,0.2283654451475109,0.3806090752458511,7.2,12.0,0.0,0.0,3.213345664557467,3.898442,0.0,0.0,4.3414916765023976e-16,4.909590941726864e-16,2.6939951938142186,3.3761498071802123,-0.651966139,-0.226332278,2.69399519381422,3.376149807180213,-0.108953684,1.2954196231337551,8.053359553022516e-16,1.0467283057891834e-15,-3.822639969,-3.822659969,-3.763499969,-3.822659969,-1.013363032,7.161906671003653,-1.395739989,6.599079945631553,1.83,7.9024,16.1877,4.0,6.0,0.0,0.0,0.0,0.0,0.0,2.0,4.0,8.0,8.4,-4.285079965,-4.285099965,-2.672929978,-4.285099965,-0.0437538,9.158221224523857,0.204139998318133,9.105549924981268,2.28,7.4589,18.08,2.0,8.0,0.0,0.0,0.0,0.0,1.0,1.0,3.0,9.0,8.6,-9.787249919,-9.787269919,3.47662997135677,-9.787269919,-3.814405005,16.99279956799987,-3.66805997,16.856479861122974,3.44,13.61805,35.1211,0.0,0.0,0.0,0.0,2.0,4.0,0.0,2.0,2.0,6.0,0.802,3.8984419999999993,221.0,3.8984419999999993
mp-973648.cif,184,Fe1 Rh1 O3,Fe,Rh,Rh,O,FeRhO3,3,0.6,5.68982339111449e-17,1.7739865583524584e-34,0.5257930619310868,0.0796846781463425,0.4453521389806876,0.0118578390098723,0.5875594332728025,0.0239676570987046,2.979383426074433e-40,4.263149091380816e-80,0.2368247679005513,1.9045621379992528,0.164442837302447,0.9182710504896008,1.593699561444537,3.876677911391552e-19,36.16050553092872,0.0362503358852461,11.238903407376654,19.67073197669713,0.0309611921881484,0.0021375237971033,47.15743019594258,322.5201642939678,26.536972056512223,244.89672844779383,7.563766505939986,15.296755241340216,36.32834353669621,328.82136688615725,34.128016685319565,374.38855995745615,34.12801668531956,374.3885599574563,0.9225970195296292,0.0133595237318961,1.12824545711571,0.0366741103792467,0.1139608019864825,0.0289592027649147,0.862956020976908,0.0013372450632364,2.830867423861479,0.9713941716887472,1.3096119218814837,0.2137523797103376,0.2447443301802969,0.0005461072604661,180.0,0.0,77.5369886420778,218.56368862996823,102.4630113579222,218.56368862996823,36.16050553092872,0.0362503358852461,103.92119628286184,23.409796732598217,2.370575246161654,0.1014182426402567,8.492602271584436,8.742547545198725,0.2013858880632908,0.0003086231052558,88.13575591747073,166.35338254660212,35.757361114707884,8.181964048867378,-0.218928646,0.1068761469907079,1.3096119218814837,0.2137523797103376,0.2417473676222979,0.1303164124421166,0.1139608019864825,0.0289592027649147,2.4511577020357533,0.1215385691558745,2.2094103344134552,0.1480551979037653,27.0,81.0,0.2307692307692307,1.0,3.0,2.076923076923077,6.0,6.0,0.0,0.2,27.0,243.0,0.6923076923076923,1.0,2.0,1.3076923076923077,18.0,18.0,0.0,0.6862745098039215,81.0,1.0,0.0,0.0,-0.512074209,0.976476188177346,2.3535211103209868,2.665844183868311,-0.759807976,-0.581319016,0.2208457632263382,0.3680762720438965,7.2,12.0,-0.745699071,-0.505302496,3.107535710320985,3.770072999999999,0.099738088468193,0.1553359158195927,7.736591782272951e-16,1.0362081563168128e-15,2.6052865586633693,3.264978992121806,1.2246308023425638,3.781908652405909,2.6052865586633724,3.264978992121808,-0.991065137,0.8317342587294434,9.965292945675821e-16,1.1192327284440905e-15,-3.822639969,-3.822659969,-3.763499969,-3.822659969,-1.013363032,7.161906671003653,-1.395739989,6.599079945631553,1.83,7.9024,16.1877,4.0,6.0,0.0,0.0,0.0,0.0,0.0,2.0,4.0,8.0,8.4,-4.285079965,-4.285099965,-2.672929978,-4.285099965,-0.0437538,9.158221224523857,0.204139998318133,9.105549924981268,2.28,7.4589,18.08,2.0,8.0,0.0,0.0,0.0,0.0,1.0,1.0,3.0,9.0,8.6,-9.787249919,-9.787269919,3.47662997135677,-9.787269919,-3.814405005,16.99279956799987,-3.66805997,16.856479861122974,3.44,13.61805,35.1211,0.0,0.0,0.0,0.0,2.0,4.0,0.0,2.0,2.0,6.0,0.802,3.770073,221.0,3.770073
mp-1016884.cif,186,Ca1 Ge1 O3,Ca,Ge,Ge,O,CaGeO3,3,0.6,9.585466316729636e-17,1.0036734252794483e-34,0.5257106752785288,0.0796926532128198,0.4453839203218923,0.0118590257757172,0.5875142495264154,0.0239700558491685,1.1381010839919287e-39,8.512902349449596e-79,0.2364219887151157,1.904752751929233,0.1641631615002172,0.918362953636382,1.593699561444355,3.8770686256790793e-19,36.16056109901797,0.0362539639207153,11.240197840765,19.67270067882184,0.0327520807350625,0.0022025092810302,47.7745326274592,318.60381040221176,26.98273880916976,245.7549083415391,7.510902805124795,15.625651342681632,36.84498596213285,325.61143447604275,34.50110259560352,375.4213019236125,34.50110259560351,375.4213019236123,0.918119798162344,0.0137656830064387,1.1356635603640146,0.037789085011955,0.1209735725863136,0.030048373452928,0.862541771309508,0.0013619565083302,2.8311550757255555,0.971491391546757,1.3275208073506235,0.2202509281030192,0.2527804699853692,0.0003541309387713,180.0,0.0,77.53267386411666,218.58556309802023,102.46732613588334,218.58556309802023,36.16056109901797,0.0362539639207153,103.91978417371092,23.41213965082926,2.3883201131911207,0.0977871491703233,8.493465227176666,8.743422523920813,0.209866904913474,0.0003470712904591,100.59323286216,55.37774122739317,36.11616412004875,10.491292804705376,-0.231592138,0.1101254203433247,1.3275208073506235,0.2202509281030192,0.256623700560437,0.1352176805381765,0.1209735725863136,0.030048373452928,2.4738613467112667,0.1172003559636071,2.2172376461508296,0.1491058559425404,27.0,81.0,0.2307692307692307,1.0,3.0,2.076923076923077,6.0,6.0,0.0,0.2,27.0,243.0,0.6923076923076923,1.0,2.0,1.3076923076923077,18.0,18.0,0.0,0.6862745098039215,81.0,1.0,0.0,0.0,-1.13940447,-0.24129862,2.36173892252151,2.675152537535851,-0.541272768,0.4698019916505423,0.2216168924928303,0.3693614874880498,7.2,12.0,0.1746691871455574,0.1746691871455574,3.1183863225215096,3.783237,-1.64744862,-1.64744862,5.6113067287557055e-16,9.165101083499073e-16,2.6143834626910243,3.2763793505372263,-0.557148789,-0.038733861,2.614383462691025,3.276379350537229,0.3921754351115615,1.3315219021436095,1.0076761047904686e-15,1.7368542068078933e-15,-3.942079968,-3.942079968,-0.935069992,-0.935069992,1.3744005986758032,6.388740337367709,1.3953099885043316,6.391409947342504,1.0,6.11316,11.87172,0.0,0.0,0.0,0.0,0.0,0.0,0.0,2.0,0.0,2.0,25.73333333,-12.6643599,-3.782329969,-3.782329969,-3.782329969,-0.612054095,7.280624070018371,-0.579449995,7.220969940507932,2.01,7.89943,15.93461,0.0,10.0,0.0,0.0,4.0,2.0,0.0,2.0,4.0,14.0,5.84,-9.787249919,-9.787269919,3.47662997135677,-9.787269919,-3.814405005,16.99279956799987,-3.66805997,16.856479861122974,3.44,13.61805,35.1211,0.0,0.0,0.0,0.0,2.0,4.0,0.0,2.0,2.0,6.0,0.802,3.783236999999999,221.0,3.783236999999999
mp-1016881.cif,188,Cd1 Sn1 O3,Cd,Sn,Sn,O,CdSnO3,3,0.6,7.648839486118055e-17,1.8631773463873803e-34,0.5315419114687854,0.0790946639244483,0.4431344721254504,0.0117700392744714,0.5907123051454138,0.0237901918835255,4.531880249154742e-40,6.077951748852723e-79,0.2649302541910405,1.8904600700228087,0.1839583056026615,0.9114718389981826,1.593699561457217,3.8479762888703283e-19,36.15662794720149,0.0359819191524367,11.1485792765238,19.525082751635264,0.0334554253821351,0.0022262770507138,54.57382247835184,418.6801518483942,32.90922402149728,371.1040107813919,7.428723422885151,15.564054771386688,41.99164411874022,427.7449444554113,39.23784665092564,492.7642713175844,39.23784665092564,492.7642713175845,0.9163614365446624,0.0139142315669618,1.1385769092824145,0.0381968754702555,0.1325263802924892,0.0349341973509714,0.8617708930904497,0.0013554934537719,2.8107953947830664,0.9642016173647044,1.3345542538213495,0.2226277050713896,0.2464806169563795,0.0006300460850062,180.0,0.0,77.838069078254,216.9453639070585,102.161930921746,216.9453639070585,36.15662794720149,0.0359819191524367,104.0197316491586,23.23646216305196,2.556781808390727,0.1123870408554555,8.4323861843492,8.677814556282339,0.2082930668983483,0.0003198275456543,92.90125219115122,167.06812865572408,35.76528964803203,9.174590940494928,-0.236565543,0.1113138167201331,1.3345542538213495,0.2226277050713896,0.2811309065727795,0.1572038880793718,0.1325263802924892,0.0349341973509714,2.6504921105816543,0.1358755117777894,2.3693612040088747,0.1702126910637025,27.0,81.0,0.2307692307692307,1.0,3.0,2.076923076923077,6.0,6.0,0.0,0.2,27.0,243.0,0.6923076923076923,1.0,2.0,1.3076923076923077,18.0,18.0,0.0,0.6862745098039215,81.0,1.0,0.0,0.0,-1.093972159,-0.110119396,2.53288840812771,2.8690143468795166,-0.362719677,0.3237390384453374,0.2376769306240971,0.3961282177068278,7.2,12.0,0.3288459690119256,0.8049752445356844,3.344368208127709,4.057398999999999,-0.938545403,-0.81206903,9.061082376419764e-16,1.1965101159719953e-15,2.8038414847230286,3.5138106072895745,-0.688086017,-0.325539377,2.803841484723029,3.513810607289575,1.0337156026882983,1.444859851663704,1.0640329998102069e-15,1.384691393685075e-15,-6.02268995,-6.02268995,-0.562699995,-0.562699995,1.603151386824186,9.39452962261901,1.640269986486157,9.382959922695743,1.69,8.99382,16.90831,0.0,10.0,0.0,0.0,0.0,0.0,0.0,2.0,0.0,12.0,7.32,-11.28339991,-3.579099971,-3.579099971,-3.579099971,-0.668899894,6.747624044360574,-0.640929995,6.701019944791692,1.96,7.34392,14.6322,0.0,10.0,0.0,0.0,4.0,2.0,0.0,2.0,4.0,14.0,7.06,-9.787249919,-9.787269919,3.47662997135677,-9.787269919,-3.814405005,16.99279956799987,-3.66805997,16.856479861122974,3.44,13.61805,35.1211,0.0,0.0,0.0,0.0,2.0,4.0,0.0,2.0,2.0,6.0,0.802,4.057399,221.0,4.057399
mp-1016879.cif,189,Cd1 Si1 O3,Cd,Si,Si,O,CdSiO3,3,0.6,9.311950121349284e-17,6.26080522314821e-35,0.5311042031101678,0.0791419114098687,0.443303321790553,0.011777070150278,0.5904722504417306,0.0238044030412496,1.014918132791954e-39,6.460704103701666e-79,0.2627903466857765,1.891589343227403,0.1824724285517274,0.9120163100192028,1.5936995614562517,3.850272184879577e-19,36.15692327630482,0.0360034192011093,11.155456413731844,19.53674613089332,0.0328804561517278,0.002206921218427,43.38714135472733,267.44165161127506,23.349391325723857,188.2186293408782,7.45055725793607,15.476950350031832,33.37923213123185,273.04562468949894,31.22493410400719,313.41887896740224,31.224934104007176,313.4188789674022,0.9177988596206804,0.0137932576151691,1.1361953087505945,0.0378647818904174,0.1162050143791942,0.0275651842647471,0.8619520328013306,0.0013490888207099,2.8123236474959645,0.9647775867107812,1.3288045615172748,0.2206921218427074,0.2464167250342143,0.0004336450541108,180.0,0.0,77.81514528756051,217.07495700992564,102.18485471243947,217.07495700992564,36.15692327630482,0.0360034192011093,104.012229366838,23.25034250288128,2.278802279846815,0.0906138629401034,8.436970942487894,8.682998280397031,0.2078662868595748,0.0003159453821893,82.98688933054997,24.27462764792643,36.80534845103652,14.132886045759244,-0.232499882,0.1103460109264681,1.3288045615172748,0.2206921218427074,0.2465080610262259,0.1240433291913624,0.1162050143791941,0.0275651842647471,2.360971633522224,0.1094851001142733,2.114463572495998,0.1355669413860051,27.0,81.0,0.2307692307692307,1.0,3.0,2.076923076923077,6.0,6.0,0.0,0.2,27.0,243.0,0.6923076923076923,1.0,2.0,1.3076923076923077,18.0,18.0,0.0,0.6862745098039215,81.0,1.0,0.0,0.0,-0.912998011,0.2601939058171738,2.259785987611684,2.559669979352807,-0.566033467,0.2525802839198803,0.2120500041294388,0.3534166735490643,7.2,12.0,0.0,0.0,2.9837699876116828,3.619919999999999,0.0,0.0,5.221457810139598e-16,5.669107303633906e-16,2.5015242196733887,3.134942679667363,-0.96143643,-0.202397863,2.5015242196733896,3.134942679667365,-0.091679612,1.2064046156340231,8.810067147692077e-16,1.2546193353450105e-15,-6.02268995,-6.02268995,-0.562699995,-0.562699995,1.603151386824186,9.39452962261901,1.640269986486157,9.382959922695743,1.69,8.99382,16.90831,0.0,10.0,0.0,0.0,0.0,0.0,0.0,2.0,0.0,12.0,7.32,-11.7771599,-3.946819967,-3.946819967,-3.946819967,-0.706170785,7.529908477963954,-0.671079994,7.4689799384646305,1.9,8.15168,16.34584,0.0,0.0,0.0,0.0,4.0,2.0,0.0,2.0,4.0,4.0,5.53,-9.787249919,-9.787269919,3.47662997135677,-9.787269919,-3.814405005,16.99279956799987,-3.66805997,16.856479861122974,3.44,13.61805,35.1211,0.0,0.0,0.0,0.0,2.0,4.0,0.0,2.0,2.0,6.0,0.802,3.61992,221.0,3.61992
mp-1016877.cif,190,Hg1 Rh1 O3,Hg,Rh,Rh,O,HgRhO3,3,0.6,1.0375910715569311e-16,3.266116454941392e-34,0.5251085697424287,0.0797505251736186,0.4456161875750196,0.0118676376746456,0.5871840336116197,0.0239874626498775,1.5521444402047277e-39,1.9545652004613136e-78,0.233478361685165,1.906135963205896,0.1621192096754058,0.919029859087628,1.5936995614430272,3.8798800206830384e-19,36.16096717036389,0.0362802747767022,11.249657935149674,19.68698678571615,0.0326187732817398,0.0021978929577684,52.65321359686553,387.207109063245,31.225936601707023,328.93474635198527,7.521208758314257,15.620245249583274,40.61568198070823,395.7032453391269,38.04426153483422,456.0729255109841,38.04426153483421,456.0729255109836,0.9184530667956504,0.0137368309860526,1.1351113828126975,0.037709881426443,0.1264513349036272,0.0330307264994281,0.86263569472378,0.0013617295321175,2.83325731892215,0.9721968783069704,1.3261877328173974,0.2197892957768436,0.2424606821739352,0.0007002930653718,180.0,0.0,77.50114021616774,218.74429761906845,102.49885978383224,218.74429761906845,36.16096717036389,0.0362802747767022,103.90946405457731,23.429141483918173,2.5068009949809094,0.1078893674084047,8.49977195676645,8.749771904762733,0.1985160067093386,0.000757379874484,94.10691909449248,27.18442810224528,24.11196162479216,289.1036079743232,-0.230649518,0.1098946101625708,1.3261877328173974,0.2197892957768436,0.2682437892013383,0.1486382692474269,0.1264513349036272,0.0330307264994281,2.5962155913813563,0.1291959398247144,2.3279718021800178,0.16436840207407,27.0,81.0,0.2307692307692307,1.0,3.0,2.076923076923077,6.0,6.0,0.0,0.2,27.0,243.0,0.6923076923076923,1.0,2.0,1.3076923076923077,18.0,18.0,0.0,0.6862745098039215,81.0,1.0,0.0,0.0,-0.43135787,2.0689067445824207,2.478769083218867,2.807713138698112,-0.510386131,0.7558063684842616,0.2325985722603779,0.3876642871006294,7.2,12.0,-1.103305785,-1.103305785,3.272910283218866,3.970705999999999,1.3214084208710757,1.3214084208710757,7.031481550279004e-16,1.0605928609527953e-15,2.7439328018858,3.438732266959291,-0.77054536,-0.366684694,2.7439328018858005,3.4387322669592915,0.2526450374248937,1.030168875064334,6.496473116466362e-16,7.523833744657608e-16,-7.208289941,-7.208289941,-0.490599996,-0.490599996,1.8041405851096344,10.829102510829378,1.8471799847814685,10.82365991082612,2.0,10.4375,18.7568,0.0,10.0,0.0,14.0,0.0,0.0,0.0,2.0,0.0,26.0,5.36,-4.285079965,-4.285099965,-2.672929978,-4.285099965,-0.0437538,9.158221224523857,0.204139998318133,9.105549924981268,2.28,7.4589,18.08,2.0,8.0,0.0,0.0,0.0,0.0,1.0,1.0,3.0,9.0,8.6,-9.787249919,-9.787269919,3.47662997135677,-9.787269919,-3.814405005,16.99279956799987,-3.66805997,16.856479861122974,3.44,13.61805,35.1211,0.0,0.0,0.0,0.0,2.0,4.0,0.0,2.0,2.0,6.0,0.802,3.970706,221.0,3.970706
mp-1016876.cif,191,Zn1 Si1 O3,Zn,Si,Si,O,ZnSiO3,3,0.6,1.6054942211785526e-16,3.1881595439212216e-33,0.5240638545182217,0.0798492185375199,0.4460191952221485,0.0118823241871309,0.5866110749311584,0.0240171477632384,-1.46e-38,3.5289503713370083e-76,0.228370865094957,1.9084948563900148,0.1585727423853744,0.9201671826114738,1.5936995614407223,3.884688300900333e-19,36.16167180005584,0.036325168563008,11.266072174902597,19.71134994754779,0.0324316919551462,0.0021913545524411,41.94608396865346,245.7348225948797,22.209301415535244,166.10732823056983,7.537764024614015,15.618422780176427,32.36848076666324,251.11954027944788,30.33379640219011,289.3431281425448,30.333796402190103,289.34312814254446,0.9189207701121348,0.0136959659527569,1.1343364665852795,0.0375977001262847,0.1121595832662745,0.0262087441756051,0.8627882218263081,0.0013618996563948,2.8369049277561325,0.9733999974097676,1.3243169195514604,0.219135455244112,0.2419764954925084,0.0006648644905539,180.0,0.0,77.446426083658,219.01499941719825,102.553573916342,219.01499941719825,36.16167180005584,0.036325168563008,103.89155760717708,23.45813570546301,2.23672702569109,0.0860022749691471,8.510714783268398,8.760599976687907,0.2047490392863768,0.0003294914523251,93.27715664576792,57.0858783549329,37.67938917415354,20.07559466302221,-0.229326638,0.1095676746420333,1.3243169195514604,0.219135455244112,0.2379264057079201,0.1179393487902233,0.1121595832662746,0.0262087441756051,2.31603582759373,0.1028306847678765,2.07810942188581,0.1309716878985039,27.0,81.0,0.2307692307692307,1.0,3.0,2.076923076923077,6.0,6.0,0.0,0.2,27.0,243.0,0.6923076923076923,1.0,2.0,1.3076923076923077,18.0,18.0,0.0,0.6862745098039215,81.0,1.0,0.0,0.0,-0.979761798,-0.079286255,2.211296900338554,2.5047461672309232,-0.217012313,0.5486264930333996,0.2074999665538156,0.3458332775896922,7.2,12.0,-0.938787722,-0.407439446,2.9197461003385534,3.542246,-0.915040182,1.115529854886393,8.346541903873499e-16,1.1305957885839117e-15,2.447848063228244,3.0676750224538107,-1.055249088,-1.055249088,2.447848063228244,3.067675022453812,1.259747715933747,1.259747715933747,5.411991020399294e-16,5.596163642220458e-16,-6.425469947,-6.425469947,-0.418189997,-0.418189997,1.733134575723182,10.09405173684297,1.7742199853825709,10.07655991698132,1.65,9.394199,17.96439,0.0,10.0,0.0,0.0,0.0,0.0,0.0,2.0,0.0,12.0,5.816666667,-11.7771599,-3.946819967,-3.946819967,-3.946819967,-0.706170785,7.529908477963954,-0.671079994,7.4689799384646305,1.9,8.15168,16.34584,0.0,0.0,0.0,0.0,4.0,2.0,0.0,2.0,4.0,4.0,5.53,-9.787249919,-9.787269919,3.47662997135677,-9.787269919,-3.814405005,16.99279956799987,-3.66805997,16.856479861122974,3.44,13.61805,35.1211,0.0,0.0,0.0,0.0,2.0,4.0,0.0,2.0,2.0,6.0,0.802,3.542246,221.0,3.542246
mp-1016875.cif,192,Cd1 Rh1 O3,Cd,Rh,Rh,O,CdRhO3,3,0.6,9.587123790630083e-17,1.813921445237169e-34,0.5358216962916484,0.0786125019198316,0.4414835092872385,0.0116982889761654,0.593059490108309,0.0236451665930744,1.1466868101663317e-39,1.916614840192324e-79,0.2858536464065502,1.878935803128134,0.1984867785596625,0.9059154959120952,1.5936995614666567,3.8245189800065466e-19,36.15374142494883,0.035762579026044,11.081336632264737,19.406057616781304,0.033236202711036,0.0022189751004545,51.37697159289221,378.6542807935041,30.07119884610073,316.9822873256768,7.390471673512076,15.383193298212715,39.44579081158216,386.37037123251446,36.85086766782786,442.53493735637903,36.85086766782786,442.5349373563792,0.9169094932224096,0.0138685943778407,1.1376688592469255,0.0380715938101593,0.1282244985196613,0.0330271918501123,0.8613787364182288,0.0013404397772926,2.795852584947719,0.958323832927472,1.3323620271103604,0.2218975100454524,0.2436171998384985,0.0005351860987423,180.0,0.0,78.0622112257842,215.62286240868127,101.9377887742158,215.6228624086813,36.15374142494883,0.035762579026044,104.09308731025666,23.09481237038434,2.482793387292534,0.1084113434981274,8.387557754843158,8.624914496347246,0.2078584071890759,0.0002987681160528,96.77080632194402,23.023184584687662,36.70877013846129,18.68476703156792,-0.235015402,0.1109487163794907,1.3323620271103604,0.2218975100454524,0.2720052372524912,0.1486223633255058,0.1282244985196613,0.0330271918501123,2.5734617997100315,0.1319246174113179,2.3014565624575405,0.1604663712220836,27.0,81.0,0.2307692307692307,1.0,3.0,2.076923076923077,6.0,6.0,0.0,0.2,27.0,243.0,0.6923076923076923,1.0,2.0,1.3076923076923077,18.0,18.0,0.0,0.6862745098039215,81.0,1.0,0.0,0.0,-0.225025765,3.4130723367684404,2.466833778489164,2.7941939641486053,-0.162262756,1.26179528926683,0.2314786071702791,0.3857976786171314,7.2,12.0,-0.193387189,0.4819944598337953,3.257151178489164,3.951587,-1.482971769,-1.379126398,8.763515512279474e-16,1.124116676276002e-15,2.730720730470978,3.4221747272643364,-0.003245316,2.470125276544612,2.730720730470981,3.422174727264339,-0.829506647,0.953493969566667,9.800594804327802e-16,1.430103121967742e-15,-6.02268995,-6.02268995,-0.562699995,-0.562699995,1.603151386824186,9.39452962261901,1.640269986486157,9.382959922695743,1.69,8.99382,16.90831,0.0,10.0,0.0,0.0,0.0,0.0,0.0,2.0,0.0,12.0,7.32,-4.285079965,-4.285099965,-2.672929978,-4.285099965,-0.0437538,9.158221224523857,0.204139998318133,9.105549924981268,2.28,7.4589,18.08,2.0,8.0,0.0,0.0,0.0,0.0,1.0,1.0,3.0,9.0,8.6,-9.787249919,-9.787269919,3.47662997135677,-9.787269919,-3.814405005,16.99279956799987,-3.66805997,16.856479861122974,3.44,13.61805,35.1211,0.0,0.0,0.0,0.0,2.0,4.0,0.0,2.0,2.0,6.0,0.802,3.951587,221.0,3.951587
mp-1016873.cif,193,Ca1 Hf1 O3,Ca,Hf,Hf,O,CaHfO3,3,0.6,1.2263562974348038e-16,5.490150746952904e-34,0.5340790570073127,0.0788132495800641,0.44215574698561,0.0117281621398904,0.5921037652545518,0.0237055477252537,2.2423606636164983e-39,5.115875197962957e-78,0.277334076674556,1.8837339199288128,0.1925710868218375,0.90822887370483,1.593699561462813,3.834285406694324e-19,36.15491674569119,0.0358539201336937,11.108716437165786,19.455613610621548,0.033126180768766,0.0022152742245516,54.55318659432518,425.23058483928185,32.90809438227275,377.364295021432,7.412025535047555,15.422405906225714,41.91657658867491,433.99910487375183,39.17694669023023,497.5626857962395,39.176946690230224,497.56268579623975,0.9171845480780852,0.0138454639034476,1.1372131334404565,0.0380080968181977,0.1315329899000557,0.03492642576878,0.8615854618489704,0.0013439921622761,2.801936986036841,0.9607710424998296,1.3312618076876563,0.2215274224551625,0.2518260665035058,0.0003567834215176,180.0,0.0,77.97094520944736,216.1734845624616,102.02905479055264,216.1734845624616,36.15491674569119,0.0358539201336937,104.063218405518,23.15378788864414,2.557258767567636,0.1146152826686867,8.405810958110523,8.646939382498466,0.2017547786219182,0.0008532712248511,95.67183214483092,83.36614177769373,25.588279132274987,324.3906055951521,-0.234237433,0.1107636758410975,1.3312618076876563,0.2215274224551625,0.2790236073242143,0.1571689159595102,0.1315329899000556,0.0349264257687799,2.650266636675707,0.1391067777688064,2.371243029351493,0.170411569774787,27.0,81.0,0.2307692307692307,1.0,3.0,2.076923076923077,6.0,6.0,0.0,0.2,27.0,243.0,0.6923076923076923,1.0,2.0,1.3076923076923077,18.0,18.0,0.0,0.6862745098039215,81.0,1.0,0.0,0.0,-0.162848072,2.205562591552736,2.538888341187555,2.8758104986459254,-0.25728408,1.534065581980815,0.2382399422708156,0.3970665704513585,7.2,12.0,-0.18769308,0.1211999999999999,3.3522903831875546,4.06701021,-0.561788812,-0.187867287,9.922647831236442e-16,1.709300165674279e-15,2.810483254318866,3.522134159310682,1.1581075654281103,3.86769991529498,2.810483254318869,3.522134159310685,-1.568295999,-1.172118593,1.1327352424634825e-15,1.486452475319318e-15,-3.942079968,-3.942079968,-0.935069992,-0.935069992,1.3744005986758032,6.388740337367709,1.3953099885043316,6.391409947342504,1.0,6.11316,11.87172,0.0,0.0,0.0,0.0,0.0,0.0,0.0,2.0,0.0,2.0,25.73333333,-5.356469956,-2.187909982,-2.187909982,-2.187909982,1.2615776897041928,6.030562050389042,1.3050599892478825,5.949019950987262,1.3,6.82507,15.0,8.0,2.0,0.0,14.0,0.0,0.0,0.0,2.0,8.0,18.0,16.2,-9.787249919,-9.787269919,3.47662997135677,-9.787269919,-3.814405005,16.99279956799987,-3.66805997,16.856479861122974,3.44,13.61805,35.1211,0.0,0.0,0.0,0.0,2.0,4.0,0.0,2.0,2.0,6.0,0.802,4.06701021,221.0,4.06701021
mp-1016853.cif,195,Ca1 V1 O3,Ca,V,V,O,CaVO3,3,0.6,9.756749086166372e-17,1.781314546371354e-34,0.535510375241726,0.0786488109208439,0.4416036039895304,0.011703692101316,0.592888750662927,0.0236560876597851,1.2334184851009752e-39,1.879947675891584e-79,0.2843316324030253,1.8798036330573649,0.1974299451808951,0.906333913922651,1.59369956146597,3.82628407760956e-19,36.153951366792526,0.0357791084233157,11.086228011499148,19.4150207530312,0.0331622234745524,0.002216489281679,48.286214884460335,334.6113548423096,27.4020768289122,263.1644809882466,7.3959519700961955,15.380830255890846,37.07663280887172,341.42020337508626,34.643850415968174,390.9722045242975,34.64385041596817,390.9722045242974,0.917094441313619,0.0138530580104942,1.1373624272160705,0.0380289439026932,0.1240156553866107,0.0309978361098407,0.8614284925945291,0.0013403716280658,2.796939558110921,0.958766456939812,1.3316222347455229,0.2216489281679082,0.2444434138409794,0.0005747189510561,180.0,0.0,78.04590662833617,215.72245281145783,101.95409337166384,215.72245281145783,36.153951366792526,0.0357791084233157,104.0877512413074,23.105479095586617,2.4066949157597435,0.1019600172612837,8.390818674332763,8.628898112458309,0.200197876030048,0.000796233814927,92.68943380807914,38.91440897175538,23.49499413544353,279.94832419953354,-0.234492286,0.1108244217033734,1.3316222347455229,0.2216489281679082,0.2630769326914994,0.1394902624942836,0.1240156553866107,0.0309978361098407,2.4943872266569107,0.1240142493373321,2.231310293965412,0.1508450614387091,27.0,81.0,0.2307692307692307,1.0,3.0,2.076923076923077,6.0,6.0,0.0,0.2,27.0,243.0,0.6923076923076923,1.0,2.0,1.3076923076923077,18.0,18.0,0.0,0.6862745098039215,81.0,1.0,0.0,0.0,-0.088517214,3.002167772804168,2.391184834378583,2.7085060572976385,0.0196763584395837,1.5960909421776202,0.2243799885404724,0.3739666475674537,7.2,12.0,-1.312556383,-1.312556383,3.157266034378582,3.830406,1.194225201955097,1.194225201955097,7.77699393985116e-16,9.178374227431952e-16,2.6469793200353227,3.3172289028083344,-0.956954746,0.559933780261928,2.646979320035324,3.3172289028083344,0.0707890440012349,1.136443364975211,9.260312677112526e-16,1.3171042345699646e-15,-3.942079968,-3.942079968,-0.935069992,-0.935069992,1.3744005986758032,6.388740337367709,1.3953099885043316,6.391409947342504,1.0,6.11316,11.87172,0.0,0.0,0.0,0.0,0.0,0.0,0.0,2.0,0.0,2.0,25.73333333,-5.049649958,-4.732499961,-4.732499961,-4.732499961,0.0159499298721872,7.479533828386128,0.1019599991599727,7.555189937754362,1.63,6.74619,14.618,7.0,3.0,0.0,0.0,0.0,0.0,0.0,2.0,7.0,5.0,12.4,-9.787249919,-9.787269919,3.47662997135677,-9.787269919,-3.814405005,16.99279956799987,-3.66805997,16.856479861122974,3.44,13.61805,35.1211,0.0,0.0,0.0,0.0,2.0,4.0,0.0,2.0,2.0,6.0,0.802,3.830406,221.0,3.830406
mp-1016852.cif,196,Ba1 Mn1 O3,Ba,Mn,Mn,O,BaMnO3,3,0.6,1.3954673673529768e-16,5.202861027120839e-33,0.5432381826404558,0.0776902128256894,0.4386225375658158,0.0115610435752513,0.5971269528327068,0.0233677593264769,1.2552563376692215e-38,3.436178601348887e-76,-0.078022419,1.3182781508902357,-0.375454139,0.7250318191931161,1.3508598772516234,0.1193994864809331,36.14873915865233,0.0353430091636351,10.96481111197668,19.17838396611305,0.0330610047749825,0.0022130704407668,52.8609743721792,412.7475491845702,31.390340581108752,357.7210276521593,7.31804393140165,15.09749507255042,40.433919952280974,420.3919000430099,37.74480167196268,477.51434814551095,37.74480167196268,477.5143481455111,0.9173474880625438,0.0138316902547927,1.136943165634794,0.037970285866158,0.1301865255506701,0.0343158858152437,0.8606508390550576,0.0013162243136865,2.7699580248837075,0.9470806896845948,1.3306100477498235,0.2213070440766829,0.2468117715201701,0.0005198190447647,180.0,0.0,78.45062962674439,213.093155179034,101.5493703732556,213.093155179034,36.14873915865233,0.0353430091636351,104.2202060596618,22.82386191008492,2.522351210693992,0.1154286213983207,8.309874074651121,8.523726207161353,0.2103129864362974,0.0001157692442578,93.00466365375172,60.613060021198834,37.12326451327634,19.45641473532564,-0.233776568,0.1106534857935862,1.3306100477498235,0.2213070440766829,0.2761673251079852,0.1544214861685985,0.1301865255506704,0.0343158858152439,2.614406985729988,0.1420111617572645,2.3382396606220026,0.1652111981261649,27.0,81.0,0.2307692307692307,1.0,3.0,2.076923076923077,6.0,6.0,0.0,0.2,27.0,243.0,0.6923076923076923,1.0,2.0,1.3076923076923077,18.0,18.0,0.0,0.6862745098039215,81.0,1.0,0.0,0.0,-1.023938868,0.0514820156120618,2.5178523837687146,2.851982972947858,-0.63602065,-0.000366212,0.236266005410429,0.3937766756840475,7.2,12.0,-0.423610772,-0.378225441,3.3245149837687125,4.033312999999998,-0.289285211,1.4997641103438966,8.048424288264267e-16,1.1965101159719953e-15,2.787196997453958,3.4929515194140226,-0.931705877,-0.545679314,2.787196997453959,3.492951519414024,-0.061393928,1.258276005996206,1.0239425449315612e-15,1.2833987505958189e-15,-3.358279972,-3.358279972,-1.334939989,-1.334939989,1.4983806876590446,5.406739955395823,1.6443999864521308,5.413399955400124,0.89,5.211664,10.00383,0.0,0.0,0.0,0.0,0.0,0.0,0.0,2.0,0.0,2.0,39.7,-4.293239965,-4.299769965,2.5982199785938063,-4.299769965,-0.789747513,7.106799981439508,-1.611869987,6.515149946323036,1.55,7.43402,15.64,5.0,5.0,0.0,0.0,0.0,0.0,0.0,2.0,5.0,7.0,9.4,-9.787249919,-9.787269919,3.47662997135677,-9.787269919,-3.814405005,16.99279956799987,-3.66805997,16.856479861122974,3.44,13.61805,35.1211,0.0,0.0,0.0,0.0,2.0,4.0,0.0,2.0,2.0,6.0,0.802,4.033313,221.0,4.033313
mp-1016851.cif,197,Hg1 Ru1 O3,Hg,Ru,Ru,O,HgRuO3,3,0.6,1.6854611363072116e-16,1.4789688928173716e-32,0.5253235999666338,0.0797299405668045,0.4455332378651748,0.0118645744891077,0.5873019637715957,0.0239812711861092,-3.42e-38,1.6862363403831631e-75,0.2345296205464043,1.9056439657017847,0.1628491671210734,0.9187926460002064,1.593699561443501,3.8788908455389295e-19,36.16082217329168,0.0362709267690007,11.246279447335542,19.681905328491183,0.0328967592005887,0.0022074791541573,51.9859456938486,375.5160361965801,30.62088946332381,315.1704845983892,7.510616855539371,15.66386283315548,40.10363094209754,383.8866111154008,37.54463365210596,443.2454960082903,37.54463365210595,443.2454960082901,0.9177581019985284,0.0137967447134834,1.136262838190058,0.0378743545541625,0.1266818890538576,0.0327355348535864,0.8625477639626528,0.0013649449764535,2.8325065438523427,0.9719459421477128,1.3289675920058857,0.2207479154157348,0.2462156550844262,0.0006476835519241,180.00000000000003,8.077935669463161e-28,77.51240184221484,218.6878369832359,102.48759815778516,218.6878369832359,36.16082217329168,0.0362709267690007,103.9131496938158,23.42309394465064,2.491357084955535,0.1057826724742415,8.497519631557028,8.747513479329415,0.208185166300112,0.0003309825752141,91.60292998725656,162.415735163919,36.2580983913181,11.31639421,-0.232615174,0.1103739190522808,1.3289675920058857,0.2207479154157348,0.2687328684105142,0.1473099068411391,0.1266818890538576,0.0327355348535864,2.58093470775904,0.1267022157169145,2.3122018393485257,0.1621501905496553,27.0,81.0,0.2307692307692307,1.0,3.0,2.076923076923077,6.0,6.0,0.0,0.2,27.0,243.0,0.6923076923076923,1.0,2.0,1.3076923076923077,18.0,18.0,0.0,0.6862745098039215,81.0,1.0,0.0,0.0,-0.909893124,0.1127234313011329,2.462304118406589,2.7890631973443165,-0.497066339,0.6909138197369553,0.2310535605311371,0.3850892675518946,7.2,12.0,-0.518226469,-0.518226469,3.251170318406589,3.944331,-0.842467116,-0.842467116,6.7710268344898745e-16,8.715754899360528e-16,2.725706514759596,3.4158908469344755,-0.823216346,-0.350366709,2.7257065147595974,3.415890846934477,0.2074478977010367,1.1787785861639208,9.100338568543051e-16,1.0759769612255849e-15,-7.208289941,-7.208289941,-0.490599996,-0.490599996,1.8041405851096344,10.829102510829378,1.8471799847814685,10.82365991082612,2.0,10.4375,18.7568,0.0,10.0,0.0,14.0,0.0,0.0,0.0,2.0,0.0,26.0,5.36,-3.59957997,-3.59957997,-2.754109977,-3.59957997,-0.327545597,8.177103232657059,0.050859999580975,8.119189933107684,2.2,7.3605,16.76,3.0,7.0,0.0,0.0,0.0,0.0,1.0,1.0,4.0,8.0,9.6,-9.787249919,-9.787269919,3.47662997135677,-9.787269919,-3.814405005,16.99279956799987,-3.66805997,16.856479861122974,3.44,13.61805,35.1211,0.0,0.0,0.0,0.0,2.0,4.0,0.0,2.0,2.0,6.0,0.802,3.944331,221.0,3.944331
mp-1016850.cif,198,Ba1 Rh1 O3,Ba,Rh,Rh,O,BaRhO3,3,0.6,8.275883251678473e-17,4.0552737101716264e-34,0.5257063398687127,0.0796930725065408,0.4453855927425374,0.0118590881706161,0.5875118718347442,0.023970181964858,1.1065200750895416e-39,2.1681670307340447e-78,0.2364007933784925,1.904762773566572,0.1641484441985591,0.9183677854973444,1.5936995614443457,3.8770876616869874e-19,36.16056402316202,0.0362541546667712,11.2402659573718,19.67280418447181,0.0333368729012243,0.00222234019529,56.065785981203874,433.27577167820687,34.271783314593115,392.6244403457469,7.493404451211147,15.731125535700093,43.254648919963,443.17247152597946,40.46025859893652,513.1410470349375,40.46025859893648,513.1410470349357,0.9166578177469394,0.0138896262205626,1.1380858488279513,0.0381293297098024,0.1332628275308273,0.0355123056829253,0.862404162580007,0.0013698910705861,2.831170212749289,0.9714965029368796,1.33336872901224,0.2222340195290036,0.246986987518182,0.0006467061377934,180.0,0.0,77.53244680876065,218.58671316079804,102.46755319123936,218.58671316079804,36.16056402316202,0.0362541546667712,103.9197098646853,23.41226283110693,2.588101361297088,0.1128394781065498,8.493510638247866,8.743468526431917,0.210446054115016,0.0003728682222492,96.51305641087616,25.29546839313067,37.6863314103324,20.622730068789075,-0.235727252,0.1111169749742217,1.33336872901224,0.2222340195290036,0.2826931470814244,0.1598053755731643,0.1332628275308273,0.0355123056829253,2.6823324103242294,0.1352039820341155,2.3996392632428054,0.1746473873001952,27.0,81.0,0.2307692307692307,1.0,3.0,2.076923076923077,6.0,6.0,0.0,0.2,27.0,243.0,0.6923076923076923,1.0,2.0,1.3076923076923077,18.0,18.0,0.0,0.6862745098039215,81.0,1.0,0.0,0.0,-0.792299762,0.5296235719927118,2.556021137457899,2.895216895763165,-0.276770527,0.6085913566204522,0.2398476208473673,0.3997460347456115,7.2,12.0,-1.090334281,-1.090334281,3.3749121374578976,4.094454999999999,1.279016863554573,1.279016863554573,8.410798670569939e-16,9.91786960816663e-16,2.8294488134717906,3.5459020446522107,-1.185803364,-1.117850345,2.8294488134717914,3.545902044652214,0.4344363928085991,1.2762809960445092,1.244264589713804e-15,1.6068785302786977e-15,-3.358279972,-3.358279972,-1.334939989,-1.334939989,1.4983806876590446,5.406739955395823,1.6443999864521308,5.413399955400124,0.89,5.211664,10.00383,0.0,0.0,0.0,0.0,0.0,0.0,0.0,2.0,0.0,2.0,39.7,-4.285079965,-4.285099965,-2.672929978,-4.285099965,-0.0437538,9.158221224523857,0.204139998318133,9.105549924981268,2.28,7.4589,18.08,2.0,8.0,0.0,0.0,0.0,0.0,1.0,1.0,3.0,9.0,8.6,-9.787249919,-9.787269919,3.47662997135677,-9.787269919,-3.814405005,16.99279956799987,-3.66805997,16.856479861122974,3.44,13.61805,35.1211,0.0,0.0,0.0,0.0,2.0,4.0,0.0,2.0,2.0,6.0,0.802,4.094455,221.0,4.094455
mp-1016849.cif,199,Cd1 Ru1 O3,Cd,Ru,Ru,O,CdRuO3,3,0.6,1.1754234221168941e-16,7.40523826089157e-34,0.51857264394453,0.080332078412628,0.4481374756893183,0.0119541783352124,0.58359950135442,0.0241623829600483,-2.6e-39,1.9297810279352683e-77,0.2015249470577864,1.920035803250601,0.1399318742989947,0.9257315678241548,1.5936995614286111,3.908178204192504e-19,36.16537545456653,0.0365448660686107,11.352348362711345,19.83054735671732,0.0323760599488371,0.002189396737073,52.019696965257005,370.2526554692113,30.670921264419786,308.9926635434139,7.596950443342449,15.77298812774907,40.24197860586613,378.80126874766063,37.74401407093323,438.6967551794016,37.74401407093323,438.6967551794016,0.919059850127907,0.0136837296067062,1.134106031270128,0.0375641093250926,0.1241675728216628,0.0322027424751861,0.8633709189079165,0.0013750390543828,2.856077413935854,0.9792862892206086,1.3237605994883714,0.2189396737073017,0.2464232303488394,0.0006350908380691,180.0,0.0,77.15883879096219,220.33941507463743,102.84116120903784,220.33941507463743,36.16537545456653,0.0365448660686107,103.7974381018395,23.599990057304456,2.487946829916876,0.1041485388234536,8.568232241807562,8.813576602985478,0.2084094841268934,0.0003181719557452,84.65153606773356,75.33740623636889,34.60755622688734,12.95845892302645,-0.228933275,0.1094697980411374,1.3237605994883714,0.2189396737073017,0.2633991982370176,0.1449123411383379,0.1241675728216628,0.0322027424751861,2.575746562662548,0.1235053633533801,2.312347364425531,0.1620431171891595,27.0,81.0,0.2307692307692307,1.0,3.0,2.076923076923077,6.0,6.0,0.0,0.2,27.0,243.0,0.6923076923076923,1.0,2.0,1.3076923076923077,18.0,18.0,0.0,0.6862745098039215,81.0,1.0,0.0,0.0,-0.482553385,1.7209831681450265,2.4522484727877782,2.777673121312964,0.0006016094673497,1.5623568950189182,0.2301099757374078,0.3835166262290123,7.2,12.0,0.0,0.0,3.2378930727877773,3.928223,0.0,0.0,5.956680339687141e-16,6.729521481784483e-16,2.714575177014425,3.4019409097303166,-0.598669541,0.6410124399851531,2.714575177014426,3.401940909730317,0.2259309347292993,1.2666869124735307,9.435679262437848e-16,1.109400332385743e-15,-6.02268995,-6.02268995,-0.562699995,-0.562699995,1.603151386824186,9.39452962261901,1.640269986486157,9.382959922695743,1.69,8.99382,16.90831,0.0,10.0,0.0,0.0,0.0,0.0,0.0,2.0,0.0,12.0,7.32,-3.59957997,-3.59957997,-2.754109977,-3.59957997,-0.327545597,8.177103232657059,0.050859999580975,8.119189933107684,2.2,7.3605,16.76,3.0,7.0,0.0,0.0,0.0,0.0,1.0,1.0,4.0,8.0,9.6,-9.787249919,-9.787269919,3.47662997135677,-9.787269919,-3.814405005,16.99279956799987,-3.66805997,16.856479861122974,3.44,13.61805,35.1211,0.0,0.0,0.0,0.0,2.0,4.0,0.0,2.0,2.0,6.0,0.802,3.928223,221.0,3.928223
mp-1016903.cif,202,Cd1 Ge1 O3,Cd,Ge,Ge,O,CdGeO3,3,0.6,6.848099592700677e-17,5.33060273570345e-35,0.5325300364927623,0.0789865939967003,0.4427532946219977,0.0117539574399851,0.5912542277638944,0.02375768647557,3.812348054142146e-40,1.379338380943436e-80,0.2697610875834537,1.8878770653921424,0.1873126676285968,0.9102264617388642,1.5936995614593965,3.842720009005801e-19,36.15596154602039,0.0359327456168785,11.13305416434624,19.498404918042606,0.0330295219463676,0.0022120028746311,47.28821163238814,318.363883502329,26.56227959231753,244.5489998475968,7.431150451173133,15.45668201866498,36.35915504172922,324.9977526074223,33.99635010624049,372.91590464702665,33.996350106240484,372.91590464702654,0.9174261951340807,0.0138250179664448,1.1368127594888526,0.0379519693270163,0.1219742450050284,0.0301659764938635,0.8617689498293835,0.0013470931524876,2.8073453698547204,0.9628841934835856,1.3302952194636757,0.2212002874631179,0.2505830257294852,0.0003568488386134,180.0,0.0,77.88981945217918,216.6489435338068,102.11018054782082,216.6489435338068,36.15596154602039,0.0359327456168785,104.03666816868386,23.204713474334163,2.379971468507632,0.0989609588934384,8.42203610956416,8.665957741352269,0.2074660051275964,0.0003106391553087,92.12797794399016,166.61446345618884,36.057073829308464,10.33830116530374,-0.233553943,0.1106000998089618,1.3302952194636757,0.2212002874631179,0.2587464473194954,0.135746894222386,0.1219742450050284,0.0301659764938635,2.466220284280797,0.1198271747256225,2.2074738369613014,0.1477264567106609,27.0,81.0,0.2307692307692307,1.0,3.0,2.076923076923077,6.0,6.0,0.0,0.2,27.0,243.0,0.6923076923076923,1.0,2.0,1.3076923076923077,18.0,18.0,0.0,0.6862745098039215,81.0,1.0,0.0,0.0,-0.913878335,0.5891115311909259,2.3612725972621824,2.6746243287703044,-0.544823185,0.0467006244786158,0.2215731342459395,0.3692885570765654,7.2,12.0,-1.220717127,-1.164,3.117770597262181,3.782489999999999,1.162796994327304,1.2414982553550329,6.550737329527683e-16,9.08505499942454e-16,2.6138672527769664,3.275732429560599,-0.38438624,0.0517977928088289,2.613867252776968,3.2757324295606014,-0.395097566,1.2613532630032154,8.205175304683201e-16,1.1537776118301384e-15,-6.02268995,-6.02268995,-0.562699995,-0.562699995,1.603151386824186,9.39452962261901,1.640269986486157,9.382959922695743,1.69,8.99382,16.90831,0.0,10.0,0.0,0.0,0.0,0.0,0.0,2.0,0.0,12.0,7.32,-12.6643599,-3.782329969,-3.782329969,-3.782329969,-0.612054095,7.280624070018371,-0.579449995,7.220969940507932,2.01,7.89943,15.93461,0.0,10.0,0.0,0.0,4.0,2.0,0.0,2.0,4.0,14.0,5.84,-9.787249919,-9.787269919,3.47662997135677,-9.787269919,-3.814405005,16.99279956799987,-3.66805997,16.856479861122974,3.44,13.61805,35.1211,0.0,0.0,0.0,0.0,2.0,4.0,0.0,2.0,2.0,6.0,0.802,3.78249,221.0,3.78249
mp-1075904.cif,203,Eu1 Fe1 O3,Eu,Fe,Fe,O,EuFeO3,3,0.6,1.24007541175639e-16,5.582802893488027e-33,0.5376996847268811,0.0783893628810341,0.4407590595203725,0.0116650837620586,0.5940894452107528,0.023578050554061,1.0341468833847131e-38,1.9403657595827947e-76,-0.110897065,1.302848396342631,-0.402936142,0.7024909030989193,1.3473413746120593,0.1202626529410225,36.15247473772165,0.0356610573652721,11.051830263720609,19.350974151203864,0.0335400254611266,0.0022290692381796,49.05999189132572,345.38481282390603,28.046536173108034,276.6496613636264,7.36168607864661,15.371734369603825,37.63993679530003,352.417138227284,35.13443417060773,403.7375035930326,35.13443417060773,403.7375035930327,0.9161499363471836,0.0139316827386227,1.1389273342833757,0.03824478183343,0.1265704094231911,0.0317439636000484,0.8611122194839624,0.0013389086103969,2.789295614160135,0.9556036617878452,1.3354002546112649,0.2229069238179635,0.2412641250133266,0.0005824277348819,180.0,0.0,78.16056578759797,215.0108239022652,101.83943421240204,215.0108239022652,36.15247473772165,0.0356610573652721,104.12527606573086,23.029258615363624,2.427562137827413,0.1034855414495833,8.367886842480404,8.600432956090607,0.2027505693122318,0.0002761685791084,84.1467079030967,34.393645030425176,36.58541150219125,18.72281389131471,-0.23716375,0.111453420431054,1.3354002546112649,0.2229069238179635,0.2684963844020892,0.1428478362002186,0.1265704094231911,0.0317439636000484,2.5170609326281097,0.1262955388237488,2.2485645482260206,0.1530974375013982,27.0,81.0,0.2307692307692307,1.0,3.0,2.076923076923077,6.0,6.0,0.0,0.2,27.0,243.0,0.6923076923076923,1.0,2.0,1.3076923076923077,18.0,18.0,0.0,0.6862745098039215,81.0,1.0,0.0,0.0,-0.859734296,0.2158278831342643,2.4129541709827054,2.7331642849711755,-0.266439465,1.225223010920256,0.2264227430057651,0.3773712383429413,7.2,12.0,-0.842855394,-0.35403789,3.1860097709827047,3.865278,0.626296683387926,1.3442964766452332,8.55711460116987e-16,1.124116676276002e-15,2.671077408553425,3.347428940689105,-1.309108746,-1.101459868,2.671077408553426,3.347428940689105,0.845016421864869,1.1666366192926036,9.34066960606786e-16,1.3267737190136854e-15,-2.358419981,-2.358419981,-2.358419981,-2.358419981,-7.773939136,-3.007723375,2.1781999820542635,6.07905994991589,1.2,5.67038,11.25,0.0,0.0,7.0,7.0,0.0,0.0,0.0,2.0,7.0,9.0,27.7,-3.822639969,-3.822659969,-3.763499969,-3.822659969,-1.013363032,7.161906671003653,-1.395739989,6.599079945631553,1.83,7.9024,16.1877,4.0,6.0,0.0,0.0,0.0,0.0,0.0,2.0,4.0,8.0,8.4,-9.787249919,-9.787269919,3.47662997135677,-9.787269919,-3.814405005,16.99279956799987,-3.66805997,16.856479861122974,3.44,13.61805,35.1211,0.0,0.0,0.0,0.0,2.0,4.0,0.0,2.0,2.0,6.0,0.802,3.865278,221.0,3.865278
mp-1075902.cif,204,Eu1 Cu1 O3,Eu,Cu,Cu,O,EuCuO3,3,0.6,1.216507153032177e-16,1.0603042958100289e-33,0.5398945377329598,0.0781196353041303,0.4399123765915916,0.0116249457297812,0.5952931800209966,0.0234969215563204,-8.57e-41,1.9948493862290438e-77,-0.093578354,1.3168662052172904,-0.385620705,0.7174510489944336,1.3513397937880458,0.119279833433766,36.1509943288987,0.0355383690107438,11.017345417870352,19.284389972219603,0.0329956673356083,0.0022108526706387,47.81073170992841,334.29159011108953,27.00493685034166,261.25231071547347,7.355026925178651,15.202893763727044,36.62965255496986,340.6979825192038,34.21473618488382,388.0597173411377,34.21473618488382,388.05971734113774,0.9175108316609788,0.0138178291914918,1.1366725290995991,0.0379322349464046,0.1232487620759888,0.0308468698815312,0.8610130760086756,0.0013254180601706,2.7816323150823,0.9523155541836842,1.329956673356083,0.2210852670638702,0.2409649559641677,0.000585274695816,179.99999999999997,8.07793566946316e-28,78.27551527376548,214.27099969132905,101.72448472623452,214.27099969132905,36.1509943288987,0.0355383690107438,104.16289588394166,22.950017734528515,2.396941337727976,0.1032219748886856,8.3448969452469,8.570839987653157,0.1958070740524228,0.0007106063309116,87.97305870461774,9.29711377293747,26.46296646779783,349.6987672272969,-0.233314556,0.1105425911107563,1.329956673356083,0.2210852670638702,0.2614501063103374,0.1388109144668904,0.1232487620759888,0.0308468698815311,2.484091373164756,0.126362990082107,2.222641266854417,0.1494805541464365,27.0,81.0,0.2307692307692307,1.0,3.0,2.076923076923077,6.0,6.0,0.0,0.2,27.0,243.0,0.6923076923076923,1.0,2.0,1.3076923076923077,18.0,18.0,0.0,0.6862745098039215,81.0,1.0,0.0,0.0,-0.904232708,0.2423967852413486,2.3883937497273724,2.7053445828789537,-0.363024473,0.3832469374326497,0.2241180834242096,0.3735301390403487,7.2,12.0,-1.161212968,-1.049698664,3.153580749727372,3.825935,-1.289974993,-1.260744236,6.339249120822976e-16,8.840569198756811e-16,2.6438896620356536,3.313356903228013,-0.720203591,-0.490986036,2.643889662035656,3.313356903228016,-1.414658352,-1.356879283,1.1308633171036189e-15,1.3938921021688832e-15,-2.358419981,-2.358419981,-2.358419981,-2.358419981,-7.773939136,-3.007723375,2.1781999820542635,6.07905994991589,1.2,5.67038,11.25,0.0,0.0,7.0,7.0,0.0,0.0,0.0,2.0,7.0,9.0,27.7,-4.473869963,-4.473869963,-4.473869963,-4.473869963,-1.377390789,7.885906405023617,-1.356039989,7.832129935472711,1.9,7.72638,20.2924,0.0,10.0,0.0,0.0,0.0,0.0,1.0,1.0,1.0,11.0,6.15,-9.787249919,-9.787269919,3.47662997135677,-9.787269919,-3.814405005,16.99279956799987,-3.66805997,16.856479861122974,3.44,13.61805,35.1211,0.0,0.0,0.0,0.0,2.0,4.0,0.0,2.0,2.0,6.0,0.802,3.825935,221.0,3.825935
mp-1069346.cif,205,Pr1 V1 O3,Pr,V,V,O,PrVO3,3,0.6,1.2617002439099207e-16,6.178644470349103e-33,0.5330124881285512,0.0789331194168937,0.4425671848630054,0.0117459999132282,0.5915188212590622,0.0237416023246126,-1.02e-38,1.6848407811135188e-76,-0.119776173,1.323119991170047,-0.397831565,0.7093607218267336,1.3558598012526184,0.1181303031047875,36.15563610560631,0.0359084303235028,11.125474034722844,19.485204336056057,0.0323802984376294,0.0021895461168529,51.05254461812824,376.81047977988095,29.82697021456085,312.32145890633484,7.445573736686351,15.326439570080666,39.228653121384646,384.29523026261575,36.72058073681338,438.79442743292105,36.72058073681338,438.7944274329208,0.9190492539059268,0.0136846632303311,1.1341235876655449,0.0375666722769283,0.1244266809851371,0.0323310222107529,0.8618721780590879,0.0013371491195351,2.805660896605076,0.9622323128916572,1.3238029843762926,0.2189546116852989,0.2531195743780584,0.0002355620896094,180.0,0.0,77.91508655092383,216.5022704006231,102.08491344907615,216.5022704006231,36.15563610560631,0.0359084303235028,104.0449373826027,23.18900354490285,2.472286693349817,0.1089433371151238,8.416982689815228,8.660090816024914,0.2134159098904922,0.0002294261360233,90.8091853555954,15.360918420385303,27.604630400889693,366.4742031002023,-0.228963246,0.1094772672543203,1.3238029843762926,0.2189546116852989,0.2639488496553777,0.1454895999483887,0.1244266809851371,0.0323310222107529,2.5602696432349434,0.1319892704062562,2.2963207935795658,0.1598445371651187,27.0,81.0,0.2307692307692307,1.0,3.0,2.076923076923077,6.0,6.0,0.0,0.2,27.0,243.0,0.6923076923076923,1.0,2.0,1.3076923076923077,18.0,18.0,0.0,0.6862745098039215,81.0,1.0,0.0,0.0,-0.686143044,0.6373356540586701,2.457044069363623,2.783105115606038,0.0949851869449793,1.35408573363693,0.2305599768787926,0.3842666281313205,7.2,12.0,-1.049698664,-1.049698664,3.2442250693636225,3.935905,-1.31920575,-1.31920575,6.04079806776616e-16,8.840569198756811e-16,2.719883777496074,3.408593716882188,-0.304733053,0.7670088036025797,2.719883777496076,3.4085937168821907,-0.285258434,1.1622344693432285,8.198344980211213e-16,1.070873484416736e-15,-3.552829971,-1.857289985,-1.857289985,-1.857289985,-2.664784778,2.129404682427247,0.600049995056313,6.411329947178387,1.13,5.473,10.55,0.0,0.0,11.0,3.0,0.0,0.0,0.0,2.0,11.0,5.0,28.2,-5.049649958,-4.732499961,-4.732499961,-4.732499961,0.0159499298721872,7.479533828386128,0.1019599991599727,7.555189937754362,1.63,6.74619,14.618,7.0,3.0,0.0,0.0,0.0,0.0,0.0,2.0,7.0,5.0,12.4,-9.787249919,-9.787269919,3.47662997135677,-9.787269919,-3.814405005,16.99279956799987,-3.66805997,16.856479861122974,3.44,13.61805,35.1211,0.0,0.0,0.0,0.0,2.0,4.0,0.0,2.0,2.0,6.0,0.802,3.935905,221.0,3.935905
mp-1040472.cif,206,K1 W1 O3,K,W,W,O,KWO3,3,0.6,1.5023788089000196e-16,7.409881846848784e-33,0.5407336770010391,0.0780139667379907,0.4395886715912181,0.0116092212407724,0.5957533935955878,0.0234651384329113,1.918848093426968e-38,7.488427000107203e-76,-0.088428575,1.3194689200790708,-0.381203959,0.7210455198095084,1.3519754075507735,0.1191206528331073,36.15042827874107,0.0354902777428509,11.004161123420351,19.25830493189258,0.0329091327576632,0.0022079022569048,52.62292934705114,406.8581282426167,31.18699795243547,350.189932438096,7.348833432883683,15.159114812206274,40.29764327,414.536494539074,37.642289908462274,471.5170103129082,37.642289908462246,471.51701031290713,0.9177271681058424,0.013799389105655,1.1363140911416068,0.0378816138496533,0.1290691470946189,0.03396188980541,0.8609464673666474,0.0013218156224897,2.778702471871189,0.951027404044078,1.329091327576628,0.2207902256904805,0.2467836192650296,0.0005751399680322,180.0,0.0,78.31946292193214,213.9811659099176,101.68053707806784,213.9811659099176,36.15042827874107,0.0354902777428509,104.17727871946896,22.91897460351225,2.515037811943376,0.1142409170943869,8.336107415613567,8.559246636396704,0.2039893999095768,0.0002547584717599,96.83788164463763,77.21428561260629,25.584100075597345,321.08753532216474,-0.232702671,0.1103950762468711,1.329091327576628,0.2207902256904805,0.2737970074577076,0.1528285041243454,0.1290691470946189,0.03396188980541,2.606303481095945,0.1400179049399003,2.332506473638237,0.1645726108195901,27.0,81.0,0.2307692307692307,1.0,3.0,2.076923076923077,6.0,6.0,0.0,0.2,27.0,243.0,0.6923076923076923,1.0,2.0,1.3076923076923077,18.0,18.0,0.0,0.6862745098039215,81.0,1.0,0.0,0.0,0.3151572452738059,5.819848019069923,2.507761779362055,2.840553298936758,-0.561220627,0.0523773338732529,0.2353191402126486,0.3921985670210804,7.2,12.0,-0.325249234,-0.132963989,3.311191579362054,4.017148999999999,-0.848621296,-0.700837456,8.692636200232147e-16,1.290493325102167e-15,2.7760269612413344,3.478953084787251,0.5190186426161063,3.440314052235218,2.776026961241336,3.4789530847872534,-0.866158228,1.2206174195468389,9.600516524743514e-16,1.065745569151211e-15,-2.227309982,-2.227309982,-2.227309982,-2.227309982,-0.347925887,4.162399025703636,-0.349729997,4.147669965828211,0.8200000000000001,4.3406633,31.63,0.0,0.0,0.0,0.0,0.0,0.0,1.0,1.0,1.0,1.0,43.23,-6.06602995,-4.355829964,-4.355829964,-4.355829964,-0.368762497,8.697226028512699,-0.333519997,8.635419928854573,2.36,7.86403,16.1,6.0,4.0,0.0,14.0,0.0,0.0,0.0,2.0,6.0,20.0,11.1,-9.787249919,-9.787269919,3.47662997135677,-9.787269919,-3.814405005,16.99279956799987,-3.66805997,16.856479861122974,3.44,13.61805,35.1211,0.0,0.0,0.0,0.0,2.0,4.0,0.0,2.0,2.0,6.0,0.802,4.017149,221.0,4.017149
mp-1040471.cif,207,Na1 Mo1 O3,Na,Mo,Mo,O,NaMoO3,3,0.6,1.2337123289533116e-16,5.6015746574414146e-33,0.5371413939732013,0.0784564347089202,0.4409744248542366,0.0116750646888274,0.5937832588681684,0.0235982245022924,1.022796631616785e-38,1.945191969641775e-76,-0.111169929,1.3066941496165472,-0.401153177,0.7044115058634306,1.3488322473848244,0.1198999318334641,36.15285130471255,0.0356915751995495,11.06060195390986,19.367531311002026,0.033337053067813,0.0022223461995351,51.216122327056745,377.26277542627867,29.92525983196688,315.2255613251056,7.373623043905523,15.35590232499432,39.29975493891064,384.8896323309617,36.70052007571449,440.5715679225015,36.700520075714486,440.5715679225015,0.9166573673304678,0.0138896637470944,1.1380865951023973,0.0381294327263618,0.1285255363473613,0.0330320974997902,0.8612180448884001,0.0013379198369062,2.791244878646636,0.956421299308742,1.333370530678128,0.2222346199535113,0.241287989934363,0.0005837401225721,180.0,0.0,78.13132682030046,215.19479234446683,101.86867317969956,215.19479234446683,36.15285130471255,0.0356915751995495,104.11570695425333,23.048962943251222,2.479759507460143,0.1083721045971041,8.373734635939908,8.60779169377868,0.2001371471174,0.0001844205672592,95.98042511702673,32.415498155309805,35.71779499215725,19.64964757286838,-0.235728522,0.1111172711952245,1.333370530678128,0.2222346199535113,0.2726438349205723,0.1486444387490567,0.1285255363473613,0.0330320974997902,2.570640785767001,0.1321419915131521,2.2979969508464286,0.1599286232643798,27.0,81.0,0.2307692307692307,1.0,3.0,2.076923076923077,6.0,6.0,0.0,0.2,27.0,243.0,0.6923076923076923,1.0,2.0,1.3076923076923077,18.0,18.0,0.0,0.6862745098039215,81.0,1.0,0.0,0.0,-0.550430219,0.9067913699649268,2.465145144183298,2.792281240305496,-0.431299122,0.4962241161280408,0.2313201519389011,0.3855335865648346,7.2,12.0,-0.784442862,-0.784442862,3.254921544183297,3.948882,1.2664986197135413,1.2664986197135413,5.6560479952490525e-16,8.79916115285509e-16,2.728851456284197,3.4198321285470983,-0.303509567,0.5714080820395133,2.728851456284199,3.4198321285471014,-1.315264349,-0.731735412,9.521031471693417e-16,1.4876804412249944e-15,-2.665759978,-2.665759978,-2.665759978,-2.665759978,-0.496947569,4.962073789117701,-0.490429996,4.9517099592038925,0.93,5.139076,47.2864,0.0,0.0,0.0,0.0,0.0,0.0,1.0,1.0,1.0,1.0,24.11,-4.383179964,-4.383179964,-4.365489964,-4.383179964,-1.305812289,6.741639444492492,-1.383299989,6.258549948437109,2.16,7.09243,16.16,5.0,5.0,0.0,0.0,0.0,0.0,1.0,1.0,6.0,6.0,12.8,-9.787249919,-9.787269919,3.47662997135677,-9.787269919,-3.814405005,16.99279956799987,-3.66805997,16.856479861122974,3.44,13.61805,35.1211,0.0,0.0,0.0,0.0,2.0,4.0,0.0,2.0,2.0,6.0,0.802,3.948882,221.0,3.948882
mp-1040469.cif,208,K1 Mo1 O3,K,Mo,Mo,O,KMoO3,3,0.6,9.73974833504146e-17,1.4015217193032365e-33,0.5372195843994212,0.078447078621685,0.4409442622424848,0.0116736724139412,0.5938261412560131,0.0235954103666787,2.486788166166913e-39,8.956464359519178e-78,-0.107990396,1.3118391143102066,-0.396699423,0.7085194214589442,1.3505298963124122,0.1194814902407232,36.152798545861096,0.0356873090823612,11.05937345032092,19.365221694038823,0.0331059294791244,0.0022145903812356,52.63019699719892,400.4157166775268,31.184493342651344,343.7230853899307,7.37973774917355,15.313351197910366,40.37740773282461,408.3815713042256,37.7225467056401,466.6953631254528,37.7225467056401,466.69536312545296,0.9172351763021892,0.013841189882723,1.137129249852206,0.0379963639218037,0.1294424870954598,0.0338559914049115,0.8612644986868481,0.0013346950081682,2.7909718778490933,0.9563072441500656,1.331059294791243,0.2214590381235678,0.2461092915128807,0.0005157011081694,180.0,0.0,78.1354218322636,215.1691299337648,101.8645781677364,215.1691299337648,36.152798545861096,0.0356873090823612,104.11704713063423,23.04621441921923,2.513495395750022,0.1120875676725384,8.37291563354728,8.60676519735059,0.2116319426097249,0.0001452405232585,96.40726920951806,26.947286945344008,37.57865546302455,20.33968887325708,-0.234094233,0.1107294820124755,1.331059294791243,0.2214590381235678,0.2745889811965559,0.1523519613221023,0.1294424870954598,0.0338559914049115,2.605025056148874,0.1366793157001098,2.330436074952318,0.1644720458321309,27.0,81.0,0.2307692307692307,1.0,3.0,2.076923076923077,6.0,6.0,0.0,0.2,27.0,243.0,0.6923076923076923,1.0,2.0,1.3076923076923077,18.0,18.0,0.0,0.6862745098039215,81.0,1.0,0.0,0.0,-0.26751548,2.091695501730104,2.5000652276589053,2.831835379431509,-0.251275611,0.7691244285065612,0.2345969241136984,0.3909948735228301,7.2,12.0,-1.004876136,-0.527942925,3.301029227658904,4.004819999999999,0.306894938390499,1.0689578836294429,8.823855084091222e-16,1.4999048081155252e-15,2.767507079005165,3.468275857583992,-1.258748832,-1.156953446,2.7675070790051666,3.4682758575839934,1.177759188283344,1.2696204461750988,1.003548066419427e-15,1.3978167240200666e-15,-2.227309982,-2.227309982,-2.227309982,-2.227309982,-0.347925887,4.162399025703636,-0.349729997,4.147669965828211,0.8200000000000001,4.3406633,31.63,0.0,0.0,0.0,0.0,0.0,0.0,1.0,1.0,1.0,1.0,43.23,-4.383179964,-4.383179964,-4.365489964,-4.383179964,-1.305812289,6.741639444492492,-1.383299989,6.258549948437109,2.16,7.09243,16.16,5.0,5.0,0.0,0.0,0.0,0.0,1.0,1.0,6.0,6.0,12.8,-9.787249919,-9.787269919,3.47662997135677,-9.787269919,-3.814405005,16.99279956799987,-3.66805997,16.856479861122974,3.44,13.61805,35.1211,0.0,0.0,0.0,0.0,2.0,4.0,0.0,2.0,2.0,6.0,0.802,4.00482,221.0,4.00482
mp-1017591.cif,209,Ba1 Ru1 O3,Ba,Ru,Ru,O,BaRuO3,3,0.6,8.230677186676597e-17,3.6897247071147353e-34,0.5214600742673785,0.0800856955758008,0.4470236252603241,0.0119175142225894,0.5851830699952995,0.0240882756224089,8.201090356082101e-40,1.3058043401137854e-78,0.2156412729107068,1.91414694941584,0.1497337580611475,0.9228922989501528,1.5936995614349796,3.896190240440664e-19,36.16342804128388,0.0364327676506994,11.306981958076948,19.76972599356914,0.0324617965050301,0.002192411418169,55.43462110052285,424.55311499899415,33.73825104153221,378.4923533014981,7.564134076900397,15.702974107239433,42.82934540512044,434.1263807467756,40.1490726403225,501.6197401211004,40.1490726403225,501.6197401211005,0.9188455087374248,0.0137025713635563,1.1344611637137898,0.0376158330754541,0.1287890180955894,0.0345091782314028,0.8630511859345384,0.0013689955192459,2.8459959906837664,0.9762827651145256,1.3246179650503,0.2192411418169022,0.247470626104156,0.000641912625027,180.0,0.0,77.31006013974348,219.6636221507684,102.6899398602565,219.6636221507684,36.16342804128388,0.0364327676506994,103.84692877300697,23.527607793999607,2.569969872228763,0.1122162466867407,8.537987972051297,8.786544886030729,0.2088207283719378,0.0003353896027621,99.91389670977844,40.537525797374215,35.999246104514924,11.646859479788713,-0.229539528,0.1096205358006917,1.3246179650503,0.2192411418169022,0.2732027641132448,0.155291302041313,0.1287890180955894,0.0345091782314028,2.661037460266511,0.1336489427883738,2.3878346961532664,0.1728783891776835,27.0,81.0,0.2307692307692307,1.0,3.0,2.076923076923077,6.0,6.0,0.0,0.2,27.0,243.0,0.6923076923076923,1.0,2.0,1.3076923076923077,18.0,18.0,0.0,0.6862745098039215,81.0,1.0,0.0,0.0,-0.797725249,0.502496138958906,2.5368019195744647,2.873447199290774,-0.269609095,0.6443985181859685,0.2380441601418453,0.3967402669030748,7.2,12.0,0.2372448979591839,0.2372448979591839,3.349535519574464,4.063667999999999,-0.983683856,-0.983683856,6.297446260335415e-16,8.881784197001252e-16,2.808173639945556,3.5192397205458987,-1.227282381,-1.044708993,2.808173639945557,3.5192397205459005,0.0528297778954395,1.218182916339105,1.0445795258023853e-15,1.5096130312009805e-15,-3.358279972,-3.358279972,-1.334939989,-1.334939989,1.4983806876590446,5.406739955395823,1.6443999864521308,5.413399955400124,0.89,5.211664,10.00383,0.0,0.0,0.0,0.0,0.0,0.0,0.0,2.0,0.0,2.0,39.7,-3.59957997,-3.59957997,-2.754109977,-3.59957997,-0.327545597,8.177103232657059,0.050859999580975,8.119189933107684,2.2,7.3605,16.76,3.0,7.0,0.0,0.0,0.0,0.0,1.0,1.0,4.0,8.0,9.6,-9.787249919,-9.787269919,3.47662997135677,-9.787269919,-3.814405005,16.99279956799987,-3.66805997,16.856479861122974,3.44,13.61805,35.1211,0.0,0.0,0.0,0.0,2.0,4.0,0.0,2.0,2.0,6.0,0.802,4.063668,221.0,4.063668
mp-1017467.cif,210,Ca1 Mn1 O3,Ca,Mn,Mn,O,CaMnO3,3,0.6,7.109210648829938e-17,3.982254472319093e-34,0.540428803342976,0.0780525208201104,0.439706279158104,0.0116149584553735,0.595586190127328,0.0234767347779238,-3.2699999999999998e-40,9.509088401837154e-79,-0.093050312,1.3136509567834465,-0.386927287,0.7160285757296802,1.3500750705322384,0.1195941623346279,36.150633988992176,0.0355078425194543,11.00895120324483,19.26782228245013,0.0331678509791945,0.0022166787593413,47.194186446823664,325.1692327967565,26.47693784526603,251.01580226973152,7.344265272787389,15.213862277484653,36.15181816969134,331.434271220116,33.7549360314273,377.74466661462,33.75493603142729,377.7446666146201,0.917080372552014,0.0138542422458836,1.137385737103521,0.0380321948254251,0.1231076571023238,0.0305378336634946,0.8609170112015974,0.001326040659141,2.7797669340544067,0.9514973966642036,1.3316785097919437,0.2216678759341391,0.243834964946089,0.0005330103225519,180.0,0.0,78.3034959891839,214.08691424944595,101.69650401081611,214.086914249446,36.150633988992176,0.0355078425194543,104.17205321394528,22.930300753590224,2.381937618629711,0.1016524800168546,8.33930080216322,8.563476569977835,0.2026046823303058,0.0002695901979666,92.66787876030064,61.33732575551477,36.65512384743791,18.93614740368789,-0.234532078,0.1108338946160387,1.3316785097919437,0.2216678759341391,0.2611507774591252,0.1374202514857267,0.1231076571023239,0.0305378336634946,2.468987877782754,0.1245518437001131,2.207837100323629,0.1474672536408224,27.0,81.0,0.2307692307692307,1.0,3.0,2.076923076923077,6.0,6.0,0.0,0.2,27.0,243.0,0.6923076923076923,1.0,2.0,1.3076923076923077,18.0,18.0,0.0,0.6862745098039215,81.0,1.0,0.0,0.0,-1.02879612,-0.268584928,2.373274698247238,2.6882191637453974,-0.808707631,-0.568521789,0.2226993672509209,0.3711656120848677,7.2,12.0,0.0,0.0,3.133617898247237,3.801715999999999,0.0,0.0,4.401627301561464e-16,5.796518881906825e-16,2.627153265906384,3.2923826339737583,1.1024972984700467,4.106691749529697,2.6271532659063848,3.292382633973761,0.477494330865287,1.800791489571304,7.772441302157419e-16,9.574369895389354e-16,-3.942079968,-3.942079968,-0.935069992,-0.935069992,1.3744005986758032,6.388740337367709,1.3953099885043316,6.391409947342504,1.0,6.11316,11.87172,0.0,0.0,0.0,0.0,0.0,0.0,0.0,2.0,0.0,2.0,25.73333333,-4.293239965,-4.299769965,2.5982199785938063,-4.299769965,-0.789747513,7.106799981439508,-1.611869987,6.515149946323036,1.55,7.43402,15.64,5.0,5.0,0.0,0.0,0.0,0.0,0.0,2.0,5.0,7.0,9.4,-9.787249919,-9.787269919,3.47662997135677,-9.787269919,-3.814405005,16.99279956799987,-3.66805997,16.856479861122974,3.44,13.61805,35.1211,0.0,0.0,0.0,0.0,2.0,4.0,0.0,2.0,2.0,6.0,0.802,3.801716,221.0,3.801716
mp-1017465.cif,211,Ba1 V1 O3,Ba,V,V,O,BaVO3,3,0.6,1.164454352463393e-16,1.3018427700414191e-34,0.538348776237207,0.0783105987476193,0.4405086670341844,0.0116533629088719,0.5944454298912072,0.0235543597795573,9.217906137364924e-40,1.2664958338286554e-77,-0.103298637,1.3115126032279192,-0.39410704,0.7104052226624219,1.3500269418682638,0.1196060608374132,36.152036886383456,0.0356252595114627,11.04163194036396,19.33153066226945,0.0331744033754505,0.0022168992982279,51.96290581580417,391.31982919024455,30.589847705414865,332.00830327850645,7.365855858979126,15.286661837738777,39.845357133229655,399.0419940672115,37.214595964773146,455.7330540959634,37.214595964773146,455.7330540959635,0.9170639915613736,0.0138556206139246,1.1374128780174744,0.0380359786745121,0.1289868187925653,0.0335143181086798,0.8611312104175344,0.0013322805082625,2.78702932008088,0.9546434894947876,1.331744033754505,0.2216899298227947,0.2570614329507601,0.0001709365750163,180.0,0.0,78.19456019878679,214.7947851363272,101.80543980121324,214.7947851363272,36.152036886383456,0.0356252595114627,104.1364014818384,23.006118843448505,2.4982281621679263,0.1109752172695446,8.36108796024264,8.591791405453089,0.2224049213479915,3.910934248865702e-05,97.74366112139516,14.357489164381343,37.09817053056706,19.24226011474269,-0.234578416,0.1108449271959529,1.331744033754505,0.2216899298227947,0.2736223627557107,0.1508144314890593,0.1289868187925653,0.0335143181086798,2.5894356164198307,0.135554468208593,2.31581325366412,0.1623596697174884,27.0,81.0,0.2307692307692307,1.0,3.0,2.076923076923077,6.0,6.0,0.0,0.2,27.0,243.0,0.6923076923076923,1.0,2.0,1.3076923076923077,18.0,18.0,0.0,0.6862745098039215,81.0,1.0,0.0,0.0,-0.537625536,1.706743635104904,2.486122289684225,2.816042149473708,-0.283967338,1.1343033806005829,0.2332885701052587,0.388814283508764,7.2,12.0,-0.851286674,-0.718836565,3.2826192896842232,3.982484999999999,1.3195777763386705,1.3601557154439263,8.259741381211107e-16,1.0536833876559718e-15,2.752072609888057,3.448933180190468,-1.038292752,-0.786,2.7520726098880584,3.448933180190469,0.3594486289999376,1.413353458976204,8.2973067690337025e-16,9.02455451512309e-16,-3.358279972,-3.358279972,-1.334939989,-1.334939989,1.4983806876590446,5.406739955395823,1.6443999864521308,5.413399955400124,0.89,5.211664,10.00383,0.0,0.0,0.0,0.0,0.0,0.0,0.0,2.0,0.0,2.0,39.7,-5.049649958,-4.732499961,-4.732499961,-4.732499961,0.0159499298721872,7.479533828386128,0.1019599991599727,7.555189937754362,1.63,6.74619,14.618,7.0,3.0,0.0,0.0,0.0,0.0,0.0,2.0,7.0,5.0,12.4,-9.787249919,-9.787269919,3.47662997135677,-9.787269919,-3.814405005,16.99279956799987,-3.66805997,16.856479861122974,3.44,13.61805,35.1211,0.0,0.0,0.0,0.0,2.0,4.0,0.0,2.0,2.0,6.0,0.802,3.982485,221.0,3.982485
mp-1017447.cif,212,Hg1 Ge1 O3,Hg,Ge,Ge,O,HgGeO3,3,0.6,9.792704434901583e-17,1.0583263578632464e-33,0.5324646237083852,0.0789938084636404,0.4427785281513971,0.011755031021375,0.5912183530855575,0.0237598564519544,2.148573219839618e-39,6.5878284503816635e-78,0.2694412917525699,1.8880495000546096,0.187090612570177,0.9103095998814776,1.593699561459252,3.843070994851249e-19,36.15600564208696,0.0359360168150734,11.134081909611927,19.50018586073868,0.032021139269982,0.0021767605668506,48.08222591670151,336.0813355121886,27.27757607845552,262.10459490589386,7.462087094975162,15.28053149945318,36.94770769791801,342.63932007988586,34.6110021247842,390.48808703683807,34.61100212478419,390.488087036838,0.9199471518250448,0.0136047535428163,1.1326359016826424,0.0373473069193672,0.1194327540146386,0.0302819610244976,0.8620137947697315,0.0013338898375787,2.80757375769154,0.962972141271046,1.320211392699819,0.2176760566850613,0.2458358891712127,0.0006146839418287,180.0,0.0,77.88639363462688,216.66873178598544,102.1136063653731,216.66873178598544,36.15600564208696,0.0359360168150734,104.0355469815792,23.206833065649413,2.398539487804388,0.103350168052515,8.42272127307462,8.666749271439413,0.2033435889689912,0.0008667994421002,89.58448537835392,18.59296699670806,27.55877239262876,359.8734632512491,-0.226423604,0.1088379863907371,1.320211392699819,0.2176760566850613,0.2533551307786081,0.1362688246102393,0.1194327540146386,0.0302819610244976,2.4829911980639245,0.1250936255581857,2.229636067285316,0.1507091361146667,27.0,81.0,0.2307692307692307,1.0,3.0,2.076923076923077,6.0,6.0,0.0,0.2,27.0,243.0,0.6923076923076923,1.0,2.0,1.3076923076923077,18.0,18.0,0.0,0.6862745098039215,81.0,1.0,0.0,0.0,-0.771748593,1.2672875599593851,2.384882264340868,2.70136710723478,-0.46202639,0.0631613943813553,0.2237885785530444,0.3729809642550736,7.2,12.0,-1.961538462,-1.961538462,3.148944264340868,3.82031,-1.019049331,-1.019049331,6.099654886419735e-16,8.715754899360528e-16,2.640002539188834,3.3084855103317263,0.5335507545536795,1.2142545200454196,2.640002539188836,3.308485510331729,-1.464560179,-1.298916013,8.15719884033958e-16,1.3267737190136854e-15,-7.208289941,-7.208289941,-0.490599996,-0.490599996,1.8041405851096344,10.829102510829378,1.8471799847814685,10.82365991082612,2.0,10.4375,18.7568,0.0,10.0,0.0,14.0,0.0,0.0,0.0,2.0,0.0,26.0,5.36,-12.6643599,-3.782329969,-3.782329969,-3.782329969,-0.612054095,7.280624070018371,-0.579449995,7.220969940507932,2.01,7.89943,15.93461,0.0,10.0,0.0,0.0,4.0,2.0,0.0,2.0,4.0,14.0,5.84,-9.787249919,-9.787269919,3.47662997135677,-9.787269919,-3.814405005,16.99279956799987,-3.66805997,16.856479861122974,3.44,13.61805,35.1211,0.0,0.0,0.0,0.0,2.0,4.0,0.0,2.0,2.0,6.0,0.802,3.82031,221.0,3.82031
mp-1017441.cif,213,Sr1 Rh1 O3,Sr,Rh,Rh,O,SrRhO3,3,0.6,8.90154488296217e-17,3.863052836283789e-34,0.5403091009282642,0.078067607470196,0.4397524553670754,0.0116172034925886,0.5955205411006916,0.0234812725593949,-8.36e-40,1.192684876710407e-78,-0.082652657,1.3329424994565304,-0.370889096,0.7303596091740355,1.3567405199868972,0.1179015618138799,36.150714731452645,0.0355146792724439,11.010831930249235,19.271546529785542,0.0322603944530747,0.0021853063950395,52.21324061557695,405.2996460338338,30.85525338114253,345.7538703370059,7.372742786573916,15.062340463682943,39.975574832695386,412.6589961069251,37.38895380892157,467.595997586147,37.38895380892156,467.5959975861471,0.9193490138673132,0.0136581649689968,1.1336269290996934,0.0374939301507464,0.1261259057769017,0.0334027010298258,0.861143660449087,0.0013147182255277,2.780184873388719,0.9516813101128664,1.322603944530747,0.2185306395039497,0.2468280998970023,0.0005257512132102,180.0,0.0,78.2972268991692,214.1282947753949,101.7027731008308,214.1282947753949,36.150714731452645,0.0355146792724439,104.17000151636432,22.934733231177823,2.504136388129786,0.1150405955693602,8.340554620166158,8.565131791015798,0.2122333615386913,0.000220190283776,80.59411653825309,90.07778727766186,36.22662124924992,10.826534360292229,-0.228115399,0.1092652831833729,1.322603944530747,0.2185306395039497,0.2675534497744284,0.1503121546342169,0.1261259057769017,0.0334027010298258,2.5933208713879288,0.14084045304898,2.3257674216135005,0.1636489836995991,27.0,81.0,0.2307692307692307,1.0,3.0,2.076923076923077,6.0,6.0,0.0,0.2,27.0,243.0,0.6923076923076923,1.0,2.0,1.3076923076923077,18.0,18.0,0.0,0.6862745098039215,81.0,1.0,0.0,0.0,-1.023763591,-0.223063924,2.499855474931818,2.83159779155303,-0.263070718,0.7913056294560527,0.2345772416893942,0.3909620694823231,7.2,12.0,-0.516711744,-0.431721987,3.300752274931816,4.004483999999997,-0.037107823,1.4875423212062675,8.890861039393766e-16,1.3991224849063998e-15,2.767274888200448,3.46798487304832,0.5147748629726971,1.0832466181061395,2.7672748882004496,3.467984873048322,0.3901650633349626,1.2958028287237329,8.883810745791e-16,9.939326931118116e-16,-3.709159969,-3.709159969,-0.900649993,-0.900649993,1.114752790845946,5.960128210919736,1.1364599906369428,5.964719950857914,0.95,5.69485,11.0301,0.0,0.0,0.0,0.0,0.0,0.0,0.0,2.0,0.0,2.0,25.55,-4.285079965,-4.285099965,-2.672929978,-4.285099965,-0.0437538,9.158221224523857,0.204139998318133,9.105549924981268,2.28,7.4589,18.08,2.0,8.0,0.0,0.0,0.0,0.0,1.0,1.0,3.0,9.0,8.6,-9.787249919,-9.787269919,3.47662997135677,-9.787269919,-3.814405005,16.99279956799987,-3.66805997,16.856479861122974,3.44,13.61805,35.1211,0.0,0.0,0.0,0.0,2.0,4.0,0.0,2.0,2.0,6.0,0.802,4.004484,221.0,4.004484
mp-1017439.cif,214,Sr1 Si1 O3,Sr,Si,Si,O,SrSiO3,3,0.6,1.8969177007395675e-16,9.540023556649778e-34,0.5473361086243731,0.0771334234362954,0.437041728297778,0.0114781880113534,0.599374399993397,0.0232002875179482,1.85692164880369e-38,2.602382862916497e-76,-0.07449104,1.2925742490213614,-0.38625269,0.713535270083855,1.3408443303575777,0.1217914500689277,36.1459751925273,0.0350897132621846,10.900425777072815,19.04093652827408,0.0344245547443172,0.0022574055050872,44.36962244517189,286.6704472483569,24.08553897931776,209.61657495719643,7.234213875719035,15.176629144262396,33.89986885059269,292.2117620473806,31.544906402793337,333.5606854435176,31.544906402793323,333.56068544351734,0.9139386131392072,0.014108784406795,1.1425911745375124,0.0387309553121592,0.1243166272082477,0.0294395626755306,0.8599038824868839,0.0013205226893987,2.755650172682848,0.9402931618900782,1.34424554744317,0.2257405505087222,0.2560891700721659,0.0001520064779266,180.0,0.0,78.66524740975727,211.56596142526743,101.33475259024274,211.56596142526743,36.1459751925273,0.0350897132621846,104.29044460682964,22.66028809976417,2.314700850265123,0.0950612670892353,8.266950518048544,8.462638457010703,0.2217949086937631,3.5662606206880644e-05,88.38486757717584,69.69933345774795,37.58476321975779,21.209107046594028,-0.243418309,0.1128702273222251,1.34424554744317,0.2257405505087222,0.2637153903395766,0.1324780320398881,0.1243166272082477,0.0294395626755306,2.402605980378316,0.1177737241335339,2.138890590038739,0.1379550410272309,27.0,81.0,0.2307692307692307,1.0,3.0,2.076923076923077,6.0,6.0,0.0,0.2,27.0,243.0,0.6923076923076923,1.0,2.0,1.3076923076923077,18.0,18.0,0.0,0.6862745098039215,81.0,1.0,0.0,0.0,-0.509668468,1.6167710314768362,2.3090916122866894,2.615518687144483,-0.176813562,1.1249283169660746,0.2166766625711037,0.3611277709518389,7.2,12.0,-1.02245858,-0.906867846,3.048872012286689,3.698902,-0.845223432,-0.645720361,8.448775368422644e-16,1.1110451076882814e-15,2.556104261751181,3.203343098109065,-1.313356681,-1.146388331,2.5561042617511816,3.203343098109065,1.2049335582018703,1.3083962416322523,1.0713203641945744e-15,1.4082289105518082e-15,-3.709159969,-3.709159969,-0.900649993,-0.900649993,1.114752790845946,5.960128210919736,1.1364599906369428,5.964719950857914,0.95,5.69485,11.0301,0.0,0.0,0.0,0.0,0.0,0.0,0.0,2.0,0.0,2.0,25.55,-11.7771599,-3.946819967,-3.946819967,-3.946819967,-0.706170785,7.529908477963954,-0.671079994,7.4689799384646305,1.9,8.15168,16.34584,0.0,0.0,0.0,0.0,4.0,2.0,0.0,2.0,4.0,4.0,5.53,-9.787249919,-9.787269919,3.47662997135677,-9.787269919,-3.814405005,16.99279956799987,-3.66805997,16.856479861122974,3.44,13.61805,35.1211,0.0,0.0,0.0,0.0,2.0,4.0,0.0,2.0,2.0,6.0,0.802,3.698902,221.0,3.698902
mp-1016999.cif,215,Sr1 Ge1 O3,Sr,Ge,Ge,O,SrGeO3,3,0.6,8.448772065402829e-17,8.58885646846771e-35,0.5259055108616212,0.0796737711282521,0.4453087608639847,0.0118562159417041,0.587621104232855,0.0239643764721696,4.397853930593876e-40,7.683542397877376e-80,0.2373745182209926,1.9043014468077128,0.1648245647289259,0.9181453600909878,1.5936995614447849,3.876150007277902e-19,36.16042966229952,0.0362453631243836,11.237136644853257,19.66803950137425,0.0315295372533303,0.0021588420059238,49.43619510435696,350.39498795105953,28.457854914537272,279.1720544682354,7.545538312302259,15.39751625741863,38.094945289896245,357.4952676450875,35.74993857739916,408.5752404691327,35.74993857739916,408.5752404691325,0.921176156866674,0.0134927625370242,1.130599619456772,0.0370398730175064,0.1187227379038501,0.0306093052993478,0.8628101819060923,0.0013447659130237,2.8304748099673898,0.9712612099444072,1.3152953725333032,0.2158842005923888,0.2419781823240252,0.0006569297105835,179.99999999999997,8.077935669463161e-28,77.54287785048913,218.5337722374917,102.45712214951084,218.5337722374917,36.16042966229952,0.0362453631243836,103.92312364941708,23.40659258780296,2.427984112912207,0.1047658759087163,8.49142442990217,8.741350889499667,0.1991989225734355,0.0002613415351255,80.34984077461371,47.64212418727081,34.63351766946192,4.543218146855699,-0.222947454,0.1079420598598566,1.3152953725333032,0.2158842005923888,0.2518489591585365,0.1377418738470655,0.1187227379038501,0.0306093052993478,2.511933765965053,0.1256003297450026,2.2600848068065167,0.1549248841341883,27.0,81.0,0.2307692307692307,1.0,3.0,2.076923076923077,6.0,6.0,0.0,0.2,27.0,243.0,0.6923076923076923,1.0,2.0,1.3076923076923077,18.0,18.0,0.0,0.6862745098039215,81.0,1.0,0.0,0.0,-0.259808052,2.866418741176984,2.407667902848853,2.727176504748088,-0.031072767,1.3702102674183825,0.2259266990503825,0.3765444984173038,7.2,12.0,-1.317342149,-1.317342149,3.179029902848852,3.856809999999999,1.0913614268825669,1.0913614268825669,7.855479523445295e-16,8.182651569544773e-16,2.665225647439314,3.340095437569859,2.28956853975618,2.28956853975618,2.665225647439315,3.34009543756986,-1.380508881,-1.380508881,5.583667547861638e-16,5.921189464667501e-16,-3.709159969,-3.709159969,-0.900649993,-0.900649993,1.114752790845946,5.960128210919736,1.1364599906369428,5.964719950857914,0.95,5.69485,11.0301,0.0,0.0,0.0,0.0,0.0,0.0,0.0,2.0,0.0,2.0,25.55,-12.6643599,-3.782329969,-3.782329969,-3.782329969,-0.612054095,7.280624070018371,-0.579449995,7.220969940507932,2.01,7.89943,15.93461,0.0,10.0,0.0,0.0,4.0,2.0,0.0,2.0,4.0,14.0,5.84,-9.787249919,-9.787269919,3.47662997135677,-9.787269919,-3.814405005,16.99279956799987,-3.66805997,16.856479861122974,3.44,13.61805,35.1211,0.0,0.0,0.0,0.0,2.0,4.0,0.0,2.0,2.0,6.0,0.802,3.85681,221.0,3.85681
mp-1016930.cif,216,Zn1 Ge1 O3,Zn,Ge,Ge,O,ZnGeO3,3,0.6,8.26259791638868e-17,7.6542614260105975e-34,0.5334504307681471,0.0788841751011603,0.4423982448220532,0.0117387165329107,0.5917590044506982,0.0237268807921459,4.6223464918875966e-40,1.7578912928970788e-79,0.2742607928756238,1.8854291274045785,0.1904371058639658,0.9090462058981524,1.5936995614614269,3.837735952027251e-19,36.15534074520792,0.0358861754526997,11.118593216565138,19.47312208211501,0.0329282346720261,0.0022085548285865,45.70470986009508,299.0349002260106,25.24345991679963,222.1481434995147,7.424548437549311,15.408575735818715,35.12398961523896,305.1635057098767,32.843216480304314,349.5969080019136,32.84321648030431,349.59690800191345,0.9176794133199347,0.0138034676786661,1.136393213861572,0.0378928102096285,0.119654304970643,0.0291627144755904,0.8616973960288663,0.0013431678464878,2.8041318259033643,0.96163565837605,1.3292823467202606,0.2208554828586586,0.2518647828919095,0.0003265859251742,180.0,0.0,77.93802261144951,216.36802313461143,102.06197738855047,216.36802313461143,36.15534074520792,0.0358861754526997,104.05244373980383,23.174624539745267,2.34012708113668,0.0962856483029799,8.412395477710092,8.65472092538445,0.2069146572213249,0.0003089238428919,92.5878514501166,60.72564777817298,34.76943159279505,23.05041493318773,-0.232837732,0.1104276954006621,1.3292823467202606,0.2208554828586586,0.2538251113287153,0.1312322151401576,0.1196543049706431,0.0291627144755905,2.4247354515795854,0.1167471170214445,2.17091034025087,0.1428508542928225,27.0,81.0,0.2307692307692307,1.0,3.0,2.076923076923077,6.0,6.0,0.0,0.2,27.0,243.0,0.6923076923076923,1.0,2.0,1.3076923076923077,18.0,18.0,0.0,0.6862745098039215,81.0,1.0,0.0,0.0,-0.53949627,1.7203963466250831,2.323486517447118,2.6318238624118635,-0.534018847,0.0462311436830526,0.2180274275176275,0.363379045862712,7.2,12.0,-0.970816116,-0.970816116,3.067878717447117,3.721961,-0.994473497,-0.994473497,6.410994744828068e-16,6.620091075326061e-16,2.57203904676893,3.22331277789493,-0.043601751,0.331232199395683,2.572039046768931,3.2233127778949324,-1.205907339,-0.348430046,6.763124043659678e-16,7.376773951055294e-16,-6.425469947,-6.425469947,-0.418189997,-0.418189997,1.733134575723182,10.09405173684297,1.7742199853825709,10.07655991698132,1.65,9.394199,17.96439,0.0,10.0,0.0,0.0,0.0,0.0,0.0,2.0,0.0,12.0,5.816666667,-12.6643599,-3.782329969,-3.782329969,-3.782329969,-0.612054095,7.280624070018371,-0.579449995,7.220969940507932,2.01,7.89943,15.93461,0.0,10.0,0.0,0.0,4.0,2.0,0.0,2.0,4.0,14.0,5.84,-9.787249919,-9.787269919,3.47662997135677,-9.787269919,-3.814405005,16.99279956799987,-3.66805997,16.856479861122974,3.44,13.61805,35.1211,0.0,0.0,0.0,0.0,2.0,4.0,0.0,2.0,2.0,6.0,0.802,3.721961,221.0,3.721961
mp-1016928.cif,217,Mg1 Si1 O3,Mg,Si,Si,O,MgSiO3,3,0.6,9.774941224396943e-17,1.7832437970315991e-34,0.5352311780251761,0.078681208486606,0.4417113066540648,0.0117085131676496,0.5927356290609092,0.023665832240112,1.056190868127324e-39,2.221644841376809e-79,0.2829666682496538,1.8805779748574336,0.1964821617342495,0.9067072572985384,1.5936995614653542,3.8278615726256048e-19,36.1541397056732,0.0357938297847729,11.090614671083124,19.423018323550743,0.0328619732964116,0.002206288040707,40.92197975883694,241.60009714606264,21.38895811837061,160.92800309075315,7.407883915163069,15.337899162434642,31.42031098917215,246.43505023745672,29.376088099188507,281.7019124374368,29.376088099188507,281.70191243743693,0.9178450667589708,0.0137893002544192,1.1361187502571617,0.0378539182782209,0.113165488536943,0.0261639276368778,0.8615283351040492,0.0013372446278399,2.7979143713518053,0.959161398693864,1.3286197329641154,0.2206288040707088,0.2417166245370769,0.0006920450102082,180.0,0.0,78.03128442972289,215.8113147061196,101.96871557027708,215.8113147061196,36.1541397056732,0.0357938297847729,104.08296580820294,23.114997074061723,2.215091688199585,0.0870059914520506,8.393743114055415,8.632452588244776,0.1963452397683676,0.0007308381197799,93.06278288300015,7.147384329005105,26.989355739703,359.35409703935545,-0.232369185,0.1103143480095854,1.3286197329641154,0.2206288040707088,0.2400602530222832,0.1177376743659506,0.113165488536943,0.0261639276368778,2.295111772540346,0.1057733005596071,2.055051519518063,0.1279631561475714,27.0,81.0,0.2307692307692307,1.0,3.0,2.076923076923077,6.0,6.0,0.0,0.2,27.0,243.0,0.6923076923076923,1.0,2.0,1.3076923076923077,18.0,18.0,0.0,0.6862745098039215,81.0,1.0,0.0,0.0,0.0735766020410976,4.348216320000001,2.201915459913951,2.4941197665232515,-0.063536973,1.26046748057521,0.2066196466953498,0.3443660778255827,7.2,12.0,-0.755693023,0.385308168219908,2.9073590599139507,3.527218000000001,-1.417940216,-1.040682606,7.2414355928911e-16,1.2025992653021156e-15,2.4374630530696617,3.0546603926857374,2.258599540910877,3.969770414201184,2.4374630530696635,3.05466039268574,-2.007251779,-1.6666139,6.48744039940326e-16,8.92280882268553e-16,-5.042249958,-5.042249958,-0.770419994,-0.770419994,0.9719288889917772,8.12606364204918,1.0191899916031055,8.109879933184388,1.31,7.646235,15.03527,0.0,0.0,0.0,0.0,0.0,0.0,0.0,2.0,0.0,2.0,10.76666667,-11.7771599,-3.946819967,-3.946819967,-3.946819967,-0.706170785,7.529908477963954,-0.671079994,7.4689799384646305,1.9,8.15168,16.34584,0.0,0.0,0.0,0.0,4.0,2.0,0.0,2.0,4.0,4.0,5.53,-9.787249919,-9.787269919,3.47662997135677,-9.787269919,-3.814405005,16.99279956799987,-3.66805997,16.856479861122974,3.44,13.61805,35.1211,0.0,0.0,0.0,0.0,2.0,4.0,0.0,2.0,2.0,6.0,0.802,3.527218,221.0,3.527218
mp-1016835.cif,218,Ca1 Ru1 O3,Ca,Ru,Ru,O,CaRuO3,3,0.6,6.903057206000532e-17,5.796276894959643e-35,0.5329567843001705,0.0789393173592097,0.4425886730813177,0.0117469222260728,0.5914882713146696,0.0237434665494498,3.274201790212554e-40,2.97272399561227e-80,0.2718474101723391,1.8867470954170973,0.1887613371846611,0.9096816547749416,1.5936995614603378,3.840418637444341e-19,36.155673725256165,0.0359112438379479,11.12634923590017,19.486734342387784,0.0332426329937799,0.0022191906510188,51.038154780495255,369.7714119562711,29.77373015140096,306.7706669608362,7.420287167453386,15.4800182750081,39.23961762173624,377.54849068931424,36.67306761012374,433.6740092651818,36.67306761012374,433.6740092651817,0.9168934175155504,0.0138699415688677,1.1376954943501498,0.0380752920731677,0.1275338977664057,0.0326629232510696,0.8616743748747497,0.0013487037312977,2.805855385755593,0.9623078687598904,1.332426329937798,0.2219190651018842,0.2508069943348031,0.0003696653869966,180.0,0.0,77.91216921366609,216.51927047097536,102.08783078633392,216.51927047097536,36.155673725256165,0.0359112438379479,104.04398264132077,23.190824463574483,2.4730489111780942,0.1063804096597182,8.41756615726678,8.660770818839016,0.2094753269594941,0.0003420184845169,89.15034370061501,73.2063622753275,37.24338055725903,19.35974440396837,-0.235060871,0.1109594932499208,1.332426329937798,0.2219190651018842,0.2705402518253324,0.1469831546298134,0.1275338977664057,0.0326629232510696,2.563228995119871,0.1288945989149608,2.292688743294539,0.1593408009024413,27.0,81.0,0.2307692307692307,1.0,3.0,2.076923076923077,6.0,6.0,0.0,0.2,27.0,243.0,0.6923076923076923,1.0,2.0,1.3076923076923077,18.0,18.0,0.0,0.6862745098039215,81.0,1.0,0.0,0.0,-0.505030043,1.0143780200371897,2.4530731256225464,2.7786072093709104,-0.336951365,0.7096430705644993,0.2301873581258181,0.383645596876363,7.2,12.0,-0.657299899,-0.110541154,3.238981925622545,3.929543999999998,-0.472447973,1.075174404457249,8.5908372447700915e-16,1.1338214607267812e-15,2.7154880462198734,3.403084929288714,-0.056386662,0.1478709130711104,2.715488046219876,3.4030849292887178,-1.589750602,-1.543242141,1.0966475094493948e-15,1.318489931149495e-15,-3.942079968,-3.942079968,-0.935069992,-0.935069992,1.3744005986758032,6.388740337367709,1.3953099885043316,6.391409947342504,1.0,6.11316,11.87172,0.0,0.0,0.0,0.0,0.0,0.0,0.0,2.0,0.0,2.0,25.73333333,-3.59957997,-3.59957997,-2.754109977,-3.59957997,-0.327545597,8.177103232657059,0.050859999580975,8.119189933107684,2.2,7.3605,16.76,3.0,7.0,0.0,0.0,0.0,0.0,1.0,1.0,4.0,8.0,9.6,-9.787249919,-9.787269919,3.47662997135677,-9.787269919,-3.814405005,16.99279956799987,-3.66805997,16.856479861122974,3.44,13.61805,35.1211,0.0,0.0,0.0,0.0,2.0,4.0,0.0,2.0,2.0,6.0,0.802,3.929544,221.0,3.929544
mp-1016833.cif,219,Ca1 Rh1 O3,Ca,Rh,Rh,O,CaRhO3,3,0.6,2.001369306681164e-16,8.687360991347737e-33,0.5226109671394019,0.0799828428444498,0.4465796586963223,0.0119022087566145,0.5858142602431562,0.0240573394493072,-3.23e-38,1.5037389085732658e-75,0.2212678602173252,1.9116886422170425,0.1536406638191839,0.9217070436682008,1.5936995614375176,3.8911946340852343e-19,36.16265176340879,0.0363859666934933,11.288899488238666,19.744336062172767,0.0323000850947388,0.0021867130123465,52.36650052794573,381.9119030546151,30.98522894685322,321.83543389044814,7.556930439316956,15.63857321860944,40.43358760301318,390.3343382601906,37.90840428667238,449.97109021861166,37.90840428667237,449.9710902186112,0.9192497872631532,0.0136669563271655,1.1337913331204583,0.037518063888321,0.12469566304615,0.0325902096316519,0.8629699891875438,0.0013638318844629,2.841977664053037,0.9750289413418652,1.323000850947385,0.2186713012346501,0.2477129359336206,0.0004716423086328,179.99999999999997,8.077935669463161e-28,77.37033503920442,219.38151180191983,102.62966496079557,219.38151180191983,36.16265176340879,0.0363859666934933,103.86665509284784,23.49739180113262,2.4982168646219574,0.1070642682256577,8.52593299215911,8.775260472076786,0.2084100489404306,0.0003195051667895,88.26589669708113,137.21865568690708,35.77891802450459,10.13124031897259,-0.228396052,0.1093356126116345,1.323000850947385,0.2186713012346501,0.2645194467734572,0.1466559433424342,0.12469566304615,0.0325902096316519,2.586390013546443,0.1277415728054206,2.321870566772986,0.1634802879610882,27.0,81.0,0.2307692307692307,1.0,3.0,2.076923076923077,6.0,6.0,0.0,0.2,27.0,243.0,0.6923076923076923,1.0,2.0,1.3076923076923077,18.0,18.0,0.0,0.6862745098039215,81.0,1.0,0.0,0.0,-0.7726137,0.9202016361271692,2.468470598877326,2.796047998128877,-0.394655701,0.1951250969843832,0.231632200374225,0.3860536672903743,7.2,12.0,0.0123966942148761,0.0123966942148761,3.2593123988773245,3.954208999999999,-1.16237533,-1.16237533,7.462674312487304e-16,8.062752755996188e-16,2.732532648000644,3.424445445873059,-0.905345891,-0.734905727,2.732532648000645,3.4244454458730607,0.0159434890635427,1.048,8.330845428146349e-16,9.516980547820705e-16,-3.942079968,-3.942079968,-0.935069992,-0.935069992,1.3744005986758032,6.388740337367709,1.3953099885043316,6.391409947342504,1.0,6.11316,11.87172,0.0,0.0,0.0,0.0,0.0,0.0,0.0,2.0,0.0,2.0,25.73333333,-4.285079965,-4.285099965,-2.672929978,-4.285099965,-0.0437538,9.158221224523857,0.204139998318133,9.105549924981268,2.28,7.4589,18.08,2.0,8.0,0.0,0.0,0.0,0.0,1.0,1.0,3.0,9.0,8.6,-9.787249919,-9.787269919,3.47662997135677,-9.787269919,-3.814405005,16.99279956799987,-3.66805997,16.856479861122974,3.44,13.61805,35.1211,0.0,0.0,0.0,0.0,2.0,4.0,0.0,2.0,2.0,6.0,0.802,3.954209,221.0,3.954209
mp-1096800.cif,220,La1 Sc1 O3,La,Sc,Sc,O,LaScO3,3,0.6,1.201305718006758e-16,1.805343745523725e-33,0.5351232290314598,0.0786936929104969,0.4417529488824535,0.0117103709688239,0.5926764260249393,0.0236695873207354,-1.44e-39,5.667947091379585e-79,-0.117997999,1.3099611342927782,-0.40345465,0.70316201871746,1.3506763072709456,0.1194451324351275,36.154212526636414,0.035799514617064,11.092310732002783,19.426100192762675,0.0330859966021429,0.0022139164890572,54.77452427433504,430.667108021301,33.11073754723276,384.0556368713095,7.402293923270908,15.380554374961456,42.064515197474094,439.423951901525,39.31217543127346,503.1281603308189,39.31217543127344,503.1281603308177,0.9172850084946428,0.0138369780566078,1.1370466851723773,0.0379848017599377,0.1317577569602404,0.0351095431877441,0.8614866441887985,0.0013404863114559,2.798291273778396,0.959313589766058,1.3308599660214269,0.2213916489057271,0.2515133756194208,0.0003441688162588,180.0,0.0,78.02563089332405,215.84555769736323,101.97436910667597,215.84555769736323,36.154212526636414,0.035799514617064,104.08111556508788,23.118664692213404,2.562973669591853,0.1157109588388811,8.394873821335189,8.633822307894523,0.2175328160870995,8.90177154698118e-05,86.3914589400489,170.87505419501838,35.98679597025984,10.02106513437374,-0.233953289,0.110695789396633,1.3308599660214269,0.2213916489057271,0.2795004102615457,0.1579929443448491,0.1317577569602404,0.0351095431877441,2.656140473012368,0.1406557215593555,2.3766400627508224,0.1711500629611656,27.0,81.0,0.2307692307692307,1.0,3.0,2.076923076923077,6.0,6.0,0.0,0.2,27.0,243.0,0.6923076923076923,1.0,2.0,1.3076923076923077,18.0,18.0,0.0,0.6862745098039215,81.0,1.0,0.0,0.0,-0.824484978,0.2150855791206329,2.5463157039816355,2.884223506636059,-0.841774594,-0.707106781,0.2389368986727889,0.3982281644546472,7.2,12.0,0.4736748787285019,0.4736748787285019,3.362097303981633,4.078907999999998,-0.840909885,-0.840909885,8.062230950453255e-16,1.0685974489330478e-15,2.818705151445208,3.532437947699573,-0.503873276,0.08680462241333,2.81870515144521,3.5324379476995764,-0.22031619,1.4680507263472036,1.4571190784784718e-15,1.7384305382835917e-15,-3.59120997,-2.347539981,-2.347539981,-2.347539981,0.7574954937130738,5.540775954341044,0.79851999342116,5.6713799532746805,1.1,5.5769,11.059,9.0,1.0,0.0,0.0,0.0,0.0,0.0,2.0,9.0,3.0,31.1,-4.386689964,-2.259629981,-2.259629981,-2.259629981,1.578749956992198,6.198956138927367,1.686129986108326,7.085359941625193,1.36,6.56149,12.79977,9.0,1.0,0.0,0.0,0.0,0.0,0.0,2.0,9.0,3.0,17.8,-9.787249919,-9.787269919,3.47662997135677,-9.787269919,-3.814405005,16.99279956799987,-3.66805997,16.856479861122974,3.44,13.61805,35.1211,0.0,0.0,0.0,0.0,2.0,4.0,0.0,2.0,2.0,6.0,0.802,4.078908,221.0,4.078908
mp-1096944.cif,221,Cs1 Nb1 O3,Cs,Nb,Nb,O,CsNbO3,3,0.6,9.950649432814783e-17,2.0739778982046297e-33,0.529240026684954,0.0793388447970613,0.4440224434588801,0.0118063757138484,0.5894498703327887,0.0238636369116161,8.703695788840538e-40,2.319002250127721e-78,-0.12044027,1.3512322032661572,-0.384017441,0.723685453131903,1.3666498209275193,0.1152209849801571,36.15818050752747,0.0360929935877601,11.184745772282568,19.58536054418885,0.0309113091602045,0.0021356218820226,57.39481212067307,484.32897193490254,35.63620250889774,448.9542590194324,7.529157906715579,15.182677009877908,44.14137820851698,493.4183639071116,41.45262516624212,559.8467632742788,41.45262516624212,559.8467632742785,0.9227217270994884,0.0133476367626418,1.1280388348486443,0.0366414786753588,0.12587434298394,0.0354131042573087,0.8626102687866196,0.001327618907047,2.818832393840571,0.967178298478462,1.3091130916020446,0.2135621882022706,0.2550831067849812,0.000237352474341,180.0,0.0,77.71751409239141,217.61511715765383,102.2824859076086,217.61511715765383,36.15818050752747,0.0360929935877601,103.9802772844864,23.30819781982757,2.61713689851073,0.1253382418237463,8.456497181521712,8.704604686306158,0.2185956624759157,3.498901647412903e-05,98.50486806738591,27.32430520257709,34.76954392667972,15.482175002696756,-0.218575931,0.1067810624736393,1.3091130916020446,0.2135621882022706,0.2670198045040362,0.1593589691578896,0.12587434298394,0.0354131042573087,2.706143500012076,0.1509141062372627,2.439123695508039,0.18042582576864,27.0,81.0,0.2307692307692307,1.0,3.0,2.076923076923077,6.0,6.0,0.0,0.2,27.0,243.0,0.6923076923076923,1.0,2.0,1.3076923076923077,18.0,18.0,0.0,0.6862745098039215,81.0,1.0,0.0,0.0,-0.812546735,0.7868596418159095,2.603754865207888,2.9492851086798133,-0.493474171,0.166036841165332,0.2443267782640376,0.4072112971067288,7.2,12.0,1.1077594295364983,1.1077594295364983,3.4379386652078874,4.170918999999999,-1.865042664,-1.865042664,8.364267881445377e-16,8.881784197001252e-16,2.8822888066023307,3.612121811127184,-0.440191696,0.7223133020521226,2.8822888066023333,3.6121218111271873,-1.172903276,-0.498621425,1.1163638360629224e-15,1.7855847292324877e-15,-1.953909984,-1.953909984,-1.953909984,-1.953909984,-0.303611898,3.6984121695097367,-0.312149997,3.673269969736694,0.79,3.893905,23.15744,0.0,0.0,0.0,0.0,0.0,0.0,1.0,1.0,1.0,1.0,59.42,-4.966219959,-4.334109964,-4.334109964,-4.334109964,-0.511766596,7.220987540517275,-0.459349996,7.633379937110171,1.6,6.75885,14.0,6.0,4.0,0.0,0.0,0.0,0.0,1.0,1.0,7.0,5.0,15.7,-9.787249919,-9.787269919,3.47662997135677,-9.787269919,-3.814405005,16.99279956799987,-3.66805997,16.856479861122974,3.44,13.61805,35.1211,0.0,0.0,0.0,0.0,2.0,4.0,0.0,2.0,2.0,6.0,0.802,4.170919,221.0,4.170919
mp-1097026.cif,222,La1 Ga1 O3,La,Ga,Ga,O,LaGaO3,3,0.6,1.3213223206047178e-16,4.228734738949753e-33,0.5401262851669115,0.0780905932827663,0.439822978078082,0.0116206240004116,0.5954202784884838,0.023488186260832,9.1552670793273e-39,1.6320911344664836e-76,-0.095957164,1.3108309752586764,-0.390092179,0.7132863586754269,1.349208500628191,0.1198076889912449,36.15083805763157,0.0355251458069697,11.013704274470824,19.27722074180288,0.0332858286968981,0.0022206364776505,50.053293603367386,364.4930145398527,28.91374618286804,298.3832166791618,7.343894655406942,15.244488835772788,38.35053021022682,371.59521038334174,35.80164493318507,423.9727449066265,35.80164493318507,423.9727449066266,0.9167854282577548,0.013878977985316,1.137874416810828,0.0381000985364001,0.1271767994289413,0.0324171256508062,0.8609205369002126,0.0013284543720073,2.780823172104628,0.9519615181137224,1.332858286968981,0.2220636477650564,0.2409865491085205,0.0005834999035689,180.0,0.0,78.28765241843057,214.19134157558744,101.71234758156945,214.19134157558744,36.15083805763157,0.0355251458069697,104.16686805916328,22.94148590193762,2.4530130238504726,0.107350748538027,8.342469516313884,8.567653663023503,0.1964443630016353,0.0007568525243034,91.08219921223676,13.872235311212714,27.02429959687012,366.6013009734775,-0.23536631,0.111031784068895,1.332858286968981,0.2220636477650564,0.2697827318574183,0.1458770654286287,0.1271767994289413,0.0324171256508062,2.542940601136279,0.1314820196148186,2.273157869278861,0.1563395833368631,27.0,81.0,0.2307692307692307,1.0,3.0,2.076923076923077,6.0,6.0,0.0,0.2,27.0,243.0,0.6923076923076923,1.0,2.0,1.3076923076923077,18.0,18.0,0.0,0.6862745098039215,81.0,1.0,0.0,0.0,-0.717930874,0.4943930286596179,2.443029965285109,2.767231275475182,-0.60922205,0.4593162991308493,0.229244944904964,0.3820749081749395,7.2,12.0,-0.523259964,-0.523259964,3.225721165285108,3.913456,1.3828919856237647,1.3828919856237647,6.494551481170176e-16,7.064877603072199e-16,2.7043705293559364,3.3891523125926315,-1.134092713,-1.101459868,2.7043705293559386,3.389152312592634,-0.762025325,0.2908545043886205,1.0791037006324164e-15,1.4036830825162409e-15,-3.59120997,-2.347539981,-2.347539981,-2.347539981,0.7574954937130738,5.540775954341044,0.79851999342116,5.6713799532746805,1.1,5.5769,11.059,9.0,1.0,0.0,0.0,0.0,0.0,0.0,2.0,9.0,3.0,31.1,-9.552189921,-2.272409981,-2.272409981,-2.272409981,0.5277969156497692,5.3874839356062845,0.5632799953592533,5.318219956184293,1.81,5.999301,20.51515,0.0,10.0,0.0,0.0,5.0,1.0,0.0,2.0,5.0,13.0,8.12,-9.787249919,-9.787269919,3.47662997135677,-9.787269919,-3.814405005,16.99279956799987,-3.66805997,16.856479861122974,3.44,13.61805,35.1211,0.0,0.0,0.0,0.0,2.0,4.0,0.0,2.0,2.0,6.0,0.802,3.913456,221.0,3.913456
mp-9831.cif,223,La1 Ga1 O3,La,Ga,Ga,O,LaGaO3,3,0.6,8.484955530714521e-17,6.261953310561792e-34,0.5441654631216424,0.0775671623571973,0.4382648313543119,0.0115427324936305,0.5976355061576778,0.0233307480527508,6.53472241684745e-41,1.286902484985788e-78,-0.075129313,1.3161129318941922,-0.374762278,0.7252257305791191,1.3498644081113238,0.1196462086679917,36.14811372719055,0.0352870307633035,10.95024197027785,19.14800807903387,0.0331965312651136,0.0022176434384756,68.68449492866044,697.0665534759543,46.4817101271197,785.7419632390288,7.304265375565163,15.087547525073465,52.517969095660206,709.9538377085524,49.00591810113637,806.4189271331452,49.005918101136366,806.4189271331451,0.917008671837216,0.013860271490473,1.1375045347375248,0.0380487461027019,0.1490835822583766,0.0447266062975049,0.8605226637313335,0.0013151114987923,2.766720437839522,0.9455806458782156,1.331965312651134,0.2217643438475688,0.2481458813344285,0.0002253269440346,180.0,0.0,78.49919343240715,212.75564532259853,101.50080656759285,212.75564532259853,36.14811372719055,0.0352870307633035,104.2360996687878,22.78771209405681,2.8760060445694022,0.150000035970919,8.300161313518565,8.51022581290394,0.2221277206724038,3.623077667404739e-05,89.29602792749641,74.64671642923358,37.68474823952076,20.86821754098731,-0.234734898,0.110882147439902,1.331965312651134,0.2217643438475688,0.3162540359354417,0.2012697283387725,0.1490835822583768,0.0447266062975048,2.981424056547884,0.1848157526253596,2.6651700206124413,0.2145484215545545,27.0,81.0,0.2307692307692307,1.0,3.0,2.076923076923077,6.0,6.0,0.0,0.2,27.0,81.0,0.2307692307692307,1.0,3.0,2.076923076923077,6.0,6.0,0.0,0.2,81.0,1.0,0.0,0.0,-0.629019446,1.283322704081634,2.8715566595164805,3.252625432527468,-0.372323692,1.6687823480993529,0.2694563134945066,0.4490938558241771,7.2,12.0,-0.864607862,1.2618147448015122,3.79153805951648,4.599907,0.3484540780641582,1.1197028545680017,1.030838322541208e-15,1.1593037763813649e-15,3.1787384165244426,3.983636317045864,-1.325418817,-0.950059453,3.1787384165244434,3.983636317045864,1.023343232195052,1.1175222675306815,7.975325604580862e-16,1.1257399503003673e-15,-3.59120997,-2.347539981,-2.347539981,-2.347539981,0.7574954937130738,5.540775954341044,0.79851999342116,5.6713799532746805,1.1,5.5769,11.059,9.0,1.0,0.0,0.0,0.0,0.0,0.0,2.0,9.0,3.0,31.1,-9.552189921,-2.272409981,-2.272409981,-2.272409981,0.5277969156497692,5.3874839356062845,0.5632799953592533,5.318219956184293,1.81,5.999301,20.51515,0.0,10.0,0.0,0.0,5.0,1.0,0.0,2.0,5.0,13.0,8.12,-9.787249919,-9.787269919,3.47662997135677,-9.787269919,-3.814405005,16.99279956799987,-3.66805997,16.856479861122974,3.44,13.61805,35.1211,0.0,0.0,0.0,0.0,2.0,4.0,0.0,2.0,2.0,6.0,0.802,4.599907,221.0,4.599907
mp-1099583.cif,224,Sm1 Ti1 O3,Sm,Ti,Ti,O,SmTiO3,3,0.6,1.038726587409328e-16,2.5356543463475085e-33,0.5407794027763283,0.0780081682611145,0.4395710324904514,0.0116083583721896,0.5957784712236971,0.0234633943597883,3.3376432387247456e-39,2.2251072310486247e-77,-0.097673042,1.3026927392680387,-0.395225104,0.7082823400370579,1.3462293140104322,0.120530316525191,36.15039755469951,0.0354876541769403,11.003442694301016,19.25687353645798,0.0336914251024224,0.0022340303848101,50.07753329401551,362.6132150251943,28.916084500679457,297.3101510780396,7.324885709794673,15.290676892403935,38.36679052669228,369.8170605665601,35.78640734643251,422.8209506616721,35.786407346432505,422.820950661672,0.915771437243944,0.0139626899050631,1.1395544521310077,0.0383299016526245,0.1287374349917476,0.0326182018866052,0.8607570400834996,0.0013316787017205,2.778542820955781,0.9509567178497768,1.3369142510242231,0.22340303848101,0.2409843539363848,0.0005809482753443,180.0,0.0,78.32185768566326,213.9652615161997,101.67814231433674,213.9652615161997,36.15039755469951,0.0354876541769403,104.178062515308,22.917270985536742,2.454489326500989,0.1065444137256768,8.335628462867344,8.55861046064799,0.2027248378499139,0.0002795564837861,92.60003237324092,62.12648785589741,36.810117279564565,19.035258972345016,-0.238234309,0.1117014791969577,1.3369142510242231,0.22340303848101,0.273093339825682,0.1467819084897247,0.1287374349917477,0.0326182018866052,2.545520439776217,0.1306433507459423,2.2724270999505354,0.1562011453449623,27.0,81.0,0.2307692307692307,1.0,3.0,2.076923076923077,6.0,6.0,0.0,0.2,27.0,243.0,0.6923076923076923,1.0,2.0,1.3076923076923077,18.0,18.0,0.0,0.6862745098039215,81.0,1.0,0.0,0.0,-0.645398294,1.8405016412759867,2.4432378452199903,2.7674667420333168,-0.743376112,-0.553634263,0.2292644515933369,0.3821074193222278,7.2,12.0,-1.582040773,-1.524494059,3.2259956452199896,3.913789,-0.608144802,1.0823208177342205,7.346181183126709e-16,1.214685993773259e-15,2.704600647028468,3.389440699052092,0.3314935453330879,1.1314174834995594,2.7046006470284705,3.3894406990520944,-1.639154212,-1.54292259,9.38183082768926e-16,1.2833987505958189e-15,-3.504979971,-1.789769985,-1.789769985,-1.789769985,-7.811453736,-3.64157787,2.026719983302276,6.161479949236849,1.17,5.6437,11.07,0.0,0.0,8.0,6.0,0.0,0.0,0.0,2.0,8.0,8.0,28.8,-4.762429961,-3.553389971,-3.553389971,-3.553389971,0.7799878335735743,7.4794458083788,0.8744399927956709,7.940329934581274,1.54,6.82812,13.5755,8.0,2.0,0.0,0.0,0.0,0.0,0.0,2.0,8.0,4.0,14.6,-9.787249919,-9.787269919,3.47662997135677,-9.787269919,-3.814405005,16.99279956799987,-3.66805997,16.856479861122974,3.44,13.61805,35.1211,0.0,0.0,0.0,0.0,2.0,4.0,0.0,2.0,2.0,6.0,0.802,3.913789,221.0,3.913789
mp-1099588.cif,225,Sm1 Fe1 O3,Sm,Fe,Fe,O,SmFeO3,3,0.6,8.409082023457541e-17,3.523398693151652e-34,0.5387556572711478,0.0782607960355669,0.4403517092677514,0.0116459517910069,0.5946685778026279,0.0235393800575728,-9.33e-40,1.4176300210220955e-78,-0.103769241,1.3075036506468685,-0.396408848,0.7080980239827348,1.348534100518037,0.1199728249286216,36.15176250623837,0.0356025694597327,11.035239152466096,19.319236507065668,0.0333776437774221,0.0022236972736097,50.06805340861196,362.2866942582816,28.9226426340202,296.35008987775643,7.355496788321407,15.307573006682713,38.38973064287834,369.4994269912253,35.839447792150466,422.4033530821908,35.83944779215045,422.4033530821903,0.9165558905564448,0.0138981079600607,1.1382547273266612,0.0381526134927278,0.1273869891167799,0.0323902618270797,0.8610410263724807,0.0013337021428429,2.7856087005480217,0.954036370719292,1.333776437774219,0.2223697273609719,0.2411354147623582,0.000583223559857,180.0,0.0,78.21586949177964,214.6581834118408,101.78413050822031,214.65818341184084,36.15176250623837,0.0356025694597327,104.14337545987436,22.99148819569432,2.452741084398269,0.1065320544228265,8.356826101644064,8.586327336473628,0.2036963783811263,0.000313438324661,83.92967124845995,31.46418170062704,37.11198678113324,19.322158036679305,-0.23601554,0.1111848236798083,1.333776437774219,0.2223697273609719,0.2702286115182368,0.1457561782218598,0.12738698911678,0.0323902618270797,2.5428172882376816,0.1302159687688886,2.2725886767194448,0.1563350112119425,27.0,81.0,0.2307692307692307,1.0,3.0,2.076923076923077,6.0,6.0,0.0,0.2,27.0,243.0,0.6923076923076923,1.0,2.0,1.3076923076923077,18.0,18.0,0.0,0.6862745098039215,81.0,1.0,0.0,0.0,-0.674928605,1.0554997085409816,2.4403362658286163,2.7641801097143617,-0.394420606,0.8131498725399333,0.2289921780571279,0.3816536300952128,7.2,12.0,-1.156115165,-1.080743085,3.222164465828616,3.909141,0.534534099752059,1.1162557899909542,8.598977097386644e-16,1.1338214607267812e-15,2.7013886742298867,3.3854154129753025,-1.328045123,-1.286175363,2.701388674229887,3.385415412975304,1.1929546442588983,1.2564735183787226,7.544184552933559e-16,1.0220128534679725e-15,-3.504979971,-1.789769985,-1.789769985,-1.789769985,-7.811453736,-3.64157787,2.026719983302276,6.161479949236849,1.17,5.6437,11.07,0.0,0.0,8.0,6.0,0.0,0.0,0.0,2.0,8.0,8.0,28.8,-3.822639969,-3.822659969,-3.763499969,-3.822659969,-1.013363032,7.161906671003653,-1.395739989,6.599079945631553,1.83,7.9024,16.1877,4.0,6.0,0.0,0.0,0.0,0.0,0.0,2.0,4.0,8.0,8.4,-9.787249919,-9.787269919,3.47662997135677,-9.787269919,-3.814405005,16.99279956799987,-3.66805997,16.856479861122974,3.44,13.61805,35.1211,0.0,0.0,0.0,0.0,2.0,4.0,0.0,2.0,2.0,6.0,0.802,3.909141,221.0,3.909141
mp-1099591.cif,226,Na1 V1 O3,Na,V,V,O,NaVO3,3,0.6,1.154651388548643e-16,4.3500456856137474e-33,0.5381204817129283,0.0783383972559613,0.4405967335588698,0.0116574995916609,0.5943202251211832,0.0235627210496446,8.203275670879655e-39,1.2863519391544927e-76,-0.093337371,1.3310862706199118,-0.378295982,0.7248134945000917,1.3567497462935814,0.1178991573322342,36.15219089365591,0.0356378885175033,11.04521883272368,19.338392922614464,0.0322591383522448,0.0021852618279952,46.53414112730927,319.543111417914,25.96112285465784,242.4672029158585,7.395705071248447,15.136205136688096,35.665766360331325,325.49188587722136,33.36865209305676,369.5705181994916,33.36865209305675,369.5705181994913,0.919352154119388,0.0136578864249699,1.133621726159698,0.0374931655011533,0.1188558989470761,0.029664664132465,0.8613709665753145,0.001321072970008,2.787826407271928,0.9549823665488624,1.3225913835224463,0.2185261827995202,0.2457667131492334,0.0005250446487475,180.0,0.0,78.18260389092107,214.87103247349413,101.81739610907891,214.87103247349413,36.15219089365591,0.0356378885175033,104.13248852266264,23.014285710822044,2.3628673711445747,0.1016717001868785,8.363479221815785,8.594841298939762,0.2077505995283239,0.0001720531399615,100.2494175811128,70.68069678672337,35.12561653068006,6.83441792400124,-0.228106509,0.1092630477080126,1.3225913835224463,0.2185261827995202,0.2521314363885021,0.1334909885960927,0.1188558989470762,0.029664664132465,2.4469111832740755,0.1240833417008918,2.194779746885573,0.1458424095562472,27.0,81.0,0.2307692307692307,1.0,3.0,2.076923076923077,6.0,6.0,0.0,0.2,27.0,243.0,0.6923076923076923,1.0,2.0,1.3076923076923077,18.0,18.0,0.0,0.6862745098039215,81.0,1.0,0.0,0.0,-0.519157989,1.678949932801193,2.3558533608816945,2.668485934802824,-0.79273408,-0.707106781,0.2210646130394354,0.368441021732392,7.2,12.0,0.0,0.0,3.110615160881694,3.773809,0.0,0.0,5.328412347121429e-16,7.9256988153754335e-16,2.6078682992777225,3.2682144630303465,1.410687872563615,4.472653061224491,2.607868299277724,3.268214463030348,-1.838775719,-1.128909305,7.949115706515539e-16,1.368774871883577e-15,-2.665759978,-2.665759978,-2.665759978,-2.665759978,-0.496947569,4.962073789117701,-0.490429996,4.9517099592038925,0.93,5.139076,47.2864,0.0,0.0,0.0,0.0,0.0,0.0,1.0,1.0,1.0,1.0,24.11,-5.049649958,-4.732499961,-4.732499961,-4.732499961,0.0159499298721872,7.479533828386128,0.1019599991599727,7.555189937754362,1.63,6.74619,14.618,7.0,3.0,0.0,0.0,0.0,0.0,0.0,2.0,7.0,5.0,12.4,-9.787249919,-9.787269919,3.47662997135677,-9.787269919,-3.814405005,16.99279956799987,-3.66805997,16.856479861122974,3.44,13.61805,35.1211,0.0,0.0,0.0,0.0,2.0,4.0,0.0,2.0,2.0,6.0,0.802,3.773809,221.0,3.773809
mp-1099619.cif,227,Eu1 Mn1 O3,Eu,Mn,Mn,O,EuMnO3,3,0.6,9.198389693020114e-17,1.1746486686651724e-34,0.5375591077845084,0.0784063102078055,0.4408132882532112,0.0116676056856853,0.5940123478568149,0.0235831479921915,-1.39e-39,1.7184613275709683e-78,-0.082796038,1.3540696973585369,-0.360308921,0.7407323492946472,1.364812851336899,0.1157327344556734,36.1525695539408,0.0356687670795748,11.054038964792792,19.355157719869705,0.0311614003312829,0.0021451071625218,48.97637271491175,361.2460698754592,28.080375238670005,288.02187988510406,7.434517299923386,14.962842005207104,37.521570025592176,367.5307472406732,35.179648712039004,414.5870357229313,35.179648712039,414.5870357229314,0.9220964991717931,0.0134069197657612,1.1290747463975472,0.0368042203601407,0.1179499313268903,0.0307333885204812,0.8616883490780227,0.0013082916700734,2.78978643662062,0.9558102577713434,1.3116140033128247,0.2145107162521795,0.2472605342583891,0.0005606746562144,180.0,0.0,78.15320345069068,215.0573079985524,101.84679654930932,215.0573079985524,36.1525695539408,0.0356687670795748,104.12286657364577,23.03423740785169,2.4223707932154017,0.1097438678786936,8.36935930986186,8.60229231994209,0.214594056957105,0.0001357204393891,96.79616294083353,20.844996051683257,37.98101091469457,20.63529317325576,-0.220344334,0.1072553185706076,1.3116140033128247,0.2145107162521795,0.2502095888451964,0.1383002483421667,0.1179499313268905,0.0307333885204813,2.5057739894971345,0.1336866350073552,2.255564400651938,0.1540584991828154,27.0,81.0,0.2307692307692307,1.0,3.0,2.076923076923077,6.0,6.0,0.0,0.2,27.0,243.0,0.6923076923076923,1.0,2.0,1.3076923076923077,18.0,18.0,0.0,0.6862745098039215,81.0,1.0,0.0,0.0,-0.996663984,0.0100803568875282,2.420254315002223,2.741433191670371,-0.406272629,0.6906024094986954,0.227107761665926,0.3785129361098761,7.2,12.0,0.0,0.0,3.1956487150022217,3.876971999999998,0.0,0.0,5.883359154720995e-16,8.417327136156249e-16,2.679158477810442,3.3575562417609595,-0.24762833,0.6237913207263359,2.679158477810444,3.357556241760961,-0.587189539,0.4339247661251412,7.316503936128339e-16,8.705272929363196e-16,-2.358419981,-2.358419981,-2.358419981,-2.358419981,-7.773939136,-3.007723375,2.1781999820542635,6.07905994991589,1.2,5.67038,11.25,0.0,0.0,7.0,7.0,0.0,0.0,0.0,2.0,7.0,9.0,27.7,-4.293239965,-4.299769965,2.5982199785938063,-4.299769965,-0.789747513,7.106799981439508,-1.611869987,6.515149946323036,1.55,7.43402,15.64,5.0,5.0,0.0,0.0,0.0,0.0,0.0,2.0,5.0,7.0,9.4,-9.787249919,-9.787269919,3.47662997135677,-9.787269919,-3.814405005,16.99279956799987,-3.66805997,16.856479861122974,3.44,13.61805,35.1211,0.0,0.0,0.0,0.0,2.0,4.0,0.0,2.0,2.0,6.0,0.802,3.876972,221.0,3.876972
mp-1099668.cif,228,Sm1 Ni1 O3,Sm,Ni,Ni,O,SmNiO3,3,0.6,8.745541619705349e-17,7.811395741532244e-34,0.5400347552928999,0.0781020764167101,0.4398582864935358,0.0116223328001056,0.5953700802769317,0.0234916401722136,1.530556782548741e-40,1.8765257557843406e-79,-0.090427674,1.3213659964947846,-0.381453634,0.7211361504967287,1.352835895053926,0.1189038683615217,36.150899717971015,0.0355303922716309,11.01514236330285,19.2800554354393,0.0327919831180085,0.002203884154989,45.64740592792443,306.14840909803,25.201036374809583,228.4052981407864,7.359668748661649,15.163148827745012,34.96528330149209,311.927192268697,32.671785530163206,354.7662989707509,32.6717855301632,354.76629897075065,0.9180200422049788,0.0137742759686817,1.1358288414458868,0.0378126741197792,0.1197391199925981,0.0293849883672982,0.8610466182643624,0.0013223824518419,2.7811427474006334,0.9521015029846568,1.3279198311800833,0.2203884154989089,0.2468866750758225,0.0005793829702869,179.99999999999997,8.077935669463161e-28,78.28285878899048,214.22283817154795,101.7171412110095,214.22283817154795,36.150899717971015,0.0355303922716309,104.1652991976516,22.94485913535314,2.3419088143567985,0.0991241394321874,8.343428242201899,8.568913526861914,0.2144260180785842,0.0001250104646353,97.06173914654065,19.89022525409977,36.739848736646834,18.95426629023261,-0.231874289,0.1101941624822698,1.3279198311800833,0.2203884154989089,0.2540050311602279,0.1322324476528424,0.1197391199925981,0.0293849883672982,2.426577158076875,0.1213564038725269,2.1725721269166467,0.1428145756534037,27.0,81.0,0.2307692307692307,1.0,3.0,2.076923076923077,6.0,6.0,0.0,0.2,27.0,243.0,0.6923076923076923,1.0,2.0,1.3076923076923077,18.0,18.0,0.0,0.6862745098039215,81.0,1.0,0.0,0.0,-0.380011217,1.47528595280843,2.33479447424361,2.6446324370726835,-0.199325734,1.5493418086720316,0.2190885245854635,0.365147540975772,7.2,12.0,2.003521631416227,2.003521631416227,3.082809486243609,3.7400750599999983,-1.942228551,-1.942228551,6.988372984550911e-16,7.879484434146057e-16,2.584556660364428,3.239000014020606,-0.144267108,0.698851466845992,2.58455666036443,3.239000014020607,0.0194457890575961,1.3675651288529878,8.325724624640228e-16,1.0300217836753996e-15,-3.504979971,-1.789769985,-1.789769985,-1.789769985,-7.811453736,-3.64157787,2.026719983302276,6.161479949236849,1.17,5.6437,11.07,0.0,0.0,8.0,6.0,0.0,0.0,0.0,2.0,8.0,8.0,28.8,-2.825219977,-2.825229977,-2.697169978,-2.825229977,-0.396642997,8.055245913651854,-0.517239996,7.938709934594622,1.91,7.6398,18.16884,2.0,8.0,0.0,0.0,0.0,0.0,0.0,2.0,2.0,10.0,6.8,-9.787249919,-9.787269919,3.47662997135677,-9.787269919,-3.814405005,16.99279956799987,-3.66805997,16.856479861122974,3.44,13.61805,35.1211,0.0,0.0,0.0,0.0,2.0,4.0,0.0,2.0,2.0,6.0,0.802,3.74007269,221.0,3.74007269
mp-1099934.cif,230,Ca1 Co1 O3,Ca,Co,Co,O,CaCoO3,3,0.6,1.405787568230967e-16,4.071249422738433e-33,0.5424173342290285,0.0777977047696836,0.4389391867150516,0.0115770394002505,0.5966767706090992,0.0234000908877564,9.145080853118595e-39,2.1410158887651274e-76,-0.080776505,1.3198427520142646,-0.376355638,0.7246036138467753,1.3516239282066764,0.1192087758028873,36.14929269513573,0.0353919160612007,10.97770802619194,19.20491912028762,0.0329569843286822,0.0022095356168272,46.06963581291386,313.30736346981143,25.544170571355465,236.452167832551,7.329762487600835,15.108692420918771,35.25109013921133,319.1250556477971,32.91710007657707,362.5248791587666,32.91710007657706,362.5248791587664,0.9176075391782944,0.01380959760517,1.136512298838577,0.0379096378754746,0.1210950229925869,0.029830371613089,0.8607605369695321,0.0013173852059881,2.7728240058204308,0.9483910676685244,1.3295698432868197,0.2209535616827207,0.244112219564217,0.0005637989716884,180.0,0.0,78.40763991269353,213.387990225418,101.59236008730647,213.387990225418,36.14929269513573,0.0353919160612007,104.2061366461868,22.855440832550745,2.354185856944034,0.100546593481336,8.318472017461293,8.535519609016719,0.2107679868216116,0.0001274938911084,93.97669121228446,59.80735305369281,37.326185008045954,19.762751941171928,-0.233041024,0.110476736299906,1.3295698432868197,0.2209535616827207,0.2568813357779981,0.134236672258901,0.1210950229925869,0.029830371613089,2.439812968870034,0.1235430394292857,2.182931633092036,0.144044816424704,27.0,81.0,0.2307692307692307,1.0,3.0,2.076923076923077,6.0,6.0,0.0,0.2,27.0,243.0,0.6923076923076923,1.0,2.0,1.3076923076923077,18.0,18.0,0.0,0.6862745098039215,81.0,1.0,0.0,0.0,-0.106641575,3.2732820416588497,2.349411579956655,2.66118929992776,-0.016064373,1.3351576272153247,0.2204601400144484,0.3674335666907468,7.2,12.0,0.0987147707089309,1.0644635370840012,3.102109579956656,3.76349,-1.534322648,-1.054627076,9.837096284500112e-16,1.3101537679294726e-15,2.600737415605483,3.2592779468886937,-1.383844734,-1.315625563,2.600737415605484,3.259277946888695,0.9442489336912944,1.156965076280657,8.4394732510159535e-16,9.88405684410554e-16,-3.942079968,-3.942079968,-0.935069992,-0.935069992,1.3744005986758032,6.388740337367709,1.3953099885043316,6.391409947342504,1.0,6.11316,11.87172,0.0,0.0,0.0,0.0,0.0,0.0,0.0,2.0,0.0,2.0,25.73333333,-3.266299973,-3.266309973,-3.199689974,-3.266309973,-0.886438853,7.496390708240698,-0.985829992,7.265179940143695,1.88,7.88101,17.084,3.0,7.0,0.0,0.0,0.0,0.0,0.0,2.0,3.0,9.0,7.5,-9.787249919,-9.787269919,3.47662997135677,-9.787269919,-3.814405005,16.99279956799987,-3.66805997,16.856479861122974,3.44,13.61805,35.1211,0.0,0.0,0.0,0.0,2.0,4.0,0.0,2.0,2.0,6.0,0.802,3.76349,221.0,3.76349
mp-1120765.cif,231,Ba1 Ni1 O3,Ba,Ni,Ni,O,BaNiO3,3,0.6,1.1453131288917303e-16,8.777554724266427e-34,0.5351100962475517,0.0786952101417506,0.4417580149638318,0.0117105967472843,0.5926692235429956,0.0236700436754484,6.60248640050615e-41,5.2745844703128685e-78,-0.09661568,1.3486537267618937,-0.371387557,0.7322600971107986,1.3636921000176203,0.1160416424341478,36.15422138442691,0.035800204839372,11.092517070207393,19.42647473213502,0.0313139831542133,0.0021508327744389,53.1724902421153,420.9365107253125,31.75778802540762,363.5951993834729,7.455591885511862,15.06957902754078,40.78898531574339,428.54449765775337,38.24528572123647,484.9429567642313,38.245285721236456,484.9429567642314,0.9217150421144664,0.0134427048402435,1.129706765143978,0.0369024563300622,0.1232267876336638,0.0333073647218771,0.8619063453388168,0.0013171649421992,2.7983371267127533,0.9593320855375318,1.3131398315421328,0.2150832774438975,0.2564454664153263,0.0001734911823824,179.99999999999997,8.07793566946316e-28,78.02494309930867,215.8497192459447,101.97505690069131,215.8497192459447,36.15422138442691,0.035800204839372,104.08089046886468,23.119110425020168,2.522829721671969,0.1176056162419169,8.39501138013826,8.633988769837787,0.2198634246406759,1.6808941233466874e-05,101.61223080770438,47.52087965547971,36.43905732651207,11.447888438941453,-0.221423262,0.1075416034275253,1.3131398315421328,0.2150832774438975,0.2614034914787956,0.149883141248447,0.1232267876336638,0.0333073647218771,2.609964218831568,0.14280433554252,2.348560727352772,0.1671302718063423,27.0,81.0,0.2307692307692307,1.0,3.0,2.076923076923077,6.0,6.0,0.0,0.2,27.0,243.0,0.6923076923076923,1.0,2.0,1.3076923076923077,18.0,18.0,0.0,0.6862745098039215,81.0,1.0,0.0,0.0,-0.92899612,0.3212563915266613,2.5162111935320706,2.8501239892201182,-0.615330513,-0.322215202,0.2361120021559766,0.3935200035932938,7.2,12.0,0.0,0.0,3.322347993532069,4.030683999999998,0.0,0.0,6.448850945859198e-16,8.881784197001252e-16,2.7853802426158625,3.4906747386274737,-0.819944454,0.2102440828402367,2.785380242615864,3.490674738627474,0.5259064463242747,1.670652989322002,1.2523283950214616e-15,1.8714690309562897e-15,-3.358279972,-3.358279972,-1.334939989,-1.334939989,1.4983806876590446,5.406739955395823,1.6443999864521308,5.413399955400124,0.89,5.211664,10.00383,0.0,0.0,0.0,0.0,0.0,0.0,0.0,2.0,0.0,2.0,39.7,-2.825219977,-2.825229977,-2.697169978,-2.825229977,-0.396642997,8.055245913651854,-0.517239996,7.938709934594622,1.91,7.6398,18.16884,2.0,8.0,0.0,0.0,0.0,0.0,0.0,2.0,2.0,10.0,6.8,-9.787249919,-9.787269919,3.47662997135677,-9.787269919,-3.814405005,16.99279956799987,-3.66805997,16.856479861122974,3.44,13.61805,35.1211,0.0,0.0,0.0,0.0,2.0,4.0,0.0,2.0,2.0,6.0,0.802,4.030684,221.0,4.030684
mp-1147577.cif,232,Gd1 Cr1 O3,Gd,Cr,Cr,O,GdCrO3,3,0.6,1.1104082696554427e-16,1.7545074383120202e-34,0.5415273600387017,0.0779127263017966,0.4392825017124196,0.0115941556996721,0.5961886773699856,0.0234346872079622,1.982102574035372e-39,7.597608655990888e-78,-0.096670635,1.298666802074694,-0.39666025,0.7066197377356009,1.344618448740086,0.120913651902913,36.1498930730314,0.0354442355026958,10.991691023084726,19.23331300707208,0.0339107336747338,0.0022411355091146,48.9844885521098,346.2739762435979,27.964660199110096,277.9738476262646,7.3104720051478065,15.30139324678882,37.520885277865965,353.19429717498576,34.97921819941454,404.1138385933969,34.979218199414525,404.11383859339657,0.9152231658131652,0.0140070969319665,1.1404628579809677,0.0384518063132211,0.1281831632734985,0.0320225353851842,0.8606276852848553,0.0013322006639407,2.7759313384632724,0.9497932349171394,1.3391073367473367,0.2241135509114651,0.2582957128131374,0.0001412574102103,180.0,0.0,78.36102992305089,213.70347785635627,101.6389700769491,213.70347785635627,36.1498930730314,0.0354442355026958,104.1908825202712,22.88923200841633,2.428241598262749,0.1039308435811169,8.327794015389816,8.548139114254255,0.211482212907678,0.0002094975983232,84.5441379995648,88.08014213071735,25.37232129845128,330.41721658901866,-0.239785053,0.1120567339616077,1.3391073367473367,0.2241135509114651,0.2719175519539002,0.1441014092333291,0.1281831632734985,0.0320225353851842,2.518880782247383,0.1275923464134521,2.2469632302934825,0.1526754440719996,27.0,81.0,0.2307692307692307,1.0,3.0,2.076923076923077,6.0,6.0,0.0,0.2,27.0,243.0,0.6923076923076923,1.0,2.0,1.3076923076923077,18.0,18.0,0.0,0.6862745098039215,81.0,1.0,0.0,0.0,-1.172716648,-0.391539245,2.416985668338447,2.7377307805640787,-0.506400621,0.0993561946428679,0.2268010438871845,0.3780017398119737,7.2,12.0,-0.562552731,-0.562552731,3.1913328683384465,3.871736,-1.481672353,-1.481672353,6.119962055768018e-16,7.235140041955168e-16,2.675540171103606,3.353021732746745,-0.232189524,0.4452892561983459,2.6755401711036075,3.3530217327467464,-0.288897044,0.8107096815930473,6.642413652955672e-16,8.449805689490292e-16,-2.019969983,-2.019969983,-0.470109996,-0.470109996,0.8464991929314734,4.172045865545114,2.6839699778873296,6.535999946151256,1.2,6.1498,12.09,9.0,1.0,7.0,7.0,0.0,0.0,0.0,2.0,16.0,10.0,23.5,-4.787509961,-4.787509961,-4.710739961,-4.787509961,-3.386652872,7.192547130741292,-0.713879994,7.198049940696766,1.66,6.76651,16.4857,5.0,5.0,0.0,0.0,0.0,0.0,1.0,1.0,6.0,6.0,11.6,-9.787249919,-9.787269919,3.47662997135677,-9.787269919,-3.814405005,16.99279956799987,-3.66805997,16.856479861122974,3.44,13.61805,35.1211,0.0,0.0,0.0,0.0,2.0,4.0,0.0,2.0,2.0,6.0,0.802,3.871736,221.0,3.871736
mp-11775.cif,233,Rb1 U1 O3,Rb,U,U,O,RbUO3,3,0.6,9.117727367472176e-17,1.096482456491615e-34,0.5315005831085687,0.0790991414069563,0.4431504148865249,0.0117707055665113,0.5906896392148455,0.0237915386263111,5.9297493802942486e-40,6.990164646633933e-79,-0.121210245,1.3322477905870007,-0.394043934,0.7135409452995481,1.3594753580044907,0.117181378499719,36.15665585819714,0.0359839705953266,11.149228614829084,19.52618805017436,0.0318880644787257,0.0021719577916732,61.78875035623287,554.6068352433366,39.74494980768248,555.2603969762908,7.476177142190954,15.287741307274594,47.49815631585105,565.4469854774162,44.51107365103711,644.4177668350253,44.51107365103711,644.4177668350253,0.9202798388031858,0.0135747361979575,1.1320846878491595,0.0372649043247287,0.1347537191676146,0.0387861419952665,0.862145204153825,0.0013347534852749,2.810939692184241,0.9642562000086105,1.3188806447872563,0.21719577916732,0.2425350941495815,0.0006467866886123,180.0,0.0,77.83590461723638,216.95764500193744,102.16409538276362,216.95764500193744,36.15665585819714,0.0359839705953266,104.01902329619143,23.23777739648629,2.7182337432516426,0.1327541986277242,8.432819076552724,8.678305800077494,0.2024351240438788,0.0003702446705658,80.59519823387016,83.6023604066184,36.32341842784182,11.126859579999945,-0.225482636,0.1085978608021553,1.3188806447872563,0.21719577916732,0.2858558058405846,0.1745376389786997,0.1347537191676146,0.0387861419952665,2.8135190118651714,0.1604514690798889,2.5276632060245867,0.193718083709195,27.0,81.0,0.2307692307692307,1.0,3.0,2.076923076923077,6.0,6.0,0.0,0.2,27.0,81.0,0.2307692307692307,1.0,3.0,2.076923076923077,6.0,6.0,0.0,0.2,81.0,1.0,0.0,0.0,-0.593389744,1.7339319470699437,2.70204686591316,3.0606209098552664,-0.188551258,1.752791850091172,0.253550138028947,0.4225835633815777,7.2,12.0,0.0,0.0,3.5677211859131583,4.328371599999998,0.0,0.0,6.939170100248908e-16,7.832997394602942e-16,2.9910954908247858,3.748479762619095,-1.493617318,-1.144428977,2.991095490824787,3.748479762619096,-0.682608237,-0.302886578,1.1482027299107442e-15,1.9781964989937384e-15,-2.123489983,-2.123489983,-2.123489983,-2.123489983,-0.344400577,3.992618027090578,-0.348109997,3.9702199672901832,0.8200000000000001,4.177128,27.2895,0.0,0.0,0.0,0.0,0.0,0.0,1.0,1.0,1.0,1.0,47.27,-4.158209966,-1.579059987,-1.579059987,-1.579059987,1.0522473915431574,5.142908157717935,1.3298399890437251,4.478339963103889,1.38,6.1941,10.6,9.0,1.0,11.0,3.0,0.0,0.0,0.0,2.0,20.0,6.0,24.9,-9.787249919,-9.787269919,3.47662997135677,-9.787269919,-3.814405005,16.99279956799987,-3.66805997,16.856479861122974,3.44,13.61805,35.1211,0.0,0.0,0.0,0.0,2.0,4.0,0.0,2.0,2.0,6.0,0.802,4.328369569999999,221.0,4.328369569999999
mp-1178268.cif,234,Gd1 Al1 O3,Gd,Al,Al,O,GdAlO3,3,0.6,1.068509312128975e-16,3.0999977368902186e-33,0.5340306710184293,0.078818736863692,0.4421744122860497,0.0117289786999541,0.5920772286714704,0.0237071981972824,-5.9e-39,5.6631165189736945e-77,-0.119155752,1.3163392759653063,-0.400899402,0.7060466261255293,1.353215339029788,0.118807803728973,36.15494937376528,0.0358564006499512,11.109476662731383,19.45696818577997,0.0327403243474275,0.0022021035963679,45.96244043935248,304.24577534739313,25.46489727628087,227.3450433234606,7.424108044731436,15.356452119125214,35.30811165900559,310.3658852365533,33.02403609013044,354.9002980321413,33.02403609013044,354.9002980321413,0.9181491891314312,0.0137631474772998,1.1356148638119852,0.037782124563561,0.1193987507711966,0.0292867619419319,0.8616815740060331,0.0013390544121048,2.802105925051419,0.9608379351002454,1.3274032434742735,0.2202103596367991,0.2534094635074779,0.0002491967864374,180.0,0.0,77.96841112422868,216.1885353975556,102.0315888757713,216.1885353975556,36.15494937376528,0.0358564006499512,104.06238906619087,23.15540013025509,2.3467786203648435,0.0975550610311499,8.406317775154257,8.647541415902207,0.2102852667111897,0.0001903140765218,97.67389914424488,68.56184961191764,25.82551463033134,324.7618742548244,-0.231509006,0.1101051344151233,1.3274032434742735,0.2202103596367991,0.2532829990065478,0.131790428738694,0.1193987507711966,0.0292867619419319,2.431206286700359,0.1183830306481645,2.177923287693812,0.1437594076229172,27.0,81.0,0.2307692307692307,1.0,3.0,2.076923076923077,6.0,6.0,0.0,0.2,27.0,243.0,0.6923076923076923,1.0,2.0,1.3076923076923077,18.0,18.0,0.0,0.6862745098039215,81.0,1.0,0.0,0.0,-0.679488508,1.2144132406455306,2.3318310552535904,2.6412757587559845,-0.350650776,1.1819999225109716,0.2188104482488037,0.364684080414672,7.2,12.0,-1.368467677,-1.361000733,3.078896655253589,3.735327999999999,-0.313448205,1.2414982553550329,8.475512604957568e-16,9.08505499942454e-16,2.5812762327410983,3.234888939467317,-1.124767189,-0.950759768,2.5812762327411,3.234888939467317,0.4504146674156154,1.3349299204670335,1.1713081561196597e-15,1.6068785302786977e-15,-2.019969983,-2.019969983,-0.470109996,-0.470109996,0.8464991929314734,4.172045865545114,2.6839699778873296,6.535999946151256,1.2,6.1498,12.09,9.0,1.0,7.0,7.0,0.0,0.0,0.0,2.0,16.0,10.0,23.5,-8.290709932,-2.361949981,-2.361949981,-2.361949981,0.4441415743394725,5.425257643300485,0.4751699960851733,5.362649955818243,1.61,5.985768,18.82855,0.0,0.0,0.0,0.0,5.0,1.0,0.0,2.0,5.0,3.0,6.8,-9.787249919,-9.787269919,3.47662997135677,-9.787269919,-3.814405005,16.99279956799987,-3.66805997,16.856479861122974,3.44,13.61805,35.1211,0.0,0.0,0.0,0.0,2.0,4.0,0.0,2.0,2.0,6.0,0.802,3.735328,221.0,3.735328
mp-1178510.cif,235,Ba1 Pd1 O3,Ba,Pd,Pd,O,BaPdO3,3,0.6,1.202735613348337e-16,1.5661393391807018e-33,0.5349975853963566,0.0787081943903608,0.441801416966948,0.011712528927137,0.5926075186234685,0.0236739490939757,1.936864242227776e-39,2.3178251078591937e-78,-0.104637139,1.3351585680149065,-0.382956359,0.7220522559284241,1.3591577396383372,0.1172657868405855,36.15429727066366,0.0358061116634225,11.094284805608895,19.42967998664908,0.0319313061037852,0.0021735223008848,55.90366130357564,459.27204737561937,34.20225266230213,417.3323474463352,7.438250687292382,15.182391732279209,42.90314837342885,467.9352356333399,40.182187834704536,531.704419781101,40.18218783470451,531.7044197810999,0.9201717347405372,0.0135845143805304,1.1322638005247456,0.0372917470591093,0.1286982149251087,0.0353082164840998,0.8617722769577039,0.0013256579575765,2.798729956801976,0.959490369711066,1.3193130610378487,0.2173522300884878,0.2573300717877672,0.0001353285243211,180.0,0.0,78.01905064797032,215.8853331849896,101.98094935202964,215.8853331849896,36.15429727066366,0.0358061116634225,104.07896203024482,23.122924942788963,2.587594158655461,0.1216722145377462,8.396189870405928,8.635413327399592,0.2099829020285851,0.0001563773572328,96.40158193784144,81.1527763375345,25.059876288007075,295.1802597008861,-0.225788396,0.1086760818474234,1.3193130610378487,0.2173522300884878,0.2730101415004451,0.1588869741784496,0.1286982149251087,0.0353082164840998,2.67859753915561,0.1477958378048532,2.4055873976551645,0.1753496174558324,27.0,81.0,0.2307692307692307,1.0,3.0,2.076923076923077,6.0,6.0,0.0,0.2,27.0,243.0,0.6923076923076923,1.0,2.0,1.3076923076923077,18.0,18.0,0.0,0.6862745098039215,81.0,1.0,0.0,0.0,-1.092336575,-0.174652116,2.5771287541491867,2.9191255902486453,-0.244281959,1.1413657759420412,0.2418282819502714,0.4030471365837849,7.2,12.0,0.0,0.0,3.4027821541491856,4.128266999999998,0.0,0.0,5.964875802011207e-16,8.197515617344362e-16,2.8528143952845366,3.57518409560497,0.008104673395716,1.0792295608223474,2.852814395284538,3.5751840956049725,-0.491215762,0.3201235902794468,7.799609583985001e-16,1.3807294645527456e-15,-3.358279972,-3.358279972,-1.334939989,-1.334939989,1.4983806876590446,5.406739955395823,1.6443999864521308,5.413399955400124,0.89,5.211664,10.00383,0.0,0.0,0.0,0.0,0.0,0.0,0.0,2.0,0.0,2.0,39.7,-5.069039958,-5.069039958,-2.683859978,-2.683859978,-0.0178384,10.099679516760922,0.0108299999107738,10.019159917454228,2.2,8.3369,19.43,0.0,10.0,0.0,0.0,0.0,0.0,0.0,0.0,0.0,10.0,4.8,-9.787249919,-9.787269919,3.47662997135677,-9.787269919,-3.814405005,16.99279956799987,-3.66805997,16.856479861122974,3.44,13.61805,35.1211,0.0,0.0,0.0,0.0,2.0,4.0,0.0,2.0,2.0,6.0,0.802,4.128267,221.0,4.128267
mp-1183043.cif,236,Zr1 Si1 O3,Zr,Si,Si,O,ZrSiO3,3,0.6,1.006685365012352e-16,1.9751548432664896e-34,0.5364920683271022,0.0785336591330175,0.44122490766026,0.0116865564186037,0.5934271457793971,0.0236214521611029,1.8036184827920108e-39,7.494062855507442e-79,0.2891310207626572,1.8770513632318624,0.2007624728740563,0.9050069266569318,1.5936995614681355,3.82067922885752e-19,36.15328917679823,0.0357266965620609,11.070803955934744,19.38659471169348,0.0337378546669897,0.002235542629168,44.18489918351882,277.79502783654243,23.9643076013152,200.25568974671344,7.368400330613474,15.447103278944963,33.92363111168733,283.6016387197803,31.659646567682543,325.7336149973204,31.659646567682536,325.7336149973202,0.9156553633325256,0.0139721414323002,1.1397467696843957,0.0383558476638823,0.1206697798214008,0.0285986195428643,0.8611907730198487,0.0013450073210925,2.793511990207721,0.9573627018120234,1.3373785466698958,0.2235542629168047,0.2434382293131144,0.0005388743594883,180.0,0.0,78.09732014688417,215.4066079077054,101.9026798531158,215.4066079077054,36.15328917679823,0.0357266965620609,104.10457745775152,23.07165005919871,2.303420055427057,0.0922353198809778,8.38053597062316,8.616264316308213,0.2070346526263687,0.0003001222300201,92.31462582664292,63.23984905661473,35.66371536932429,19.470910545644937,-0.238562606,0.1117770825999562,1.3373785466698958,0.2235542629168047,0.2559792587880005,0.1286937879428896,0.1206697798214008,0.0285986195428643,2.3887464750230576,0.1123601223286251,2.1327672162350573,0.1377815736142768,27.0,81.0,0.2307692307692307,1.0,3.0,2.076923076923077,6.0,6.0,0.0,0.2,27.0,243.0,0.6923076923076923,1.0,2.0,1.3076923076923077,18.0,18.0,0.0,0.6862745098039215,81.0,1.0,0.0,0.0,-0.612433023,1.479732018517821,2.2869745605962946,2.5904666009938246,-0.359840368,0.9792617751951296,0.2146012798012353,0.3576687996687251,7.2,12.0,1.1728324039236762,2.001276538564902,3.0196691605962944,3.6634729999999993,-1.370917239,0.3535533905932737,7.688004118101663e-16,8.373826446313467e-16,2.531621261690736,3.172660684078387,1.0517500047793136,3.4908884688090733,2.531621261690737,3.172660684078388,-0.586505292,1.1491554308799523,7.060662647424256e-16,8.65267261137198e-16,-4.648009962,-3.055889975,-3.055889975,-3.055889975,0.5037961558380569,7.098576891509628,0.5568399954123112,7.006299942276553,1.33,6.6339,13.1,8.0,2.0,0.0,0.0,0.0,0.0,0.0,2.0,8.0,4.0,17.9,-11.7771599,-3.946819967,-3.946819967,-3.946819967,-0.706170785,7.529908477963954,-0.671079994,7.4689799384646305,1.9,8.15168,16.34584,0.0,0.0,0.0,0.0,4.0,2.0,0.0,2.0,4.0,4.0,5.53,-9.787249919,-9.787269919,3.47662997135677,-9.787269919,-3.814405005,16.99279956799987,-3.66805997,16.856479861122974,3.44,13.61805,35.1211,0.0,0.0,0.0,0.0,2.0,4.0,0.0,2.0,2.0,6.0,0.802,3.663472999999999,221.0,3.663472999999999
mp-1076820.cif,237,Mg1 Co1 O3,Mg,Co,Co,O,MgCoO3,3,0.6,7.808429609650747e-17,6.074812643047029e-36,0.54176636797468,0.0778819921617882,0.4391903023994472,0.0115895821669327,0.5963197577528928,0.0234254429549129,-4.25e-40,6.495375695179701e-79,-0.081267633,1.3240429137854546,-0.374535687,0.7265036841258536,1.3532573100692176,0.1187971601586833,36.14973186713328,0.0354302538574854,10.987935804941928,19.225726065081457,0.0327346102724186,0.0022019063175547,43.53326342375706,280.4152031610991,23.472403916283376,199.8125495559442,7.343252228455403,15.093531595034955,33.31625392485605,285.5839912054414,31.12629736385724,324.1541920587985,31.126297363857216,324.1541920587981,0.9181634743189536,0.013761914484717,1.1355911953383335,0.0377787397942391,0.1169026611656558,0.0280823393514447,0.8608805552979428,0.0013164998131472,2.7750968455426506,0.9494185711151336,1.3273461027241833,0.2201906317554717,0.2460757549142329,0.0005492018138427,180.0,0.0,78.37354731686023,213.6191785009053,101.62645268313976,213.6191785009053,36.14973186713328,0.0354302538574854,104.19497912188152,22.880202920427493,2.28785963356695,0.0953083168734649,8.325290536627952,8.544767140036203,0.2073564426354491,0.0002469104330331,88.81027758587737,13.83573279821199,27.47796075586325,369.0894867140734,-0.231468598,0.1100952675332408,1.3273461027241833,0.2201906317554717,0.2479879933469656,0.1263705270815019,0.1169026611656559,0.0280823393514448,2.37052229801594,0.1169753860933253,2.122534304668973,0.1362211964880793,27.0,81.0,0.2307692307692307,1.0,3.0,2.076923076923077,6.0,6.0,0.0,0.2,27.0,243.0,0.6923076923076923,1.0,2.0,1.3076923076923077,18.0,18.0,0.0,0.6862745098039215,81.0,1.0,0.0,0.0,-0.262511962,2.442379671077341,2.2834815097277392,2.5865100062128987,-0.709795026,-0.631676233,0.2142735047574205,0.3571225079290336,7.2,12.0,-0.438591776,-0.438591776,3.015057015727738,3.657877529999999,1.0797477908533188,1.0797477908533188,6.46822673294356e-16,7.047625128960819e-16,2.527754545375056,3.167814864912273,1.5553200859396248,2.386307804426826,2.5277545453750574,3.167814864912274,-1.840823555,-1.759897271,7.34266550015967e-16,7.86788842428047e-16,-5.042249958,-5.042249958,-0.770419994,-0.770419994,0.9719288889917772,8.12606364204918,1.0191899916031055,8.109879933184388,1.31,7.646235,15.03527,0.0,0.0,0.0,0.0,0.0,0.0,0.0,2.0,0.0,2.0,10.76666667,-3.266299973,-3.266309973,-3.199689974,-3.266309973,-0.886438853,7.496390708240698,-0.985829992,7.265179940143695,1.88,7.88101,17.084,3.0,7.0,0.0,0.0,0.0,0.0,0.0,2.0,3.0,9.0,7.5,-9.787249919,-9.787269919,3.47662997135677,-9.787269919,-3.814405005,16.99279956799987,-3.66805997,16.856479861122974,3.44,13.61805,35.1211,0.0,0.0,0.0,0.0,2.0,4.0,0.0,2.0,2.0,6.0,0.802,3.657883479999999,221.0,3.657883479999999
mp-1016827.cif,241,Mg1 Ge1 O3,Mg,Ge,Ge,O,MgGeO3,3,0.6,9.666119033358412e-17,1.796634255097515e-34,0.5372850292007345,0.0784392382465418,0.4409190163622842,0.0116725056914496,0.5938620334935671,0.0235930521288427,1.3383524958081191e-39,2.1535710839876806e-79,0.2930077183204251,1.8747945875304184,0.2034543162926752,0.9039188383490014,1.5936995614698846,3.8160856326375334e-19,36.15275439123505,0.0356837360275608,11.058345202015111,19.36328624143204,0.0333557085504654,0.0022229675621429,45.398879819144256,296.4644857045472,24.973684398531063,219.6103405463626,7.371558878162784,15.35422082133516,34.83398992917671,302.4556979068831,32.528308187176194,346.20707306482706,32.52830818717619,346.20707306482694,0.9166107286238364,0.0138935472633933,1.1381638686416693,0.0381400936232817,0.121084297220515,0.0292933091771964,0.861198742440971,0.0013377418732462,2.7907433782255806,0.9562116662435576,1.333557085504652,0.2222967562142943,0.2443037394844448,0.0005744432651283,180.0,0.0,78.13884932661628,215.14762490480047,101.86115067338372,215.14762490480047,36.15275439123505,0.0356837360275608,104.11816885007092,23.04391114178668,2.3347850203676863,0.0960720532090592,8.372230134676741,8.605904996192018,0.2013145447605382,0.0008317702623429,91.79590714092726,9.783376768222803,26.69677366185173,359.849750389277,-0.235860428,0.1111483316363599,1.333557085504652,0.2222967562142943,0.2568585829795007,0.131819891297384,0.121084297220515,0.0292933091771964,2.42040454802752,0.1171699749740962,2.163545965048019,0.1417561372105741,27.0,81.0,0.2307692307692307,1.0,3.0,2.076923076923077,6.0,6.0,0.0,0.2,27.0,243.0,0.6923076923076923,1.0,2.0,1.3076923076923077,18.0,18.0,0.0,0.6862745098039215,81.0,1.0,0.0,0.0,0.3435672903733265,5.0332488417973344,2.3211218051548377,2.6291453419247293,-0.378563701,1.2979441176204545,0.2178055316150545,0.3630092193584237,7.2,12.0,-0.75580242,-0.75580242,3.064756405154837,3.7181729999999993,-0.790379653,-0.790379653,7.308195445573321e-16,7.786232813097932e-16,2.569421371863373,3.2200322736653955,-1.117130367,-0.856660733,2.569421371863375,3.220032273665397,-0.574119199,0.2486455159309988,8.14705794249776e-16,1.204874762635474e-15,-5.042249958,-5.042249958,-0.770419994,-0.770419994,0.9719288889917772,8.12606364204918,1.0191899916031055,8.109879933184388,1.31,7.646235,15.03527,0.0,0.0,0.0,0.0,0.0,0.0,0.0,2.0,0.0,2.0,10.76666667,-12.6643599,-3.782329969,-3.782329969,-3.782329969,-0.612054095,7.280624070018371,-0.579449995,7.220969940507932,2.01,7.89943,15.93461,0.0,10.0,0.0,0.0,4.0,2.0,0.0,2.0,4.0,14.0,5.84,-9.787249919,-9.787269919,3.47662997135677,-9.787269919,-3.814405005,16.99279956799987,-3.66805997,16.856479861122974,3.44,13.61805,35.1211,0.0,0.0,0.0,0.0,2.0,4.0,0.0,2.0,2.0,6.0,0.802,3.718173,221.0,3.718173
mp-1016823.cif,242,Ba1 Ge1 O3,Ba,Ge,Ge,O,BaGeO3,3,0.6,1.0710094832385524e-16,5.55739345291916e-34,0.53303912075591,0.0789301539180714,0.4425569111039562,0.0117455586187606,0.5915334275313507,0.0237407103581699,8.384183213243366e-40,2.8371943153991767e-79,0.2722499439511098,1.886528077866273,0.1890408425850716,0.9095760570249616,1.5936995614605194,3.839974183309682e-19,36.15561821446415,0.0359070859990127,11.12505559118858,19.48447228148964,0.0333900725697773,0.0022241103107627,52.38626036636588,388.46783537886,30.95394381169553,330.8929941674462,7.415001550365739,15.50309950849682,40.2781702348684,396.70962395908447,37.63309273015227,456.1154854877589,37.63309273015226,456.1154854877584,0.9165248185755568,0.013900689442267,1.1383062090702358,0.0381597000899205,0.1297570437407603,0.0335879487944714,0.8616310270064469,0.0013504112808456,2.8055679091530177,0.9621961620488708,1.3339007256977715,0.222411031076273,0.2462734975325711,0.0004324847638505,180.0,0.0,77.91648136270473,216.49413646099617,102.08351863729528,216.49413646099617,36.15561821446415,0.0359070859990127,104.04539390052156,23.18813230193805,2.505739888791588,0.1087859727691303,8.416703727459055,8.65976545843984,0.2069864861272697,0.0002964890262277,92.0282452550676,64.1871152276564,37.158965020419046,19.21245175096853,-0.236103427,0.1112054776402081,1.3339007256977715,0.222411031076273,0.2752562566074337,0.151145769575122,0.1297570437407603,0.0335879487944714,2.597491974327399,0.1318248963359953,2.3222357177199653,0.1634719720188154,27.0,81.0,0.2307692307692307,1.0,3.0,2.076923076923077,6.0,6.0,0.0,0.2,27.0,243.0,0.6923076923076923,1.0,2.0,1.3076923076923077,18.0,18.0,0.0,0.6862745098039215,81.0,1.0,0.0,0.0,-0.749124119,0.5385593427551463,2.4848138321962043,2.8145600536603403,-0.073321769,0.8785731721510857,0.2331657892679322,0.3886096487798864,7.2,12.0,-0.5472,-0.5472,3.2808916321962034,3.9803889999999993,1.304,1.304,6.368797218280356e-16,7.401486830834377e-16,2.750624181534824,3.4471179909441347,-1.004601944,-0.798140906,2.750624181534825,3.4471179909441365,-0.140464898,0.8644720662651685,7.94198522116506e-16,8.757557320955461e-16,-3.358279972,-3.358279972,-1.334939989,-1.334939989,1.4983806876590446,5.406739955395823,1.6443999864521308,5.413399955400124,0.89,5.211664,10.00383,0.0,0.0,0.0,0.0,0.0,0.0,0.0,2.0,0.0,2.0,39.7,-12.6643599,-3.782329969,-3.782329969,-3.782329969,-0.612054095,7.280624070018371,-0.579449995,7.220969940507932,2.01,7.89943,15.93461,0.0,10.0,0.0,0.0,4.0,2.0,0.0,2.0,4.0,14.0,5.84,-9.787249919,-9.787269919,3.47662997135677,-9.787269919,-3.814405005,16.99279956799987,-3.66805997,16.856479861122974,3.44,13.61805,35.1211,0.0,0.0,0.0,0.0,2.0,4.0,0.0,2.0,2.0,6.0,0.802,3.980388999999999,221.0,3.980388999999999
mp-1016821.cif,243,Ba1 Si1 O3,Ba,Si,Si,O,BaSiO3,3,0.6,7.476123862873527e-17,9.43780306719444e-34,0.5308378109705923,0.0791704789684077,0.4434060847894031,0.0117813212750606,0.5903261515956144,0.0238129956272164,7.233619704311225e-40,5.3770061444657437e-79,0.2614879851301921,1.892272143128641,0.1815681141630447,0.9123455171214936,1.5936995614556635,3.851664710782246e-19,36.15710291570353,0.0360164267128538,11.159641883940344,19.543798236772663,0.03213121882273,0.0021807066592388,48.64486976425888,341.1888042448168,27.75259964296469,268.8603100053371,7.475824691278328,15.35231871042031,37.41165801884269,348.0145009961886,35.04646525846291,397.5199341069281,35.046465258462895,397.5199341069278,0.9196719529431744,0.0136294166202427,1.133091866119525,0.0374150111610737,0.1203649196745407,0.0306014997148361,0.8621565445383728,0.0013398173401995,2.813253751986743,0.9651258388529712,1.3213121882273002,0.2180706659238843,0.2458841204368843,0.0006178080933291,180.0,0.0,77.80119372019882,217.15331374191925,102.19880627980118,217.15331374191925,36.15710291570353,0.0360164267128538,104.00766338104928,23.258734945668483,2.4118185551056004,0.1035599289402591,8.43976125596023,8.68613254967674,0.2029921116987252,0.0008556808938933,92.81155579984814,7.252894004628032,27.6288621820052,363.1535994512783,-0.227201984,0.1090352914781031,1.3213121882273002,0.2180706659238843,0.2553325527565264,0.137706748716763,0.1203649196745407,0.0306014997148361,2.4969294060244427,0.1250602200220771,2.2415968532679167,0.1523638459211324,27.0,81.0,0.2307692307692307,1.0,3.0,2.076923076923077,6.0,6.0,0.0,0.2,27.0,243.0,0.6923076923076923,1.0,2.0,1.3076923076923077,18.0,18.0,0.0,0.6862745098039215,81.0,1.0,0.0,0.0,-0.581407892,1.081943091926478,2.3952619030113413,2.713124171685568,-0.204013255,1.1129715686267745,0.2247625656628868,0.3746042761048107,7.2,12.0,-0.934137364,-0.934137364,3.16264930301134,3.836937,1.3020591458601565,1.3020591458601565,6.42237639865077e-16,9.08505499942454e-16,2.651492528802004,3.3228849147204502,-0.722285584,0.4828607185372853,2.651492528802005,3.3228849147204502,0.3130141511778392,1.3019327948285908,9.521189370642553e-16,1.3253966831273338e-15,-3.358279972,-3.358279972,-1.334939989,-1.334939989,1.4983806876590446,5.406739955395823,1.6443999864521308,5.413399955400124,0.89,5.211664,10.00383,0.0,0.0,0.0,0.0,0.0,0.0,0.0,2.0,0.0,2.0,39.7,-11.7771599,-3.946819967,-3.946819967,-3.946819967,-0.706170785,7.529908477963954,-0.671079994,7.4689799384646305,1.9,8.15168,16.34584,0.0,0.0,0.0,0.0,4.0,2.0,0.0,2.0,4.0,4.0,5.53,-9.787249919,-9.787269919,3.47662997135677,-9.787269919,-3.814405005,16.99279956799987,-3.66805997,16.856479861122974,3.44,13.61805,35.1211,0.0,0.0,0.0,0.0,2.0,4.0,0.0,2.0,2.0,6.0,0.802,3.836937,221.0,3.836937
mp-1075911.cif,245,Rb1 Nb1 O3,Rb,Nb,Nb,O,RbNbO3,3,0.6,1.157063045177866e-16,6.563578932737217e-34,0.5429379420051613,0.0777296863191575,0.4387383579053675,0.0115669176070174,0.5969622902775595,0.0233796322131841,1.944991591899432e-39,1.5189185151500001e-78,-0.07086868,1.333053074377056,-0.363564346,0.7355275707243025,1.3560922741888275,0.1180700756767947,36.148941648878605,0.0353609590055633,10.96952839919247,19.188128279929167,0.0323486487994965,0.0021884298007964,54.488162180286594,444.4847504084972,32.88796568801384,396.6880603592256,7.342559468810094,14.987026061432896,41.66547089294816,452.3588195130977,38.94808403069457,511.628785513645,38.94808403069456,511.628785513645,0.9191283780012588,0.0136776862549779,1.1339924905719552,0.0375475193213773,0.1294514347168802,0.0350456457312717,0.8608501546583225,0.0013080578964809,2.7710063109316603,0.9475618903668724,1.3234864879949622,0.2188429800796473,0.2444596473765468,0.000599931719675,180.0,0.0,78.43490533602508,213.2014253325464,101.5650946639749,213.2014253325464,36.148941648878605,0.0353609590055633,104.2150599211012,22.83545853393991,2.5597539397515767,0.1209802511553582,8.31301893279498,8.52805701330185,0.2105773702440577,0.0001244995137899,89.25649162322665,71.96024956193972,37.19442628224934,19.420725748928227,-0.228739454,0.109421455890638,1.3234864879949622,0.2188429800796473,0.2746079619679019,0.1577054057907234,0.1294514347168802,0.0350456457312717,2.651289927074211,0.1486833358810329,2.376681965106309,0.1707110188978247,27.0,81.0,0.2307692307692307,1.0,3.0,2.076923076923077,6.0,6.0,0.0,0.2,27.0,243.0,0.6923076923076923,1.0,2.0,1.3076923076923077,18.0,18.0,0.0,0.6862745098039215,81.0,1.0,0.0,0.0,-0.504495638,1.7903478975824054,2.5587685236243,2.898328872707167,-0.542974264,-0.140627311,0.2401054254585668,0.4001757090976107,7.2,12.0,-0.228740477,-0.132963989,3.3785397236242987,4.098855999999999,-0.172116891,0.201168417420412,9.16109170812303e-16,1.290493325102167e-15,2.832490098387142,3.549713422454265,0.4906665026216314,1.6224998985760075,2.832490098387144,3.549713422454267,-0.685677588,0.4461163953568279,8.170531921235865e-16,9.274036417440525e-16,-2.123489983,-2.123489983,-2.123489983,-2.123489983,-0.344400577,3.992618027090578,-0.348109997,3.9702199672901832,0.8200000000000001,4.177128,27.2895,0.0,0.0,0.0,0.0,0.0,0.0,1.0,1.0,1.0,1.0,47.27,-4.966219959,-4.334109964,-4.334109964,-4.334109964,-0.511766596,7.220987540517275,-0.459349996,7.633379937110171,1.6,6.75885,14.0,6.0,4.0,0.0,0.0,0.0,0.0,1.0,1.0,7.0,5.0,15.7,-9.787249919,-9.787269919,3.47662997135677,-9.787269919,-3.814405005,16.99279956799987,-3.66805997,16.856479861122974,3.44,13.61805,35.1211,0.0,0.0,0.0,0.0,2.0,4.0,0.0,2.0,2.0,6.0,0.802,4.098856,221.0,4.098856
mp-1075921.cif,246,La1 Ni1 O3,La,Ni,Ni,O,LaNiO3,3,0.6,1.082110102393106e-16,3.460729053684104e-33,0.5413528693574635,0.0779350919867986,0.4393498129540502,0.0115974839266069,0.5960929805253734,0.0234414143866542,5.0964093303131127e-39,4.5265460805174544e-77,-0.094165632,1.3044847525216885,-0.392224585,0.7107846043505517,1.3466564443555569,0.1204278024199144,36.15001072949693,0.0354543941356257,10.994432566244171,19.238834136169714,0.0336332741524137,0.0022321302850299,48.58063929420911,342.34607738510573,27.631666810521864,272.41561038413084,7.32062348625704,15.260678546240204,37.20811586771829,349.07725493085627,34.706398726796515,398.7287602091552,34.7063987267965,398.7287602091548,0.915916814618966,0.0139508142814371,1.1393135830094216,0.0382973010943693,0.1266504495620157,0.0316515306190381,0.8607112869011577,0.0013292069982926,2.7765405702764827,0.9500658832676404,1.3363327415241355,0.2232130285029945,0.2409190498291934,0.0005811674629992,180.0,0.0,78.35189144585274,213.7648237352192,101.64810855414724,213.76482373521915,36.15001072949693,0.0354543941356257,104.1878917308475,22.895802789332656,2.4177647214943923,0.1037579446341639,8.329621710829446,8.550592949408763,0.1939125752045132,0.0006316416306253,87.81214422966215,8.616531549206439,24.934274548394374,327.3476504649016,-0.237823118,0.1116064724485742,1.3363327415241355,0.2232130285029945,0.2686661751768785,0.1424318877856719,0.1266504495620157,0.0316515306190381,2.5073201132200187,0.12733476679297,2.2386539380431403,0.1515588921736668,27.0,81.0,0.2307692307692307,1.0,3.0,2.076923076923077,6.0,6.0,0.0,0.2,27.0,243.0,0.6923076923076923,1.0,2.0,1.3076923076923077,18.0,18.0,0.0,0.6862745098039215,81.0,1.0,0.0,0.0,-0.651369582,1.59760359521497,2.40778588875784,2.727310147929732,-0.060256743,1.3424298932095429,0.2259377704140537,0.3765629506900891,7.2,12.0,0.0,0.0,3.1791856887578387,3.856999,0.0,0.0,5.72936216081814e-16,7.401486830834377e-16,2.665356254766968,3.3402591163711746,-1.323379942,-0.983936844,2.6653562547669694,3.340259116371177,-0.303023491,0.52203445345181,8.94707125439599e-16,1.5977614153893209e-15,-3.59120997,-2.347539981,-2.347539981,-2.347539981,0.7574954937130738,5.540775954341044,0.79851999342116,5.6713799532746805,1.1,5.5769,11.059,9.0,1.0,0.0,0.0,0.0,0.0,0.0,2.0,9.0,3.0,31.1,-2.825219977,-2.825229977,-2.697169978,-2.825229977,-0.396642997,8.055245913651854,-0.517239996,7.938709934594622,1.91,7.6398,18.16884,2.0,8.0,0.0,0.0,0.0,0.0,0.0,2.0,2.0,10.0,6.8,-9.787249919,-9.787269919,3.47662997135677,-9.787269919,-3.814405005,16.99279956799987,-3.66805997,16.856479861122974,3.44,13.61805,35.1211,0.0,0.0,0.0,0.0,2.0,4.0,0.0,2.0,2.0,6.0,0.802,3.856999,221.0,3.856999
mp-1075975.cif,247,Eu1 Co1 O3,Eu,Co,Co,O,EuCoO3,3,0.6,1.3463514124056482e-16,4.458044814793141e-33,0.5424667041057533,0.0777912777611882,0.4389201418716368,0.0115760830001768,0.5967038467909784,0.0233981577641074,1.0492257114422382e-38,1.860931280127685e-76,-0.080424401,1.3200756084897107,-0.376022232,0.7248764120612184,1.351691136268527,0.119191944490421,36.14925950493103,0.0353889858550553,10.97693234208745,19.20333256733333,0.0329478343989365,0.0022092236483139,46.22687345657323,315.5608360636279,25.675410764967587,238.9737896811192,7.329519862756876,15.105411398789013,35.37033108983118,321.4134262341308,33.02876686467325,365.0857370177823,33.028766864673244,365.0857370177823,0.9176304140026588,0.0138076478019619,1.136474398588623,0.0379042853419929,0.1212745116024197,0.0299312602469063,0.860757576316568,0.0013171198250364,2.7726516315749885,0.9483127193744856,1.3294783439893636,0.2209223648313902,0.2441050478755509,0.0005638925372418,179.99999999999997,8.07793566946316e-28,78.41022552637514,213.3703618592591,101.58977447362484,213.3703618592591,36.14925950493103,0.0353889858550553,104.20698289954096,22.85355280740493,2.3582150849711243,0.1009323261530741,8.317954894724966,8.53481447437037,0.2103553735931732,0.0001163616192437,92.65140686421034,61.43528962030428,36.49334710535263,19.13387758244316,-0.232976325,0.110461138114895,1.3294783439893636,0.2209223648313902,0.2572620886174733,0.1346906711110788,0.1212745116024197,0.0299312602469063,2.443969114510282,0.1240251520625703,2.186707025892809,0.1445404550748006,27.0,81.0,0.2307692307692307,1.0,3.0,2.076923076923077,6.0,6.0,0.0,0.2,27.0,243.0,0.6923076923076923,1.0,2.0,1.3076923076923077,18.0,18.0,0.0,0.6862745098039215,81.0,1.0,0.0,0.0,-0.390623854,1.7143349612180412,2.3535473294118727,2.6658738823531203,0.1554300337983302,1.5213770224839211,0.2208482235293762,0.3680803725489598,7.2,12.0,-1.040274988,-0.857656862,3.107570329411871,3.770115,0.4908048224285071,1.038396148912244,7.61248599658545e-16,1.318489931149495e-15,2.605315582513961,3.2650153651887672,-0.792553324,-0.018979592,2.605315582513962,3.265015365188767,0.3239826778105867,1.466497802531702,9.166049144874714e-16,1.2748331459873889e-15,-2.358419981,-2.358419981,-2.358419981,-2.358419981,-7.773939136,-3.007723375,2.1781999820542635,6.07905994991589,1.2,5.67038,11.25,0.0,0.0,7.0,7.0,0.0,0.0,0.0,2.0,7.0,9.0,27.7,-3.266299973,-3.266309973,-3.199689974,-3.266309973,-0.886438853,7.496390708240698,-0.985829992,7.265179940143695,1.88,7.88101,17.084,3.0,7.0,0.0,0.0,0.0,0.0,0.0,2.0,3.0,9.0,7.5,-9.787249919,-9.787269919,3.47662997135677,-9.787269919,-3.814405005,16.99279956799987,-3.66805997,16.856479861122974,3.44,13.61805,35.1211,0.0,0.0,0.0,0.0,2.0,4.0,0.0,2.0,2.0,6.0,0.802,3.770115,221.0,3.770115
mp-1076000.cif,248,La1 Ag1 O3,La,Ag,Ag,O,LaAgO3,3,0.6,1.0894617343093536e-16,9.036797563101152e-34,0.5456923999804089,0.0773607898270261,0.4376758026730912,0.0115120222956883,0.5984729321925197,0.0232686750651602,-2.01e-39,1.7244266388435098e-77,-0.065308764,1.3212377991282152,-0.366051922,0.7321453995135785,1.3512939645525734,0.1192912795059948,36.14708383993312,0.0351931473002548,10.92625121460911,19.09706354587159,0.0330019066823625,0.0022110648235648,54.62077262338372,444.8050140680292,32.97249358318976,399.19231620278777,7.294110275935202,15.000455053567972,41.72739479213878,452.7761736225941,38.94214737801798,512.9150960139376,38.94214737801797,512.9150960139374,0.9174952332940935,0.0138191551472805,1.1366983733200582,0.0379358749151584,0.1323745405500945,0.0355739706957007,0.8604102328509887,0.0013079636180478,2.7613891588020243,0.9430648664627944,1.330019066823624,0.2211064823564884,0.2465503036544738,0.000522680056598,180.0,0.0,78.57916261796962,212.18959495412872,101.42083738203036,212.18959495412875,36.14708383993312,0.0351931473002548,104.2622714022446,22.7270838893017,2.565355791632078,0.1205621578792382,8.284167476406074,8.48758379816515,0.2138560921151232,0.000117633777035,88.82794223988485,70.0434657423999,37.07101853505522,19.483216458640698,-0.233358684,0.1105532069168468,1.330019066823624,0.2211064823564884,0.2808088058382769,0.1600828681306539,0.1323745405500945,0.0355739706957007,2.658958726911504,0.1488558761556586,2.378149921073227,0.1706966334135002,27.0,81.0,0.2307692307692307,1.0,3.0,2.076923076923077,6.0,6.0,0.0,0.2,27.0,243.0,0.6923076923076923,1.0,2.0,1.3076923076923077,18.0,18.0,0.0,0.6862745098039215,81.0,1.0,0.0,0.0,-1.175848792,-0.326079723,2.564753967515111,2.9051086125251846,-0.659825204,-0.50705519,0.2406670774949637,0.4011117958249388,7.2,12.0,-0.379536475,-0.274775912,3.386442767515109,4.108443999999998,1.1228805455723485,1.4875423212062675,8.770642235373577e-16,1.3991224849063998e-15,2.8391158288503098,3.5580168740257507,0.7637189473501012,1.991735537190083,2.839115828850312,3.558016874025753,0.0107107770904928,1.3781396806332882,9.584725244856316e-16,1.084429384603065e-15,-3.59120997,-2.347539981,-2.347539981,-2.347539981,0.7574954937130738,5.540775954341044,0.79851999342116,5.6713799532746805,1.1,5.5769,11.059,9.0,1.0,0.0,0.0,0.0,0.0,0.0,2.0,9.0,3.0,31.1,-4.223479965,-4.223479965,-4.223479965,-4.223479965,-1.26630149,7.40907553898782,-1.25531999,7.365979939313225,1.93,7.57623,21.47746,0.0,10.0,0.0,0.0,0.0,0.0,1.0,1.0,1.0,11.0,6.99,-9.787249919,-9.787269919,3.47662997135677,-9.787269919,-3.814405005,16.99279956799987,-3.66805997,16.856479861122974,3.44,13.61805,35.1211,0.0,0.0,0.0,0.0,2.0,4.0,0.0,2.0,2.0,6.0,0.802,4.108444,221.0,4.108444
mp-1076070.cif,249,La1 Cu1 O3,La,Cu,Cu,O,LaCuO3,3,0.6,1.5045486614139606e-16,3.703431371879614e-33,0.5426215636531072,0.0777710863994199,0.4388604035043112,0.0115730783332469,0.5967887772292959,0.0233920845810755,8.768744572634708e-39,2.2945532575653886e-76,-0.086933694,1.3074314271142364,-0.386376422,0.7155420449762429,1.3472812023397225,0.1202771992004234,36.149155032917655,0.0353797897000163,10.974499237180588,19.1983481854568,0.0335482175165078,0.0022293388531158,48.83731496452846,348.08453283303083,27.85423732163102,278.7207719830432,7.309886299291828,15.201534408135595,37.37934557928973,354.79192307127295,34.864936727987924,404.52670221336416,34.86493672798792,404.5267022133641,0.9161294562087308,0.0139333678319741,1.1389612668878015,0.0382494076944119,0.1268106514048289,0.0318528760437808,0.8605997747199039,0.0013242760682702,2.7721109415956864,0.9480665770595952,1.335482175165077,0.2229338853115854,0.2413042863194376,0.0006126186737427,180.0,0.0,78.4183358760647,213.31497983840893,101.58166412393533,213.31497983840887,36.149155032917655,0.0353797897000163,104.209637185815,22.84762110145117,2.424729999370712,0.105067693882822,8.316332824787057,8.532599193536358,0.2031773373785068,0.0002981194415039,93.29704277372336,60.08537229882701,37.23530623874673,19.743186324922668,-0.237221677,0.1114669013779389,1.335482175165077,0.2229338853115854,0.2690060146051142,0.1433379421970143,0.1268106514048289,0.0318528760437808,2.5143986709057504,0.1291845467156471,2.2453926563006363,0.1523926163485146,27.0,81.0,0.2307692307692307,1.0,3.0,2.076923076923077,6.0,6.0,0.0,0.2,27.0,243.0,0.6923076923076923,1.0,2.0,1.3076923076923077,18.0,18.0,0.0,0.6862745098039215,81.0,1.0,0.0,0.0,-0.221055214,3.2478077378246466,2.416943842645844,2.73768340440974,-0.422119812,1.3303706019870227,0.2267971191180524,0.3779951985300869,7.2,12.0,-1.466888796,-1.466888796,3.191277642645842,3.871669,0.2128279883381924,0.2128279883381924,6.0352372165887165e-16,1.0362081563168128e-15,2.6754938711514744,3.35296370904469,-0.959318892,-0.141666939,2.6754938711514766,3.352963709044693,0.276980202671187,1.2692291398451303,1.0448911474692734e-15,1.300360703372922e-15,-3.59120997,-2.347539981,-2.347539981,-2.347539981,0.7574954937130738,5.540775954341044,0.79851999342116,5.6713799532746805,1.1,5.5769,11.059,9.0,1.0,0.0,0.0,0.0,0.0,0.0,2.0,9.0,3.0,31.1,-4.473869963,-4.473869963,-4.473869963,-4.473869963,-1.377390789,7.885906405023617,-1.356039989,7.832129935472711,1.9,7.72638,20.2924,0.0,10.0,0.0,0.0,0.0,0.0,1.0,1.0,1.0,11.0,6.15,-9.787249919,-9.787269919,3.47662997135677,-9.787269919,-3.814405005,16.99279956799987,-3.66805997,16.856479861122974,3.44,13.61805,35.1211,0.0,0.0,0.0,0.0,2.0,4.0,0.0,2.0,2.0,6.0,0.802,3.871669,221.0,3.871669
mp-1076360.cif,250,Rb1 Cr1 O3,Rb,Cr,Cr,O,RbCrO3,3,0.6,9.050951319673587e-17,2.562623921234045e-33,0.5395836318316343,0.0781584285568099,0.4400323111468354,0.0116307185352395,0.5951226682577491,0.0235085898393529,3.1230243596626337e-39,1.739869606623653e-77,-0.095496399,1.3158705658979768,-0.387272142,0.7160957612920563,1.351098212472842,0.1193401221903983,36.15120400566326,0.0355560062426573,11.022230274419492,19.293966363738217,0.0330285570217324,0.0022119701232354,50.9135562205014,378.42749635288817,29.67452492298992,314.86520606695734,7.35729680562769,15.219236611066751,39.01359853200736,385.7212726890149,36.44096187886248,439.5682633011973,36.44096187886247,439.5682633011973,0.917428607445669,0.0138248132702212,1.136808762640147,0.0379514074019022,0.1272732360217648,0.0328453753440377,0.8610375593859299,0.0013267611897371,2.7827178387598868,0.9527884624068256,1.3302855702173235,0.221197012323541,0.2450768797904449,0.0004813687197321,180.0,0.0,78.25923241860167,214.37740404153573,101.74076758139832,214.37740404153573,36.15120400566326,0.0355560062426573,104.15756693937344,22.961414552570403,2.4733673935564524,0.1096919418816986,8.34815351627966,8.57509616166143,0.2092273741256938,0.0002159885295255,93.0526022168031,171.23878312466474,36.363665927757694,12.038787136093513,-0.233547126,0.1105984675040109,1.3302855702173235,0.221197012323541,0.2699873047636379,0.1478041890481701,0.1272732360217648,0.0328453753440377,2.563363161810999,0.1342241335358985,2.293375857047361,0.1591636846054125,27.0,81.0,0.2307692307692307,1.0,3.0,2.076923076923077,6.0,6.0,0.0,0.2,27.0,243.0,0.6923076923076923,1.0,2.0,1.3076923076923077,18.0,18.0,0.0,0.6862745098039215,81.0,1.0,0.0,0.0,-0.799412194,0.5702479338842981,2.4639265807211714,2.79090096786862,-0.398355794,0.1473982693254028,0.2312058064262763,0.38534301071046,7.2,12.0,0.0,0.0,3.253312580721172,3.946929999999999,0.0,0.0,5.7474315582267185e-16,6.10342239802965e-16,2.727502538275842,3.418141646958911,-0.858730215,0.3743407066934794,2.727502538275844,3.4181416469589125,-0.252099431,1.1279411814897633,8.129682945040159e-16,1.1811499140323557e-15,-2.123489983,-2.123489983,-2.123489983,-2.123489983,-0.344400577,3.992618027090578,-0.348109997,3.9702199672901832,0.8200000000000001,4.177128,27.2895,0.0,0.0,0.0,0.0,0.0,0.0,1.0,1.0,1.0,1.0,47.27,-4.787509961,-4.787509961,-4.710739961,-4.787509961,-3.386652872,7.192547130741292,-0.713879994,7.198049940696766,1.66,6.76651,16.4857,5.0,5.0,0.0,0.0,0.0,0.0,1.0,1.0,6.0,6.0,11.6,-9.787249919,-9.787269919,3.47662997135677,-9.787269919,-3.814405005,16.99279956799987,-3.66805997,16.856479861122974,3.44,13.61805,35.1211,0.0,0.0,0.0,0.0,2.0,4.0,0.0,2.0,2.0,6.0,0.802,3.94693,221.0,3.94693
mp-1076633.cif,252,K1 V1 O3,K,V,V,O,KVO3,3,0.6,1.024866119744954e-16,2.631811449907581e-33,0.541017458865189,0.0779779128577172,0.4394792003604761,0.0116038560800174,0.5959090295800693,0.0234542941017352,3.4637629987415756e-39,2.116627636834524e-77,-0.094538994,1.3064281274016454,-0.391466991,0.7116293553272219,1.3474250304296669,0.1202424176701633,36.15023697949161,0.0354738849782171,10.999702431283248,19.24940477401936,0.0335286362800207,0.0022286941772041,48.49151695368717,341.4361426672563,27.560307928584816,271.0787305388964,7.327275865788216,15.254725766430964,37.14347183581171,348.12868547708973,34.654577525717684,397.4976979299621,34.65457752571768,397.49769792996193,0.9161784092999484,0.0139293386075259,1.1388801587505917,0.038238346804434,0.1261287908039282,0.0315389451287475,0.8607707796266328,0.0013288871819235,2.7777116513962765,0.9505878900750296,1.3352863628002047,0.2228694177204142,0.2409360345867044,0.0005818633009995,180.0,0.0,78.33432522905582,213.88227526688155,101.66567477094418,213.88227526688155,36.15023697949161,0.0354738849782171,104.18214279720624,22.90838260134768,2.41523121592671,0.10371239628142,8.33313495418883,8.555291010675266,0.201526416168931,0.0002336985935397,93.07663471174396,60.35456779588888,36.29076955128072,19.026265124730138,-0.237083216,0.1114346669947989,1.3352863628002047,0.2228694177204142,0.2675595698409524,0.1419252530793649,0.1261287908039282,0.0315389451287475,2.5044177392070286,0.1272091455608092,2.236858169366076,0.1513357331088851,27.0,81.0,0.2307692307692307,1.0,3.0,2.076923076923077,6.0,6.0,0.0,0.2,27.0,243.0,0.6923076923076923,1.0,2.0,1.3076923076923077,18.0,18.0,0.0,0.6862745098039215,81.0,1.0,0.0,0.0,-0.367640134,1.8080398365722337,2.405351883153932,2.7245531385898865,-0.267427715,1.628592212017215,0.225709372282023,0.3761822871367046,7.2,12.0,-1.949095466,-1.949095466,3.175971883153931,3.8531,0.6012831271580125,0.6012831271580125,5.40232712403194e-16,9.08505499942454e-16,2.662661873970567,3.336882483321818,-0.235685928,1.5064636598678538,2.6626618739705683,3.336882483321821,-0.571130185,1.2155226269232762,9.4997024543309e-16,1.4654196281048569e-15,-2.227309982,-2.227309982,-2.227309982,-2.227309982,-0.347925887,4.162399025703636,-0.349729997,4.147669965828211,0.8200000000000001,4.3406633,31.63,0.0,0.0,0.0,0.0,0.0,0.0,1.0,1.0,1.0,1.0,43.23,-5.049649958,-4.732499961,-4.732499961,-4.732499961,0.0159499298721872,7.479533828386128,0.1019599991599727,7.555189937754362,1.63,6.74619,14.618,7.0,3.0,0.0,0.0,0.0,0.0,0.0,2.0,7.0,5.0,12.4,-9.787249919,-9.787269919,3.47662997135677,-9.787269919,-3.814405005,16.99279956799987,-3.66805997,16.856479861122974,3.44,13.61805,35.1211,0.0,0.0,0.0,0.0,2.0,4.0,0.0,2.0,2.0,6.0,0.802,3.8531,221.0,3.8531
mp-1076638.cif,253,Rb1 V1 O3,Rb,V,V,O,RbVO3,3,0.6,1.0554860786230403e-16,1.506767302609014e-33,0.5418161569734683,0.077875575392709,0.4391710958761865,0.0115886272905816,0.5963470637960959,0.0234235129110882,1.986055913023389e-39,5.92230101379701e-78,-0.096136735,1.2973735778386883,-0.396994493,0.7061804270098052,1.3440855972338406,0.1210393115553363,36.14969821950599,0.0354273457715781,10.987153535722308,19.22414203980017,0.0339832778565843,0.0022434646117806,50.07913325943754,361.73815871331817,28.903860365338435,296.9784057730706,7.305270688117348,15.303377580723456,38.3557112690532,368.9783093469346,35.75111574010812,422.2589954871802,35.751115740108105,422.2589954871801,0.9150418053585394,0.0140216538236287,1.1407633458209043,0.0384917673973371,0.1298990091967254,0.0327793522735227,0.8605806041608781,0.0013322396988884,2.7749230079382903,0.9493403476444532,1.339832778565841,0.224346461178061,0.2409270224870667,0.0005789879541531,180.0,0.0,78.37615488092564,213.60157822000204,101.62384511907436,213.60157822000204,36.14969821950599,0.0354273457715781,104.19583247411788,22.87831765159472,2.455476164293786,0.1061737697947052,8.32476902381487,8.544063128800078,0.1957404271350472,0.0007423786964683,86.91426863544366,7.2514627548225405,26.36174794299502,361.2341420964089,-0.240298019,0.1121731904194418,1.339832778565841,0.224346461178061,0.2755574108172549,0.1475070852308528,0.1298990091967255,0.0327793522735227,2.5473286345662047,0.1304061504166998,2.27177122374895,0.1560470653712851,27.0,81.0,0.2307692307692307,1.0,3.0,2.076923076923077,6.0,6.0,0.0,0.2,27.0,243.0,0.6923076923076923,1.0,2.0,1.3076923076923077,18.0,18.0,0.0,0.6862745098039215,81.0,1.0,0.0,0.0,-0.352716643,2.234350669573341,2.4441105663880487,2.7684552773134152,-0.412430498,1.1919858232609126,0.2293463445373171,0.3822439075621949,7.2,12.0,-1.33549253,-0.60686808,3.227147966388048,3.915187,0.4188682534061025,1.052842881968049,7.459404173156826e-16,1.2647666240713459e-15,2.7055667266266648,3.390651402566584,7.560558100928521,7.560558100928521,2.7055667266266665,3.3906514025665846,-2.970529913,-2.970529913,5.374591026175608e-16,5.87474804595221e-16,-2.123489983,-2.123489983,-2.123489983,-2.123489983,-0.344400577,3.992618027090578,-0.348109997,3.9702199672901832,0.8200000000000001,4.177128,27.2895,0.0,0.0,0.0,0.0,0.0,0.0,1.0,1.0,1.0,1.0,47.27,-5.049649958,-4.732499961,-4.732499961,-4.732499961,0.0159499298721872,7.479533828386128,0.1019599991599727,7.555189937754362,1.63,6.74619,14.618,7.0,3.0,0.0,0.0,0.0,0.0,0.0,2.0,7.0,5.0,12.4,-9.787249919,-9.787269919,3.47662997135677,-9.787269919,-3.814405005,16.99279956799987,-3.66805997,16.856479861122974,3.44,13.61805,35.1211,0.0,0.0,0.0,0.0,2.0,4.0,0.0,2.0,2.0,6.0,0.802,3.915187,221.0,3.915187
mp-1076642.cif,254,Na1 Cr1 O3,Na,Cr,Cr,O,NaCrO3,3,0.6,1.383620239995451e-16,3.3456517160172076e-33,0.5466996655631498,0.0772221006419269,0.4372872415387953,0.0114913840240962,0.5990253521685946,0.0232269599587046,-1.13e-38,1.7096604321444507e-76,-0.058092257,1.3257731522762024,-0.359200648,0.7375686441961178,1.352685027629314,0.1189419837861758,36.14640443813366,0.0351300439198345,10.910425371942251,19.062827129892828,0.0328125227145219,0.0022045906245611,45.35557782701306,308.8801888373847,24.95637739467212,230.35414711381293,7.289241233192523,14.93268557471218,34.627459204257846,314.27920141043,32.32270289610768,355.2625199701653,32.322702896107664,355.262519970165,0.9179686932136956,0.0137786914035072,1.1359139192403014,0.0378247952213552,0.1200702394698626,0.0295202116546142,0.8603504664895031,0.0013024694972597,2.7578723048760567,0.9413741792539668,1.3281252271452155,0.2204590624561163,0.2475011719496634,0.0005807519210064,180.0,0.0,78.63191542685915,211.8091903321425,101.36808457314086,211.8091903321425,36.14640443813366,0.0351300439198345,104.27953594807738,22.68633984439282,2.337989419744284,0.10095417163267,8.27361691462817,8.4723676132857,0.2133264227304795,0.0001079144104508,93.46564169024197,60.560158600138834,37.2425944053727,19.72482497459174,-0.232019526,0.110229486235513,1.3281252271452155,0.2204590624561163,0.2547074416434982,0.1328409524457645,0.1200702394698626,0.0295202116546142,2.422891900292117,0.1248066633870663,2.1681844586486188,0.1418098230877205,27.0,81.0,0.2307692307692307,1.0,3.0,2.076923076923077,6.0,6.0,0.0,0.2,27.0,243.0,0.6923076923076923,1.0,2.0,1.3076923076923077,18.0,18.0,0.0,0.6862745098039215,81.0,1.0,0.0,0.0,-0.726812714,0.850469263438526,2.3397854280171178,2.650285713361863,-0.400925398,0.3746207592488257,0.2195568573276277,0.3659280955460455,7.2,12.0,-1.130142335,-1.130142335,3.089399428017116,3.7480699999999993,1.326636459864068,1.326636459864068,7.599769948467981e-16,9.580725269401765e-16,2.5900815161747315,3.245923835162338,-0.31107254,1.6262603305785115,2.590081516174733,3.2459238351623383,-0.04536701,1.2671076657182463,8.457906451683961e-16,1.213181738095518e-15,-2.665759978,-2.665759978,-2.665759978,-2.665759978,-0.496947569,4.962073789117701,-0.490429996,4.9517099592038925,0.93,5.139076,47.2864,0.0,0.0,0.0,0.0,0.0,0.0,1.0,1.0,1.0,1.0,24.11,-4.787509961,-4.787509961,-4.710739961,-4.787509961,-3.386652872,7.192547130741292,-0.713879994,7.198049940696766,1.66,6.76651,16.4857,5.0,5.0,0.0,0.0,0.0,0.0,1.0,1.0,6.0,6.0,11.6,-9.787249919,-9.787269919,3.47662997135677,-9.787269919,-3.814405005,16.99279956799987,-3.66805997,16.856479861122974,3.44,13.61805,35.1211,0.0,0.0,0.0,0.0,2.0,4.0,0.0,2.0,2.0,6.0,0.802,3.74807,221.0,3.74807
mp-1076706.cif,255,Sm1 Cu1 O3,Sm,Cu,Cu,O,SmCuO3,3,0.6,1.1174937575588702e-16,3.1774916797172706e-33,0.5411506460610862,0.0779609361737489,0.4394278222842286,0.0116013297877602,0.5959820741363726,0.0234491878335104,4.984458300528783e-39,4.2939889947307165e-77,-0.090786963,1.3120544292518777,-0.386371926,0.7162071561769222,1.3493069479211697,0.1197835067640842,36.15014710961958,0.0354661732815101,10.997609835602798,19.245213958319745,0.0332724257542989,0.0022201882598545,47.339104144564224,327.2737198322692,26.594403022299897,253.60802654220583,7.333567117772898,15.20655640269297,36.25242444997677,333.57114019013926,33.83865493990477,380.1789282664285,33.83865493990477,380.17892826642833,0.9168189356142528,0.0138761766240909,1.1378189000048249,0.0380924083347998,0.1237351789697098,0.0307048693790039,0.860817451562445,0.0013252185146979,2.7772466301339547,0.9503809362133208,1.3327242575429885,0.2220188259854555,0.2408837389395423,0.000583350869919,180.0,0.0,78.34130054799067,213.83571064799725,101.65869945200932,213.83571064799725,36.15014710961958,0.0354661732815101,104.18442560992256,22.903395039784307,2.3861104790458088,0.1019798966083401,8.331739890401863,8.553428425919888,0.1995315831452108,0.0002687890559704,91.29108829362484,173.65698808720956,34.823532740845344,6.515140843099461,-0.235271533,0.111009369824572,1.3327242575429885,0.2220188259854555,0.2624819523624389,0.138171912205518,0.1237351789697098,0.0307048693790039,2.4736044631666214,0.1250942568617307,2.2111225108041825,0.1478657842385712,27.0,81.0,0.2307692307692307,1.0,3.0,2.076923076923077,6.0,6.0,0.0,0.2,27.0,243.0,0.6923076923076923,1.0,2.0,1.3076923076923077,18.0,18.0,0.0,0.6862745098039215,81.0,1.0,0.0,0.0,-0.099377918,3.012740092946591,2.3778749001695765,2.6934298336159608,-0.623099512,-0.062134112,0.2231310332768081,0.3718850554613465,7.2,12.0,-1.4500712,-1.4500712,3.139691900169576,3.809084999999999,0.8572076703024318,0.8572076703024318,7.256579579521381e-16,7.786232813097932e-16,2.6322455695967344,3.298764375174247,-1.717409952,-1.574401665,2.632245569596735,3.298764375174247,1.0161383047617305,1.1747537708699805,1.1958089912687137e-15,1.8700048484155787e-15,-3.504979971,-1.789769985,-1.789769985,-1.789769985,-7.811453736,-3.64157787,2.026719983302276,6.161479949236849,1.17,5.6437,11.07,0.0,0.0,8.0,6.0,0.0,0.0,0.0,2.0,8.0,8.0,28.8,-4.473869963,-4.473869963,-4.473869963,-4.473869963,-1.377390789,7.885906405023617,-1.356039989,7.832129935472711,1.9,7.72638,20.2924,0.0,10.0,0.0,0.0,0.0,0.0,1.0,1.0,1.0,11.0,6.15,-9.787249919,-9.787269919,3.47662997135677,-9.787269919,-3.814405005,16.99279956799987,-3.66805997,16.856479861122974,3.44,13.61805,35.1211,0.0,0.0,0.0,0.0,2.0,4.0,0.0,2.0,2.0,6.0,0.802,3.809085,221.0,3.809085
mp-1076732.cif,257,K1 Cr1 O3,K,Cr,Cr,O,KCrO3,3,0.6,1.2814372681415771e-16,5.184524852390321e-33,0.5415940828329118,0.0779041578824607,0.4392567628357561,0.0115928806372709,0.5962252705039245,0.0234321099880839,1.0079980923361135e-38,2.0104879631561968e-76,-0.094076513,1.3027680078199022,-0.39303801,0.709929762278782,1.3459948394213226,0.120586436848253,36.149848069889885,0.0354403375377889,10.990642695353136,19.23119783155602,0.0337233472554845,0.0022350705754344,48.771542403047,344.68494339201993,27.79068089150324,275.4433386581573,7.3153947125708925,15.26740878454669,37.35206860777285,351.48381616760923,34.833581860242695,401.6245864302665,34.83358186024269,401.6245864302666,0.9156916318612888,0.0139691910964653,1.1396866780183923,0.0383477485022478,0.1272442693148753,0.0318204528778972,0.8606650030160481,0.0013296207938383,2.775698376745142,0.9496887818052356,1.3372334725548445,0.2235070575434454,0.2414345744021916,0.0006118415551976,180.0,0.0,78.36452434882285,213.67997590617816,101.63547565117716,213.67997590617816,36.149848069889885,0.0354403375377889,104.19202615052384,22.88671477474433,2.422756375669783,0.1040203559843051,8.327095130235424,8.54719903624712,0.2037054795396042,0.0003207238699096,93.29817904220282,59.9770994498461,37.30741158940967,19.93032257716093,-0.238460031,0.1117534871645268,1.3372334725548445,0.2235070575434454,0.2699258570990275,0.1431920379505381,0.1272442693148753,0.0318204528778972,2.5127316613694592,0.1277077579907672,2.242805804270432,0.1521069106050727,27.0,81.0,0.2307692307692307,1.0,3.0,2.076923076923077,6.0,6.0,0.0,0.2,27.0,243.0,0.6923076923076923,1.0,2.0,1.3076923076923077,18.0,18.0,0.0,0.6862745098039215,81.0,1.0,0.0,0.0,-0.577585096,1.1971966566491368,2.4126139470652577,2.732778911775429,-0.183306184,0.7087255960161217,0.2263908176449144,0.3773180294081902,7.2,12.0,-0.309756616,-0.309756616,3.185560547065256,3.864732999999999,1.3056476204141134,1.3056476204141134,7.051598326999183e-16,7.644222728798687e-16,2.670700789539822,3.3469569568440423,-0.772201041,-0.121315595,2.670700789539824,3.346956956844045,-0.347579067,1.376589482760281,1.0961729890838196e-15,1.4352015449907213e-15,-2.227309982,-2.227309982,-2.227309982,-2.227309982,-0.347925887,4.162399025703636,-0.349729997,4.147669965828211,0.8200000000000001,4.3406633,31.63,0.0,0.0,0.0,0.0,0.0,0.0,1.0,1.0,1.0,1.0,43.23,-4.787509961,-4.787509961,-4.710739961,-4.787509961,-3.386652872,7.192547130741292,-0.713879994,7.198049940696766,1.66,6.76651,16.4857,5.0,5.0,0.0,0.0,0.0,0.0,1.0,1.0,6.0,6.0,11.6,-9.787249919,-9.787269919,3.47662997135677,-9.787269919,-3.814405005,16.99279956799987,-3.66805997,16.856479861122974,3.44,13.61805,35.1211,0.0,0.0,0.0,0.0,2.0,4.0,0.0,2.0,2.0,6.0,0.802,3.8647329999999993,221.0,3.8647329999999993
mp-1076782.cif,258,Ba1 Co1 O3,Ba,Co,Co,O,BaCoO3,3,0.6,1.2205730950274515e-16,5.7940302654364536e-33,0.5369786616366864,0.078475867681497,0.4410372002159151,0.0116779565002227,0.5936940107145686,0.0236040695760752,1.0245670709888876e-38,1.9549777399512888e-76,-0.113789777,1.3032038910269217,-0.404437058,0.7014044358684578,1.34772510819586,0.1201697175260184,36.15296106429178,0.0357004156905144,11.063158753624474,19.37232847908955,0.0334877826905965,0.002227346679527,52.10785477697107,389.06122245538256,30.702916120919525,330.7688687699339,7.3708056883650945,15.387427221397456,39.99094567926349,397.0190452423734,37.33652271739621,454.996098271104,37.33652271739619,454.9960982711036,0.916280543273509,0.0139209167470439,1.1387109376424802,0.038215227399348,0.1301761188538769,0.0336571758253972,0.8611993395089705,0.001340347367757,2.7918130563609944,0.9566581964982496,1.3348778269059625,0.2227346679527027,0.2413270553640354,0.0005828531572298,180.0,0.0,78.12280415458507,215.24809421210608,101.87719584541492,215.24809421210608,36.15296106429178,0.0357004156905144,104.11291771819732,23.0546719697506,2.5013637589732527,0.1097394507412801,8.375439169082982,8.609923768484244,0.2027092521377874,0.0002734188264913,95.99635758926676,32.37989508823354,36.58647894878845,18.682864056737188,-0.236794342,0.1113672960576953,1.3348778269059625,0.2227346679527027,0.2761452491703678,0.1514572912142882,0.1301761188538769,0.0336571758253972,2.593412175363376,0.1337802188462243,2.317266926193008,0.1626294420075841,27.0,81.0,0.2307692307692307,1.0,3.0,2.076923076923077,6.0,6.0,0.0,0.2,27.0,243.0,0.6923076923076923,1.0,2.0,1.3076923076923077,18.0,18.0,0.0,0.6862745098039215,81.0,1.0,0.0,0.0,-0.754551287,0.5840976062375813,2.4855654461349337,2.8154114102248897,-0.718247641,-0.404763266,0.2332363179550225,0.3887271965917037,7.2,12.0,-0.349544956,-0.348047312,3.281884046134934,3.9815930000000006,-1.521930522,-1.520006464,8.629187001646223e-16,1.124116676276002e-15,2.7514561985850587,3.448160685530292,-0.621055366,0.0879024930747922,2.7514561985850605,3.448160685530294,-0.332177392,0.9950193536526476,7.749442414594879e-16,9.31333335793939e-16,-3.358279972,-3.358279972,-1.334939989,-1.334939989,1.4983806876590446,5.406739955395823,1.6443999864521308,5.413399955400124,0.89,5.211664,10.00383,0.0,0.0,0.0,0.0,0.0,0.0,0.0,2.0,0.0,2.0,39.7,-3.266299973,-3.266309973,-3.199689974,-3.266309973,-0.886438853,7.496390708240698,-0.985829992,7.265179940143695,1.88,7.88101,17.084,3.0,7.0,0.0,0.0,0.0,0.0,0.0,2.0,3.0,9.0,7.5,-9.787249919,-9.787269919,3.47662997135677,-9.787269919,-3.814405005,16.99279956799987,-3.66805997,16.856479861122974,3.44,13.61805,35.1211,0.0,0.0,0.0,0.0,2.0,4.0,0.0,2.0,2.0,6.0,0.802,3.981593,221.0,3.981593
mp-1075973.cif,259,Sm1 Mn1 O3,Sm,Mn,Mn,O,SmMnO3,3,0.6,8.650936671841004e-17,9.430557360096243e-35,0.5373765720034209,0.0784282569246779,0.4408837029594856,0.0116708715661722,0.5939122387956606,0.0235897491531258,-1.21e-39,1.3943675992797769e-78,-0.088064361,1.3462110771889648,-0.367480602,0.7346454771430793,1.3621571231709533,0.1164606451826635,36.15269268201841,0.035678756499479,11.05690691005178,19.36057542369192,0.0315229600238013,0.0021585989937179,49.50951344926342,366.2392508196219,28.52377578370215,295.2355787891704,7.425582472653814,15.032408656011471,37.94218913979636,372.78281400420144,35.55091652380085,421.5466465059254,35.55091652380085,421.5466465059255,0.9211925999404966,0.0134912437107372,1.1305723756800343,0.0370357035872169,0.1198756847099368,0.0312162111311069,0.8616219247597534,0.0013135669277746,2.7904237577892843,0.9560777987008354,1.315229600238013,0.2158598993717955,0.2461545451125187,0.0005587399375534,180.0,0.0,78.14364363316072,215.11750470768808,101.85635636683928,215.11750470768808,36.15269268201841,0.035678756499479,104.1197379111947,23.040684862463664,2.435884500832332,0.1098789779928168,8.371271273367853,8.604700188307518,0.2080271010817806,0.0002615769579127,93.16991417196778,7.2657040245282065,28.02600783773532,363.1150014772404,-0.222900947,0.1079299104341028,1.315229600238013,0.2158598993717955,0.2542947286733311,0.1404729500899815,0.1198756847099368,0.0312162111311069,2.5206494103901096,0.1338706562030276,2.2663546817167783,0.1555442549657164,27.0,81.0,0.2307692307692307,1.0,3.0,2.076923076923077,6.0,6.0,0.0,0.2,27.0,243.0,0.6923076923076923,1.0,2.0,1.3076923076923077,18.0,18.0,0.0,0.6862745098039215,81.0,1.0,0.0,0.0,-0.281860261,2.1728423936650074,2.4315566159662527,2.754235359943754,-0.686982438,-0.581030756,0.2281683280112495,0.3802805466854154,7.2,12.0,-0.382653061,-0.382653061,3.210572015966252,3.895077,-1.543112224,-1.543112224,7.018843832238318e-16,9.044766308671292e-16,2.6916698305467417,3.373235631696478,-0.339810169,1.2100277238391346,2.6916698305467435,3.373235631696478,-0.632449887,1.2897295663109187,1.1634680147256789e-15,1.4759735173467549e-15,-3.504979971,-1.789769985,-1.789769985,-1.789769985,-7.811453736,-3.64157787,2.026719983302276,6.161479949236849,1.17,5.6437,11.07,0.0,0.0,8.0,6.0,0.0,0.0,0.0,2.0,8.0,8.0,28.8,-4.293239965,-4.299769965,2.5982199785938063,-4.299769965,-0.789747513,7.106799981439508,-1.611869987,6.515149946323036,1.55,7.43402,15.64,5.0,5.0,0.0,0.0,0.0,0.0,0.0,2.0,5.0,7.0,9.4,-9.787249919,-9.787269919,3.47662997135677,-9.787269919,-3.814405005,16.99279956799987,-3.66805997,16.856479861122974,3.44,13.61805,35.1211,0.0,0.0,0.0,0.0,2.0,4.0,0.0,2.0,2.0,6.0,0.802,3.895077,221.0,3.895077
mp-1184369.cif,260,Eu1 Pd1 O3,Eu,Pd,Pd,O,EuPdO3,3,0.6,8.598425486386804e-17,6.80694541570424e-34,0.5213908911809125,0.0800917939054519,0.4470503132153302,0.0119184217121208,0.5851451275503026,0.0240901098856242,-1.08e-39,5.338894575893656e-79,0.2153030444920543,1.9142927070197933,0.1494989040574057,0.9229625749392778,1.593699561434827,3.896486925788728e-19,36.16347466903045,0.0364355263992511,11.308068941153092,19.771231409803,0.0326529986397351,0.0021990815438069,54.540784685722365,409.1557269436117,32.91552276341512,358.9945010918988,7.559122668243344,15.740182147558274,42.14484325460924,418.5029636547847,39.49419651903454,484.2805952376659,39.49419651903453,484.28059523766575,0.918367503400662,0.0137442596487934,1.1352531488872852,0.0377302743388547,0.1284518964709388,0.0340311193713162,0.8630132225730904,0.0013718124197599,2.8462375424784647,0.976357106656938,1.3265299863973503,0.2199081543806965,0.2550363619181805,0.0002375151337441,180.0,0.0,77.30643686282302,219.68034899781105,102.693563137177,219.68034899781108,36.16347466903045,0.0364355263992511,103.8457429578063,23.52939953910184,2.54939788739046,0.1097578586379779,8.538712627435395,8.787213959912442,0.2092896276265898,0.0003366180764031,100.79126726879412,50.106545901909065,36.41424656037208,12.049419283387945,-0.23089153,0.1099540410669259,1.3265299863973503,0.2199081543806965,0.2724876211526204,0.1531400371709232,0.1284518964709388,0.0340311193713162,2.6402270944413337,0.1306938016542063,2.3677394732887134,0.1699793307194705,27.0,81.0,0.2307692307692307,1.0,3.0,2.076923076923077,6.0,6.0,0.0,0.2,27.0,243.0,0.6923076923076923,1.0,2.0,1.3076923076923077,18.0,18.0,0.0,0.6862745098039215,81.0,1.0,0.0,0.0,-0.998906406,-0.112801872,2.515345963532836,2.8491439392213933,-0.285535661,0.6080464661293119,0.2360308121557215,0.393384686926202,7.2,12.0,0.0,0.0,3.3212055635328346,4.029297999999998,0.0,0.0,6.045986560614023e-16,7.450666686351513e-16,2.784422455546405,3.489474427417828,0.6850984850592643,1.9927685950413228,2.7844224555464065,3.489474427417829,0.589873087238234,1.6514579269381875,8.70315508118646e-16,1.0666019337483277e-15,-2.358419981,-2.358419981,-2.358419981,-2.358419981,-7.773939136,-3.007723375,2.1781999820542635,6.07905994991589,1.2,5.67038,11.25,0.0,0.0,7.0,7.0,0.0,0.0,0.0,2.0,7.0,9.0,27.7,-5.069039958,-5.069039958,-2.683859978,-2.683859978,-0.0178384,10.099679516760922,0.0108299999107738,10.019159917454228,2.2,8.3369,19.43,0.0,10.0,0.0,0.0,0.0,0.0,0.0,0.0,0.0,10.0,4.8,-9.787249919,-9.787269919,3.47662997135677,-9.787269919,-3.814405005,16.99279956799987,-3.66805997,16.856479861122974,3.44,13.61805,35.1211,0.0,0.0,0.0,0.0,2.0,4.0,0.0,2.0,2.0,6.0,0.802,4.029298,221.0,4.029298
mp-1186993.cif,263,Sc1 Si1 O3,Sc,Si,Si,O,ScSiO3,3,0.6,9.75703255793477e-17,1.7578631340595882e-34,0.5319018860539813,0.079055520098081,0.442995608914458,0.0117642143003096,0.5909097279057551,0.0237784181545009,1.8599418744300816e-39,8.437292992857457e-79,0.2666901299197056,1.8895244842694403,0.1851803018577734,0.9110207530002896,1.5936995614580112,3.8460705795396984e-19,36.15638525569541,0.03596411786812,11.142923468118362,19.51541981849774,0.0335671776309381,0.0022299623489868,42.537451092584526,254.0996447786896,22.642419428194472,175.63528786250538,7.421600316484107,15.571792399430128,32.72696331706332,259.6198486624262,30.57292296433033,299.2114668193204,30.57292296433032,299.21146681932044,0.9160820559226552,0.0139372646811678,1.1390398022532124,0.0382601051923412,0.1174052157014296,0.0272798927406705,0.8617071729397209,0.0013559568900242,2.809538548470747,0.96372443548137,1.3356717763093775,0.2229962348986847,0.2398709189327347,0.0005821997542528,180.00000000000003,8.077935669463161e-28,77.8569217729388,216.8379979833084,102.1430782270612,216.8379979833084,36.15638525569541,0.03596411786812,104.02590167114364,23.22496242862539,2.257600503071783,0.0874640830255666,8.42861564541224,8.67351991933233,0.1955824562793833,0.0006496402194477,84.88460104121197,24.55133251186433,22.75998705443059,265.0045611924594,-0.237355734,0.1114980653323081,1.3356717763093775,0.2229962348986847,0.2490540725074508,0.1227595173330175,0.1174052157014296,0.0272798927406705,2.3406185272409337,0.1057996273020858,2.091564454733483,0.1326326726945398,27.0,81.0,0.2307692307692307,1.0,3.0,2.076923076923077,6.0,6.0,0.0,0.2,27.0,243.0,0.6923076923076923,1.0,2.0,1.3076923076923077,18.0,18.0,0.0,0.6862745098039215,81.0,1.0,0.0,0.0,-0.619370582,1.567989260521017,2.2364172864635217,2.5332001441058694,-0.417007259,0.9581239070298684,0.2098571711788263,0.34976195196471,7.2,12.0,-1.321251675,-1.321251675,2.9529144864635217,3.582486,-1.036206058,-1.036206058,6.031108681793641e-16,9.781917301646565e-16,2.4756556762693203,3.102523884702096,0.6978129909159203,0.6978129909159203,2.475655676269322,3.102523884702097,-1.781462422,-1.781462422,7.020263292040975e-16,9.102625228573335e-16,-4.386689964,-2.259629981,-2.259629981,-2.259629981,1.578749956992198,6.198956138927367,1.686129986108326,7.085359941625193,1.36,6.56149,12.79977,9.0,1.0,0.0,0.0,0.0,0.0,0.0,2.0,9.0,3.0,17.8,-11.7771599,-3.946819967,-3.946819967,-3.946819967,-0.706170785,7.529908477963954,-0.671079994,7.4689799384646305,1.9,8.15168,16.34584,0.0,0.0,0.0,0.0,4.0,2.0,0.0,2.0,4.0,4.0,5.53,-9.787249919,-9.787269919,3.47662997135677,-9.787269919,-3.814405005,16.99279956799987,-3.66805997,16.856479861122974,3.44,13.61805,35.1211,0.0,0.0,0.0,0.0,2.0,4.0,0.0,2.0,2.0,6.0,0.802,3.582486,221.0,3.582486
mp-1187065.cif,264,Sn1 Ge1 O3,Sn,Ge,Ge,O,SnGeO3,3,0.6,1.1572703810303592e-16,3.388317771160602e-34,0.525125526384983,0.0797489052915434,0.4456096464081441,0.0118673966207653,0.5871933332325289,0.023986975419722,1.2825507531781915e-39,1.4184003031248927e-79,0.233561260825544,1.9060972460253736,0.1621767719438346,0.9190111918751912,1.5936995614430645,3.8798053041649974e-19,36.160955769816375,0.0362795542449202,11.24939151767069,19.686586906255293,0.0329413073036432,0.0022090010034912,49.91884896064273,345.6484815430299,28.810679685675737,278.5458029922838,7.511355126004497,15.678089411110584,38.51357244956993,353.3913153317921,36.05412303556808,408.2483581388312,36.05412303556807,408.2483581388309,0.9176467317408916,0.0138062562718203,1.1364473624746894,0.0379004653607547,0.1242774754254263,0.0314411988242817,0.8625577917298765,0.0013660735731805,2.8331981150379315,0.9721771311731008,1.3294130730364322,0.2209001003491264,0.251251758536128,0.0003743943913668,180.0,0.0,77.50202827443101,218.73985451394768,102.497971725569,218.73985451394768,36.160955769816375,0.0362795542449202,103.90975470799562,23.42866540909718,2.4412804799323085,0.1013548242477111,8.499594345113794,8.749594180557906,0.2103371281727369,0.0003623727359239,96.15512928140596,28.804326064628256,37.692774204258086,20.41539586242427,-0.232930174,0.1104500090367669,1.3294130730364322,0.2209001003491264,0.2636323368661907,0.141485394709268,0.1242774754254263,0.0314411988242817,2.5291579255543724,0.1213597189411122,2.265525588688181,0.1556686313337546,27.0,81.0,0.2307692307692307,1.0,3.0,2.076923076923077,6.0,6.0,0.0,0.2,27.0,243.0,0.6923076923076923,1.0,2.0,1.3076923076923077,18.0,18.0,0.0,0.6862745098039215,81.0,1.0,0.0,0.0,-0.430676186,1.3049130229982646,2.4123030635590386,2.732426772598398,-0.102131736,0.8667556034505876,0.2263616454803205,0.3772694091338671,7.2,12.0,-1.460508636,-1.255002704,3.1851500635590373,3.8642349999999976,1.167991954968726,1.2346788291031423,7.432250699759746e-16,1.1208630755988309e-15,2.6703566495971165,3.3465256761929574,-0.624656589,-0.096028437,2.670356649597118,3.346525676192958,0.3372627456046406,1.3221709291180952,9.394379794343162e-16,1.1143273751277045e-15,-11.28339991,-3.579099971,-3.579099971,-3.579099971,-0.668899894,6.747624044360574,-0.640929995,6.701019944791692,1.96,7.34392,14.6322,0.0,10.0,0.0,0.0,4.0,2.0,0.0,2.0,4.0,14.0,7.06,-12.6643599,-3.782329969,-3.782329969,-3.782329969,-0.612054095,7.280624070018371,-0.579449995,7.220969940507932,2.01,7.89943,15.93461,0.0,10.0,0.0,0.0,4.0,2.0,0.0,2.0,4.0,14.0,5.84,-9.787249919,-9.787269919,3.47662997135677,-9.787269919,-3.814405005,16.99279956799987,-3.66805997,16.856479861122974,3.44,13.61805,35.1211,0.0,0.0,0.0,0.0,2.0,4.0,0.0,2.0,2.0,6.0,0.802,3.864235,221.0,3.864235
mp-1187321.cif,265,Tb1 Cu1 O3,Tb,Cu,Cu,O,TbCuO3,3,0.6,1.0008482108398856e-16,1.8608785921268016e-34,0.5248011809413928,0.0797797905796337,0.4457347653793714,0.0118719926457788,0.5870154507502341,0.0239962651352805,1.839795880231112e-39,7.748341436584557e-79,0.2319755720092987,1.90683544252295,0.1610757249984946,0.9193671080512889,1.593699561442349,3.8813065173625383e-19,36.16117449650666,0.0362936167671048,11.25448753211606,19.6942111602296,0.0330189808124357,0.0022116449873515,47.87636423400045,317.0082089614672,27.05716835756111,244.9847605198865,7.512422263704309,15.702237297834971,36.94501425116022,324.1690576761754,34.58243630590931,374.82501900610464,34.58243630590931,374.82501900610447,0.9174525479689112,0.0138227811709472,1.1367690966824782,0.0379458289520584,0.1219489217270027,0.0301678261649474,0.8625730964767089,0.0013679854704866,2.834330562692458,0.9725536375422024,1.330189808124355,0.2211644987351566,0.2455442583386849,0.0006145355357723,180.0,0.0,77.48504155961312,218.82456844699564,102.51495844038688,218.82456844699564,36.16117449650666,0.0362936167671048,103.90419540071592,23.43773874747859,2.390752936964533,0.0968457404826344,8.502991688077374,8.75298273787982,0.2046217739454078,0.0002236716847132,97.00516579004488,47.84565321937758,33.02657174534575,3.28394946014818,-0.233479406,0.1105822054667833,1.330189808124355,0.2211644987351566,0.2586927285346535,0.1357552177422635,0.1219489217270027,0.0301678261649474,2.476983846476084,0.115898726934194,2.21829111794143,0.149243246074358,27.0,81.0,0.2307692307692307,1.0,3.0,2.076923076923077,6.0,6.0,0.0,0.2,27.0,243.0,0.6923076923076923,1.0,2.0,1.3076923076923077,18.0,18.0,0.0,0.6862745098039215,81.0,1.0,0.0,0.0,-0.444243678,2.1535069728659453,2.361536036699179,2.674922727831965,-0.544658961,-0.12364452,0.2215978544336073,0.3693297573893451,7.2,12.0,-0.0059512,-0.0059512,3.118118436699178,3.782911999999999,-1.583654469,-1.583654469,7.202110538670791e-16,7.786232813097932e-16,2.614158873370985,3.2760978922809967,6.114371753802631,6.114371753802631,2.614158873370988,3.276097892280998,-2.72142121,-2.72142121,5.066668418309479e-16,5.092165563423905e-16,-3.347219972,-3.347219972,-0.505199996,-3.347219972,2.085670682817118,-0.811049493,2.776419977125654,5.9778499507497385,1.1,5.8638,11.52,0.0,0.0,5.0,9.0,0.0,0.0,0.0,2.0,5.0,11.0,25.5,-4.473869963,-4.473869963,-4.473869963,-4.473869963,-1.377390789,7.885906405023617,-1.356039989,7.832129935472711,1.9,7.72638,20.2924,0.0,10.0,0.0,0.0,0.0,0.0,1.0,1.0,1.0,11.0,6.15,-9.787249919,-9.787269919,3.47662997135677,-9.787269919,-3.814405005,16.99279956799987,-3.66805997,16.856479861122974,3.44,13.61805,35.1211,0.0,0.0,0.0,0.0,2.0,4.0,0.0,2.0,2.0,6.0,0.802,3.782912,221.0,3.782912
mp-1187310.cif,266,Tb1 Be1 O3,Tb,Be,Be,O,TbBeO3,3,0.6,1.2365576221158643e-16,8.787200772220079e-34,0.5282359282061306,0.0794420386938434,0.4444097828563159,0.0118217319484885,0.5888991873082194,0.0238946757008826,1.7884983121985896e-40,5.2457004012137345e-78,0.2487676695459175,1.8987627556692408,0.1727355711859237,0.915474919663454,1.5936995614499252,3.8648761631435524e-19,36.15885786826749,0.0361399537910128,11.200521854400506,19.6108346947088,0.0317300284491318,0.0021662081395304,42.53501649900649,260.55916173927164,22.705543281600747,179.0290785434964,7.515113716126388,15.362220405229568,32.74502860181465,265.7790359565448,30.708417330914664,303.50424161356324,30.70841733091465,303.5042416135629,0.9206749288771706,0.0135388008720653,1.1314300811811455,0.0371662558897447,0.1109921750580989,0.0265059872450531,0.8625211324378469,0.001341397529313,2.822338189866779,0.9684362812201874,1.317300284491317,0.2166208139530462,0.2417750079528942,0.0006552377178996,180.00000000000003,8.077935669463161e-28,77.66492715199831,217.89816327454216,102.33507284800172,217.89816327454216,36.15885786826749,0.0361399537910128,103.96306706792674,23.3385140168435,2.253517645160289,0.0905409429914294,8.467014569600337,8.715926530981687,0.1973570977650061,0.000739944165438,87.91172821270862,8.758982481273394,27.59098254187246,356.12125434558504,-0.22436513,0.1083103563667577,1.317300284491317,0.2166208139530462,0.2354499589266788,0.119276942602739,0.1109921750580989,0.0265059872450531,2.332000964802516,0.1089146821861889,2.096551005875837,0.1333114263370698,27.0,81.0,0.2307692307692307,1.0,3.0,2.076923076923077,6.0,6.0,0.0,0.2,27.0,243.0,0.6923076923076923,1.0,2.0,1.3076923076923077,18.0,18.0,0.0,0.6862745098039215,81.0,1.0,0.0,0.0,-0.988520019,0.3817800681282213,2.236671361939488,2.5334879365658125,-0.602239791,-0.022130945,0.2098810126868377,0.3498016878113957,7.2,12.0,0.0,0.0,2.9532499619394867,3.5828929999999986,0.0,0.0,5.372605711774622e-16,6.280369834735107e-16,2.475936931202414,3.102876357041436,-0.838979411,0.4514448390707697,2.4759369312024155,3.102876357041436,0.2802243681531059,1.2074782646447486,1.0494302385180028e-15,1.79272913793789e-15,-3.347219972,-3.347219972,-0.505199996,-3.347219972,2.085670682817118,-0.811049493,2.776419977125654,5.9778499507497385,1.1,5.8638,11.52,0.0,0.0,5.0,9.0,0.0,0.0,0.0,2.0,5.0,11.0,25.5,-6.07033995,-6.07033995,-1.473099988,-1.473099988,1.221916734732835,9.780957626816702,1.3019699892733403,9.752869919648134,1.57,9.3227,18.21114,0.0,0.0,0.0,0.0,0.0,0.0,0.0,2.0,0.0,2.0,5.6,-9.787249919,-9.787269919,3.47662997135677,-9.787269919,-3.814405005,16.99279956799987,-3.66805997,16.856479861122974,3.44,13.61805,35.1211,0.0,0.0,0.0,0.0,2.0,4.0,0.0,2.0,2.0,6.0,0.802,3.582893,221.0,3.582893
mp-1187202.cif,268,Sr1 Pt1 O3,Sr,Pt,Pt,O,SrPtO3,3,0.6,1.2671343417206202e-16,4.916825777313377e-34,0.5359401857238226,0.078598631711337,0.4414378009964396,0.0116962249570441,0.5931244738925348,0.0236409946944256,2.4612350689282567e-39,6.093218639730779e-78,0.2864329280679855,1.8786042880293785,0.19888901151816,0.9057556582717718,1.5936995614669185,3.823844190700185e-19,36.15366150628314,0.0357562691590981,11.079474963263625,19.402633656741497,0.0336426900804464,0.0022324384121956,54.36297759024856,420.52471966830586,32.709533185661684,372.75237361962087,7.377035939762365,15.449513980897436,41.7465986642966,429.3133804247837,38.97051531944483,493.0395748631783,38.970515319444814,493.0395748631782,0.9158932747988842,0.0139527400762228,1.1393525850603567,0.0383025877207461,0.1334334354180551,0.0351178073592505,0.8612704823618074,0.0013453833875054,2.79543888072525,0.9581547484810616,1.3364269008044614,0.2232438412195665,0.2516474161431329,0.0003578847366034,179.99999999999997,8.07793566946316e-28,78.06841678912122,215.5848184082388,101.93158321087876,215.5848184082388,36.15366150628314,0.0357562691590981,104.09511822189424,23.09073757496506,2.554542330119304,0.1135112248985999,8.38631664217575,8.623392736329555,0.2024001440212742,0.0008921998637796,92.81673233873612,7.204228868832939,26.927645247539697,369.57004644165954,-0.237889705,0.1116218848283673,1.3364269008044614,0.2232438412195665,0.2830550610633729,0.1580301331166276,0.1334334354180551,0.0351178073592505,2.648894017140428,0.1381610737496208,2.365838956077055,0.1695649492743091,27.0,81.0,0.2307692307692307,1.0,3.0,2.076923076923077,6.0,6.0,0.0,0.2,27.0,243.0,0.6923076923076923,1.0,2.0,1.3076923076923077,18.0,18.0,0.0,0.6862745098039215,81.0,1.0,0.0,0.0,-0.204005236,1.9989008601787808,2.5360290806574,2.8725718010956665,-0.240835215,0.8862417146063049,0.2379716397808672,0.3966193996347779,7.2,12.0,1.1980884214910454,1.5570512286547276,3.348515080657399,4.06243,-1.404823448,-1.311913469,9.829020923477052e-16,1.709300165674279e-15,2.8073181273972243,3.5181675810960145,1.426148429308311,2.337278106508877,2.8073181273972265,3.518167581096015,-0.482103592,1.4965760375913753,8.959635508186047e-16,9.459243024759297e-16,-3.709159969,-3.709159969,-0.900649993,-0.900649993,1.114752790845946,5.960128210919736,1.1364599906369428,5.964719950857914,0.95,5.69485,11.0301,0.0,0.0,0.0,0.0,0.0,0.0,0.0,2.0,0.0,2.0,25.55,-5.337229956,-5.337229956,-4.096529966,-4.096529966,-1.15111819,10.073450416940714,-1.127259991,10.025479917402158,2.28,8.9588,18.563,1.0,9.0,0.0,14.0,0.0,0.0,1.0,1.0,2.0,24.0,6.5,-9.787249919,-9.787269919,3.47662997135677,-9.787269919,-3.814405005,16.99279956799987,-3.66805997,16.856479861122974,3.44,13.61805,35.1211,0.0,0.0,0.0,0.0,2.0,4.0,0.0,2.0,2.0,6.0,0.802,4.06243,221.0,4.06243
mp-1187190.cif,269,Sr1 Pd1 O3,Sr,Pd,Pd,O,SrPdO3,3,0.6,9.554873855535752e-17,2.2102925719715535e-33,0.5331331530476586,0.0789196722321643,0.4425206373599025,0.011743998844072,0.5915849981570607,0.0237375576635807,7.310785765421569e-40,3.3742974424347787e-78,0.2727096573719041,1.886277552638772,0.1893600515323203,0.9094552680734,1.5936995614607268,3.839462896825299e-19,36.15555473906185,0.0359023340017972,11.123578185149578,19.48188480245429,0.0326548949853211,0.0021991473320297,53.813437482794896,416.4563035011273,32.26492530517992,364.0258901609968,7.4360719405400895,15.370950670870624,41.35478755446507,424.8685628562491,38.6905834070806,485.9712905795762,38.69058340708058,485.9712905795764,0.9183627625366972,0.013744670825186,1.1352610038078916,0.037731403086309,0.1287837169979296,0.0342042171061838,0.8617948352927389,0.0013404497410592,2.805239596699906,0.9620683853063848,1.3265489498532097,0.2199147332029757,0.2499729033021069,0.0002768092314294,180.0,0.0,77.92140604950139,216.46538669393647,102.0785939504986,216.46538669393647,36.15555473906185,0.0359023340017972,104.04700558991506,23.18505278023257,2.538696225289989,0.1140540067285411,8.415718790099719,8.658615467757462,0.2082721523048581,0.0003069827170368,92.08098120860458,167.54007588829705,35.945862222165346,9.628065430027082,-0.230904939,0.1099573307492524,1.3265489498532097,0.2199147332029757,0.273191518786936,0.1539189769778274,0.1287837169979296,0.0342042171061838,2.6297600648856347,0.1382180195969515,2.356568546098699,0.1683386323102721,27.0,81.0,0.2307692307692307,1.0,3.0,2.076923076923077,6.0,6.0,0.0,0.2,27.0,243.0,0.6923076923076923,1.0,2.0,1.3076923076923077,18.0,18.0,0.0,0.6862745098039215,81.0,1.0,0.0,0.0,-0.451818929,1.841351003993864,2.521697226167911,2.856338043613185,-0.49935215,0.727233076649159,0.2366267912773632,0.3943779854622715,7.2,12.0,-0.466452806,-0.132963989,3.3295916261679106,4.039471999999999,-0.959719915,-0.848968948,7.85684786805714e-16,1.290493325102167e-15,2.791453137829704,3.498285369875932,-1.026176241,-0.535969084,2.791453137829705,3.498285369875933,0.0952246986706523,1.0786004673617613,8.227217095927103e-16,1.225164070731836e-15,-3.709159969,-3.709159969,-0.900649993,-0.900649993,1.114752790845946,5.960128210919736,1.1364599906369428,5.964719950857914,0.95,5.69485,11.0301,0.0,0.0,0.0,0.0,0.0,0.0,0.0,2.0,0.0,2.0,25.55,-5.069039958,-5.069039958,-2.683859978,-2.683859978,-0.0178384,10.099679516760922,0.0108299999107738,10.019159917454228,2.2,8.3369,19.43,0.0,10.0,0.0,0.0,0.0,0.0,0.0,0.0,0.0,10.0,4.8,-9.787249919,-9.787269919,3.47662997135677,-9.787269919,-3.814405005,16.99279956799987,-3.66805997,16.856479861122974,3.44,13.61805,35.1211,0.0,0.0,0.0,0.0,2.0,4.0,0.0,2.0,2.0,6.0,0.802,4.039472,221.0,4.039472
mp-1186515.cif,272,Pr1 Cu1 O3,Pr,Cu,Cu,O,PrCuO3,3,0.6,7.472360071111361e-17,3.6109716520229073e-34,0.5299169130210049,0.0792681415351397,0.4437613288858896,0.01179585439511,0.5898210986761112,0.0238423706961162,3.092293627151036e-40,8.221896754506636e-80,0.2569858174308389,1.8946063989884177,0.1784419661181093,0.9134709619351344,1.593699561453633,3.856414664970123e-19,36.15772407885712,0.0360608440981705,11.174110745293422,19.567906938960213,0.0332802663237426,0.002220450505795,49.14499452286417,338.7307620002677,28.130258831944182,269.9372932279242,7.450999173816669,15.586268347893864,37.83942805501541,346.1080357591972,35.37744727653235,398.875271592644,35.37744727653235,398.875271592644,0.9167993341906434,0.0138778156612188,1.1378513767068283,0.0380969077638028,0.1249795007365605,0.0313144711716344,0.86198079413676,0.0013576915453493,2.816469054509649,0.9663163920474178,1.332802663237426,0.2220450505795024,0.2505603431915114,0.0002798196159686,180.0,0.0,77.75296418235524,217.42118821066896,102.24703581764476,217.42118821066896,36.15772407885712,0.0360608440981705,103.99187918695264,23.287426439754302,2.4252027685033486,0.1009795129088241,8.449407163528948,8.696847528426762,0.2125863314701018,0.0004261073722303,84.72588597956835,41.16818765667844,37.74276743838166,20.87735783623785,-0.235326976,0.1110224833635993,1.332802663237426,0.2220450505795024,0.2651215574403939,0.1409151202723554,0.1249795007365605,0.0313144711716344,2.5135766209834807,0.1217850282335742,2.248455063543086,0.1533118957742276,27.0,81.0,0.2307692307692307,1.0,3.0,2.076923076923077,6.0,6.0,0.0,0.2,27.0,243.0,0.6923076923076923,1.0,2.0,1.3076923076923077,18.0,18.0,0.0,0.6862745098039215,81.0,1.0,0.0,0.0,-0.647173448,1.2232224265927982,2.4012217520753336,2.719874920125556,-0.261383624,0.5580693192537479,0.225321815974889,0.3755363599581478,7.2,12.0,-0.826596714,-0.492022715,3.170518552075333,3.846484,-1.188729716,-1.009430152,8.39665543390511e-16,1.1624497896997657e-15,2.6580899264586426,3.331152859250379,0.1903559069908341,1.005053507728893,2.6580899264586444,3.3311528592503814,-0.348658593,1.0630994373630067,7.724482079957382e-16,9.165101083499073e-16,-3.552829971,-1.857289985,-1.857289985,-1.857289985,-2.664784778,2.129404682427247,0.600049995056313,6.411329947178387,1.13,5.473,10.55,0.0,0.0,11.0,3.0,0.0,0.0,0.0,2.0,11.0,5.0,28.2,-4.473869963,-4.473869963,-4.473869963,-4.473869963,-1.377390789,7.885906405023617,-1.356039989,7.832129935472711,1.9,7.72638,20.2924,0.0,10.0,0.0,0.0,0.0,0.0,1.0,1.0,1.0,11.0,6.15,-9.787249919,-9.787269919,3.47662997135677,-9.787269919,-3.814405005,16.99279956799987,-3.66805997,16.856479861122974,3.44,13.61805,35.1211,0.0,0.0,0.0,0.0,2.0,4.0,0.0,2.0,2.0,6.0,0.802,3.846484,221.0,3.846484
mp-1186764.cif,273,Sr1 W1 O3,Sr,W,W,O,SrWO3,3,0.6,1.0684675378659178e-16,1.2857027534398993e-33,0.533075160033267,0.0789261387457451,0.4425430086508902,0.0117449611228787,0.5915531927423104,0.0237395026696186,6.522057465736074e-40,3.5330750570399456e-78,0.2724261359716238,1.8864321102929813,0.1891631841718906,0.90952978694399,1.5936995614605989,3.83977749441883e-19,36.15559382174622,0.0359052602478125,11.124489353303506,19.483481107521087,0.0322006573530597,0.0021831834013368,55.39387914177854,445.3817379463069,33.72091874115473,400.47428745657584,7.450306514943881,15.292627587700723,42.55848502498695,454.1180834590325,39.85034414718744,517.8606873194526,39.85034414718744,517.8606873194528,0.9194983566173508,0.013644896258355,1.133379489929663,0.0374575053373749,0.1289350684221537,0.0350028055750231,0.8619080874320855,0.0013345904849258,2.8054420785118896,0.9621472151862264,1.3220065735305966,0.218318340133681,0.2500596829788008,0.0002748945843652,180.0,0.0,77.91836882232164,216.48312341690087,102.08163117767836,216.48312341690087,36.15559382174622,0.0359052602478125,104.0460115739233,23.18695269084433,2.575047723410953,0.1188006314876829,8.41632623553567,8.659324936676038,0.2015486803918458,0.0008059332676254,95.97670571233678,83.18797238972954,25.744916455721825,314.79224284815314,-0.227692996,0.1091591360596177,1.3220065735305966,0.218318340133681,0.2735125836421694,0.1575126250876043,0.1289350684221537,0.0350028055750231,2.666218584625009,0.1439337387424603,2.39270600098284,0.1735428337031982,27.0,81.0,0.2307692307692307,1.0,3.0,2.076923076923077,6.0,6.0,0.0,0.2,27.0,243.0,0.6923076923076923,1.0,2.0,1.3076923076923077,18.0,18.0,0.0,0.6862745098039215,81.0,1.0,0.0,0.0,-0.859744399,0.5894813732651563,2.5602748728221023,2.9000351213701703,-0.28482166,1.0010321579966013,0.2402467757259662,0.4004112928766098,7.2,12.0,-0.099924012,0.1153846153846154,3.380528672822102,4.101269,-1.405030509,-1.291972817,9.622445135723828e-16,1.290493325102167e-15,2.834157587707921,3.551803141753598,0.0955919400278117,1.694504300588501,2.834157587707923,3.551803141753599,-0.867472823,1.0087460347640156,1.0600041950660601e-15,1.1624497896997657e-15,-3.709159969,-3.709159969,-0.900649993,-0.900649993,1.114752790845946,5.960128210919736,1.1364599906369428,5.964719950857914,0.95,5.69485,11.0301,0.0,0.0,0.0,0.0,0.0,0.0,0.0,2.0,0.0,2.0,25.55,-6.06602995,-4.355829964,-4.355829964,-4.355829964,-0.368762497,8.697226028512699,-0.333519997,8.635419928854573,2.36,7.86403,16.1,6.0,4.0,0.0,14.0,0.0,0.0,0.0,2.0,6.0,20.0,11.1,-9.787249919,-9.787269919,3.47662997135677,-9.787269919,-3.814405005,16.99279956799987,-3.66805997,16.856479861122974,3.44,13.61805,35.1211,0.0,0.0,0.0,0.0,2.0,4.0,0.0,2.0,2.0,6.0,0.802,4.101269,221.0,4.101269
mp-1186669.cif,275,Pm1 W1 O3,Pm,W,W,O,PmWO3,3,0.6,1.162264749195738e-16,3.404711490464375e-33,0.5250594793339869,0.079755211578626,0.4456351246112036,0.0118683350563431,0.5871571107000049,0.0239888722326336,7.187178349952655e-39,7.454371396666863e-77,0.2332383641356712,1.90624797406856,0.161952563757208,0.9190838643261408,1.5936995614429188,3.8801080152842825e-19,36.16100026489833,0.0362824399511861,11.250429228335664,19.688143658266533,0.0324772101747679,0.0021929518367407,56.8660491910431,452.9356875105566,35.05537961389616,415.4389309843877,7.525969846980743,15.596081855177331,43.862663710067885,462.7881457738732,41.09648142883017,532.877746062429,41.09648142883016,532.8777460624289,0.91880697456308,0.0137059489796296,1.134525009224304,0.0376251051922733,0.1308678041619549,0.0356071564413946,0.8626742068973268,0.0013599280741834,2.833428717407926,0.9722540078156312,1.324772101747678,0.2192951836740738,0.2520600042898995,0.0003484176819493,179.99999999999997,8.077935669463161e-28,77.49856923888109,218.7571517585173,102.5014307611189,218.75715175851724,36.16100026489833,0.0362824399511861,103.90862263385507,23.43051785873101,2.604929047783436,0.1169643551184598,8.500286152223778,8.750286070340682,0.2027636528871224,0.0008729967116825,94.00855601555632,99.8863858900026,26.05835169213059,326.79408832993545,-0.22964852,0.109647558319917,1.324772101747678,0.2192951836740738,0.2776125352857348,0.1602322039862762,0.1308678041619549,0.0356071564413946,2.697466559545347,0.1400577780528188,2.419854024259612,0.1775989785739263,27.0,81.0,0.2307692307692307,1.0,3.0,2.076923076923077,6.0,6.0,0.0,0.2,27.0,243.0,0.6923076923076923,1.0,2.0,1.3076923076923077,18.0,18.0,0.0,0.6862745098039215,81.0,1.0,0.0,0.0,-0.995084254,0.3903097159969619,2.5765250907947426,2.918441817991238,-0.583307732,0.218037297128703,0.241771636401753,0.4029527273362541,7.2,12.0,-0.202300477,0.1963117192147527,3.4019850907947404,4.127299999999997,0.0819119220604897,1.3300123851327152,1.093306233145929e-15,1.171837154427114e-15,2.852146155676913,3.574346649039509,-0.686209041,-0.261869978,2.852146155676915,3.574346649039512,0.334506315305108,1.3696343516206777,1.3502695092535901e-15,1.5330192802019584e-15,-3.451029972,-1.20110999,-1.20110999,-1.20110999,1.590597686891269,5.774711452508859,1.0662699912152236,6.262719948402754,1.13,5.582,10.9,0.0,0.0,9.0,5.0,0.0,0.0,0.0,2.0,9.0,7.0,30.1,-6.06602995,-4.355829964,-4.355829964,-4.355829964,-0.368762497,8.697226028512699,-0.333519997,8.635419928854573,2.36,7.86403,16.1,6.0,4.0,0.0,14.0,0.0,0.0,0.0,2.0,6.0,20.0,11.1,-9.787249919,-9.787269919,3.47662997135677,-9.787269919,-3.814405005,16.99279956799987,-3.66805997,16.856479861122974,3.44,13.61805,35.1211,0.0,0.0,0.0,0.0,2.0,4.0,0.0,2.0,2.0,6.0,0.802,4.1273,221.0,4.1273
mp-1186742.cif,276,Pr1 Be1 O3,Pr,Be,Be,O,PrBeO3,3,0.6,1.3409440747445266e-16,3.1125344638811835e-34,0.534601823194155,0.0787536659392799,0.4419540855509183,0.0117192955266785,0.5923904686715814,0.0236876260832991,5.569912359953367e-39,1.168730177655618e-77,0.2798898224461364,1.8823097973883025,0.1943457074447712,0.9075422431795196,1.5936995614639664,3.831383953477546e-19,36.1545642040648,0.0358267976843727,11.100502897890468,19.44090496329656,0.0339826188021024,0.0022434434995612,44.764815757856255,281.72353852672506,24.42821161322843,205.51439481538208,7.38085670119725,15.553682054509704,34.405258732677886,287.8309917340036,32.1037161407346,331.7905437296662,32.103716140734576,331.7905437296658,0.9150434529947444,0.0140215218722576,1.1407606159278567,0.0384914051689188,0.1221071205203053,0.0289656600092189,0.8613290502268595,0.0013536847680778,2.8001117550867707,0.9600446895455088,1.339826188021021,0.2243443499561226,0.2434452366233975,0.0005430418392315,180.00000000000003,8.077935669463161e-28,77.99832367369845,216.0100551477396,102.00167632630158,216.0100551477396,36.1545642040648,0.0358267976843727,104.07217865684676,23.13628359268348,2.317827702446139,0.0920626604761439,8.400335265260312,8.640402205909579,0.2016461215519233,0.0008712767337879,87.88529595721864,8.241496870337897,25.741930588182168,346.92512746390844,-0.24029335,0.1121721266207042,1.339826188021021,0.2243443499561226,0.2590283188532132,0.1303454700414857,0.1221071205203053,0.0289656600092189,2.40417047539721,0.1118184848127718,2.145142156543997,0.1394479918305457,27.0,81.0,0.2307692307692307,1.0,3.0,2.076923076923077,6.0,6.0,0.0,0.2,27.0,243.0,0.6923076923076923,1.0,2.0,1.3076923076923077,18.0,18.0,0.0,0.6862745098039215,81.0,1.0,0.0,0.0,-0.031800205,3.205868730907293,2.297547097,2.6024421614399995,0.0860143878549392,1.634311685301162,0.2155933677120002,0.3593222795199999,7.2,12.0,-0.56356006,-0.185950413,3.033628897,3.680409,-0.781526454,0.4013969461360344,7.092375377297705e-16,1.1434438804451305e-15,2.543324783918958,3.187327690316879,0.2683123039130894,3.249499739590472,2.54332478391896,3.187327690316882,-0.894981908,0.846819636693915,9.91151974164817e-16,1.6539190522907304e-15,-3.552829971,-1.857289985,-1.857289985,-1.857289985,-2.664784778,2.129404682427247,0.600049995056313,6.411329947178387,1.13,5.473,10.55,0.0,0.0,11.0,3.0,0.0,0.0,0.0,2.0,11.0,5.0,28.2,-6.07033995,-6.07033995,-1.473099988,-1.473099988,1.221916734732835,9.780957626816702,1.3019699892733403,9.752869919648134,1.57,9.3227,18.21114,0.0,0.0,0.0,0.0,0.0,0.0,0.0,2.0,0.0,2.0,5.6,-9.787249919,-9.787269919,3.47662997135677,-9.787269919,-3.814405005,16.99279956799987,-3.66805997,16.856479861122974,3.44,13.61805,35.1211,0.0,0.0,0.0,0.0,2.0,4.0,0.0,2.0,2.0,6.0,0.802,3.680409,221.0,3.680409
mp-1187352.cif,277,Tb1 Ni1 O3,Tb,Ni,Ni,O,TbNiO3,3,0.6,9.362204684788194e-17,7.030645014030429e-35,0.5337968951952425,0.0788451825892126,0.4422645932676945,0.0117329140757756,0.591949017763777,0.0237151525756616,8.090285373216662e-40,3.297419935185246e-79,0.2759546189432593,1.8844971582525587,0.1916132395407634,0.908596863618804,1.593699561462191,3.835836259536465e-19,36.15510706139982,0.0358684371084649,11.113149675549916,19.46349650202278,0.0335887673268923,0.0022306714421491,46.19254965022444,301.60831463416736,25.62199885445712,226.7447677788737,7.401103430559845,15.512496938493388,35.507557928798576,308.0376957052516,33.160062033098555,354.3892378278699,33.16006203309855,354.3892378278699,0.9160280816827696,0.0139416965134319,1.1391292297019309,0.0382722713076086,0.1226033999078376,0.0297202530501243,0.8615055204766005,0.0013508614251882,2.8029221501222032,0.9611603210875448,1.3358876732689218,0.2230671442149118,0.2522822265503253,0.0003527991193611,180.0,0.0,77.95616774816693,216.26107224469743,102.04383225183308,216.2610722446975,36.15510706139982,0.0358684371084649,104.05838214781596,23.163169301161627,2.353591598990966,0.0957110043239468,8.40876645036661,8.650442889787904,0.2123526337350715,0.0004259189928129,89.0986862294937,73.66837365745438,37.627575183192135,20.67741519899724,-0.237508403,0.1115335262394213,1.3358876732689218,0.2230671442149118,0.2600810864140749,0.1337411387255597,0.1226033999078376,0.0297202530501243,2.440285294462325,0.1161132634648169,2.18020420804825,0.1440672451925802,27.0,81.0,0.2307692307692307,1.0,3.0,2.076923076923077,6.0,6.0,0.0,0.2,27.0,243.0,0.6923076923076923,1.0,2.0,1.3076923076923077,18.0,18.0,0.0,0.6862745098039215,81.0,1.0,0.0,0.0,-0.91562033,0.2273043378339556,2.3339348251651497,2.6436587086085828,-0.159237565,1.1462397136859026,0.2190078582782838,0.3650130971304723,7.2,12.0,0.1746691871455574,0.1746691871455574,3.0816744251651484,3.738698,-1.64744862,-1.64744862,5.759909320029856e-16,9.165101083499073e-16,2.583605051228883,3.2378074450780705,-0.605555911,-0.240112591,2.583605051228884,3.237807445078071,-0.09629768,1.3105092515664003,8.710721155779757e-16,1.293320258008117e-15,-3.347219972,-3.347219972,-0.505199996,-3.347219972,2.085670682817118,-0.811049493,2.776419977125654,5.9778499507497385,1.1,5.8638,11.52,0.0,0.0,5.0,9.0,0.0,0.0,0.0,2.0,5.0,11.0,25.5,-2.825219977,-2.825229977,-2.697169978,-2.825229977,-0.396642997,8.055245913651854,-0.517239996,7.938709934594622,1.91,7.6398,18.16884,2.0,8.0,0.0,0.0,0.0,0.0,0.0,2.0,2.0,10.0,6.8,-9.787249919,-9.787269919,3.47662997135677,-9.787269919,-3.814405005,16.99279956799987,-3.66805997,16.856479861122974,3.44,13.61805,35.1211,0.0,0.0,0.0,0.0,2.0,4.0,0.0,2.0,2.0,6.0,0.802,3.738698,221.0,3.738698
mp-1187572.cif,278,Yb1 Cr1 O3,Yb,Cr,Cr,O,YbCrO3,3,0.6,9.113863519384315e-17,2.376711378400493e-34,0.5339853667230627,0.0788238704188004,0.4421918887974067,0.0117297426218452,0.5920523821978182,0.0237087422744048,1.2723907566195728e-39,1.9228113565241683e-79,0.2768760352904024,1.8839877710806447,0.1922530388784485,0.9083512662270854,1.5936995614626066,3.834802113304069e-19,36.15497997467415,0.035858727630708,11.110188469689636,19.45823544052673,0.0327917237774885,0.0022038752294497,46.85402864670553,315.7730732378507,26.207305127964,240.5438985931787,7.423040599801775,15.366964470048313,35.994960380788186,322.14973101568154,33.663489293824874,368.5200953594925,33.66348929382487,368.5200953594925,0.9180206905562788,0.0137742201840608,1.1358277672222803,0.0378125209817342,0.1207258301634827,0.0298716292603846,0.8616741386549163,0.0013398594268357,2.802264104375475,0.9609005155815672,1.3279172377748836,0.220387522944974,0.245168159653514,0.0006012861303514,180.0,0.0,77.96603843436786,216.2026160058527,102.03396156563213,216.2026160058527,36.15497997467415,0.035858727630708,104.061612571182,23.15690837915476,2.3694723591949542,0.0992921181365359,8.406792313126425,8.648104640234104,0.1905551288321372,0.0005667213637445,84.68994602939364,60.058629623386366,23.24947691540589,264.6335314716442,-0.231872456,0.1101937173074077,1.3279172377748836,0.220387522944974,0.2560981595189222,0.134422331671731,0.1207258301634827,0.0298716292603846,2.4548384123679283,0.1204846181112801,2.198740252849006,0.1465220059682017,27.0,81.0,0.2307692307692307,1.0,3.0,2.076923076923077,6.0,6.0,0.0,0.2,27.0,243.0,0.6923076923076923,1.0,2.0,1.3076923076923077,18.0,18.0,0.0,0.6862745098039215,81.0,1.0,0.0,0.0,-0.404827066,2.165165397923876,2.354052964579607,2.6664466176326784,-0.736881227,-0.46213098,0.2208956704734646,0.3681594507891073,7.2,12.0,-1.244016649,-1.244016649,3.108237958579606,3.770924969999999,0.8160202368123691,0.8160202368123691,6.983601470789121e-16,7.786232813097932e-16,2.6058753074725813,3.2657168197850703,2.9611525261599563,6.531457553435576,2.605875307472583,3.265716819785072,-2.136218389,-1.442656419,6.354441310465857e-16,9.274036417440525e-16,-3.926989968,-3.926989968,-0.194009998,-0.194009998,2.0578892829804767,6.480050346556007,2.07519998290286,6.488929946539056,1.1,6.25416,12.176,0.0,0.0,0.0,14.0,0.0,0.0,0.0,2.0,0.0,16.0,20.9,-4.787509961,-4.787509961,-4.710739961,-4.787509961,-3.386652872,7.192547130741292,-0.713879994,7.198049940696766,1.66,6.76651,16.4857,5.0,5.0,0.0,0.0,0.0,0.0,1.0,1.0,6.0,6.0,11.6,-9.787249919,-9.787269919,3.47662997135677,-9.787269919,-3.814405005,16.99279956799987,-3.66805997,16.856479861122974,3.44,13.61805,35.1211,0.0,0.0,0.0,0.0,2.0,4.0,0.0,2.0,2.0,6.0,0.802,3.770924965537145,221.0,3.770924965537145
mp-1187577.cif,279,Tm1 Cr1 O3,Tm,Cr,Cr,O,TmCrO3,3,0.6,8.635307979951046e-17,3.5296128498823742e-34,0.5290042457679819,0.0793632577896151,0.444113397922245,0.0118100085996451,0.5893205597609352,0.0238709798820327,8.864937677387785e-40,3.3216126741985983e-79,0.2525238886919828,1.8968797948431328,0.175343758602289,0.9145670635314216,1.5936995614516198,3.861043451346702e-19,36.15833959334476,0.0361041153871354,11.188450288509255,19.59138706577929,0.0323382735637733,0.0021880634192918,48.73638501556868,338.69177497678226,27.821295173254672,267.0563745500415,7.48881865209298,15.44766479595665,37.51940254261594,345.696552487714,35.143029037533445,396.1303976997824,35.14302903753343,396.13039769978207,0.9191543160905667,0.0136753963705742,1.1339495149384615,0.0375412332085591,0.1210371881942708,0.0306523585122444,0.8622978452249481,0.0013475671616755,2.819655619668724,0.967475904482928,1.3233827356377308,0.2188063419291883,0.2427516392091847,0.0004684667690144,180.0,0.0,77.70516570496913,217.68207850865883,102.29483429503088,217.68207850865872,36.15833959334476,0.0361041153871354,103.97623601988955,23.315369705926344,2.4133980356351072,0.1023820244809645,8.458966859006171,8.707283140346352,0.20289190001017,0.000297189263038,92.72306054028073,51.0647193942457,36.47579740285213,12.71800250840909,-0.228666082,0.1094031292340741,1.3233827356377308,0.2188063419291883,0.2567586496437639,0.1379356133051,0.1210371881942708,0.0306523585122444,2.4989842521830283,0.1233144205148917,2.2422256025392646,0.1524743079498433,27.0,81.0,0.2307692307692307,1.0,3.0,2.076923076923077,6.0,6.0,0.0,0.2,27.0,243.0,0.6923076923076923,1.0,2.0,1.3076923076923077,18.0,18.0,0.0,0.6862745098039215,81.0,1.0,0.0,0.0,-0.849049906,0.1326770421951457,2.3932180624503783,2.710809104083964,-0.303323421,0.8164158069989162,0.2245707791832076,0.3742846319720121,7.2,12.0,-0.455024666,-0.2568,3.159950662450377,3.833663000000001,0.3976970162098139,0.9699979381421386,6.81393840895406e-16,8.840569198756811e-16,2.64923005054414,3.3200495475484595,-1.013530778,-0.241920137,2.649230050544141,3.3200495475484604,-0.197380222,1.15956900786497,1.0030089607534465e-15,1.210167617318992e-15,-3.68632997,-3.68753997,0.2545399979028979,-3.68753997,0.8790595927381544,5.901787851294252,2.3432199806946983,6.038359950251207,1.25,6.18431,12.05,0.0,0.0,1.0,13.0,0.0,0.0,0.0,2.0,1.0,15.0,21.8,-4.787509961,-4.787509961,-4.710739961,-4.787509961,-3.386652872,7.192547130741292,-0.713879994,7.198049940696766,1.66,6.76651,16.4857,5.0,5.0,0.0,0.0,0.0,0.0,1.0,1.0,6.0,6.0,11.6,-9.787249919,-9.787269919,3.47662997135677,-9.787269919,-3.814405005,16.99279956799987,-3.66805997,16.856479861122974,3.44,13.61805,35.1211,0.0,0.0,0.0,0.0,2.0,4.0,0.0,2.0,2.0,6.0,0.802,3.833663,221.0,3.833663
mp-1187578.cif,280,Yb1 Nb1 O3,Yb,Nb,Nb,O,YbNbO3,3,0.6,1.1311472666257508e-16,3.029875732993597e-33,0.5251867510639238,0.0797430516607451,0.4455860284754917,0.0118665255447537,0.5872269110061122,0.0239852147573335,-5.4299999999999997e-39,4.0204443713808895e-77,0.2338605814745409,1.90595733702596,0.1623846097508997,0.9189437357490278,1.5936995614431997,3.8795191598841056e-19,36.16091447503963,0.0362768912978202,11.248429574611333,19.68514189568109,0.0332756785822419,0.0022202970731155,54.072599721964295,402.7352221574575,32.46336350439812,351.79118027646854,7.500682692273636,15.736480827957443,41.72543267692908,411.9474338100511,39.0369806290196,477.0270609063671,39.0369806290196,477.02706090636696,0.9168108035443951,0.0138768567069718,1.1378323736593252,0.0380942752752046,0.1305923291242143,0.034197360000782,0.862472502580657,0.0013704482007474,2.8329843499136294,0.972105772626227,1.3327567858224174,0.2220297073115512,0.2470305911402968,0.000646648371424,180.0,0.0,77.50523475129553,218.7237988409016,102.49476524870448,218.7237988409016,36.16091447503963,0.0362768912978202,103.910804100424,23.42694572709153,2.5413172173610947,0.1087599811771465,8.498953049740889,8.748951953636043,0.2121570648169367,0.0004139423771703,97.01594692084758,20.210531424259763,37.49952859718588,19.902288218952087,-0.235294541,0.111014816924269,1.3327567858224174,0.2220297073115512,0.2770281644840334,0.1538881200035197,0.1305923291242145,0.0341973600007821,2.6336599388557724,0.1302155646444123,2.35663177437174,0.1684408942449616,27.0,81.0,0.2307692307692307,1.0,3.0,2.076923076923077,6.0,6.0,0.0,0.2,27.0,243.0,0.6923076923076923,1.0,2.0,1.3076923076923077,18.0,18.0,0.0,0.6862745098039215,81.0,1.0,0.0,0.0,-0.746689931,0.7863591732908239,2.5094065279038897,2.84241631317315,-0.402390068,0.1141849181809594,0.2354734773653704,0.3924557956089498,7.2,12.0,1.8358898139897528,2.1353530853196707,3.3133632679038887,4.0197837,-1.454029842,-1.313706456,9.23764315509171e-16,1.1842378929335002e-15,2.7778476550305813,3.481234801918601,-0.62172324,-0.285312,2.777847655030583,3.4812348019186024,0.1292473286349932,1.2624892585754524,1.0221563894971557e-15,1.1402454297590858e-15,-3.926989968,-3.926989968,-0.194009998,-0.194009998,2.0578892829804767,6.480050346556007,2.07519998290286,6.488929946539056,1.1,6.25416,12.176,0.0,0.0,0.0,14.0,0.0,0.0,0.0,2.0,0.0,16.0,20.9,-4.966219959,-4.334109964,-4.334109964,-4.334109964,-0.511766596,7.220987540517275,-0.459349996,7.633379937110171,1.6,6.75885,14.0,6.0,4.0,0.0,0.0,0.0,0.0,1.0,1.0,7.0,5.0,15.7,-9.787249919,-9.787269919,3.47662997135677,-9.787269919,-3.814405005,16.99279956799987,-3.66805997,16.856479861122974,3.44,13.61805,35.1211,0.0,0.0,0.0,0.0,2.0,4.0,0.0,2.0,2.0,6.0,0.802,4.019783697829847,221.0,4.019783697829847
mp-1187595.cif,281,Yb1 Ni1 O3,Yb,Ni,Ni,O,YbNiO3,3,0.6,8.811045503895407e-17,5.002962360444018e-35,0.5335359505502685,0.0788745726739258,0.4423652548498799,0.0117372876002865,0.5918059065158565,0.0237239925620793,7.113674082113195e-40,2.3596596283213103e-79,0.2746788895831849,1.8851996175443515,0.1907274176187068,0.9089355493560292,1.5936995614616152,3.8372714888990244e-19,36.15528308968557,0.0358817900466279,11.117249556422326,19.47075165436342,0.0324391739359142,0.0021916173879469,44.471186733275005,286.1084516279285,24.24720037965924,206.681915506192,7.43832448620413,15.31974655230719,34.164232476823386,291.7811711670189,31.97411892067716,333.12662570699183,31.974118920677142,333.12662570699143,0.9189020651602148,0.0136976086746681,1.1343674579643543,0.0376022096706296,0.1163781019336101,0.0282077018303697,0.8618039837061409,0.0013364684162608,2.8038332347605173,0.9615186002154776,1.3243917393591402,0.2191617387946918,0.2470013975558284,0.0006012942071579,180.0,0.0,77.94250147859223,216.3416850484828,102.05749852140777,216.3416850484828,36.15528308968557,0.0358817900466279,104.05390956441366,23.17180374384194,2.3077724683207146,0.0949552208844846,8.41149970428155,8.653667401939298,0.2023019467640497,0.0008455101338725,95.25416516392872,61.33705424400796,25.535688274618337,314.5755309912947,-0.229379549,0.1095808219338035,1.3243917393591402,0.2191617387946918,0.2468752351766249,0.1269346582366644,0.1163781019336101,0.0282077018303697,2.39006421337959,0.1151325328101856,2.143188978202965,0.1392237025241924,27.0,81.0,0.2307692307692307,1.0,3.0,2.076923076923077,6.0,6.0,0.0,0.2,27.0,243.0,0.6923076923076923,1.0,2.0,1.3076923076923077,18.0,18.0,0.0,0.6862745098039215,81.0,1.0,0.0,0.0,-0.85691618,0.4773972383301834,2.2939384447752005,2.5983546246253337,-0.155459397,1.297759861450603,0.2152547450749335,0.358757908458222,7.2,12.0,-0.915466898,-0.432140248,3.0288641147752,3.67462835,-1.128665009,-1.019049331,7.427223170571127e-16,8.715754899360528e-16,2.5393301000639408,3.182321500566493,-0.708199516,-0.094816268,2.5393301000639426,3.182321500566496,-0.575254915,1.2943527036955518,1.0357511234609851e-15,1.2819751242557094e-15,-3.926989968,-3.926989968,-0.194009998,-0.194009998,2.0578892829804767,6.480050346556007,2.07519998290286,6.488929946539056,1.1,6.25416,12.176,0.0,0.0,0.0,14.0,0.0,0.0,0.0,2.0,0.0,16.0,20.9,-2.825219977,-2.825229977,-2.697169978,-2.825229977,-0.396642997,8.055245913651854,-0.517239996,7.938709934594622,1.91,7.6398,18.16884,2.0,8.0,0.0,0.0,0.0,0.0,0.0,2.0,2.0,10.0,6.8,-9.787249919,-9.787269919,3.47662997135677,-9.787269919,-3.814405005,16.99279956799987,-3.66805997,16.856479861122974,3.44,13.61805,35.1211,0.0,0.0,0.0,0.0,2.0,4.0,0.0,2.0,2.0,6.0,0.802,3.674628352562814,221.0,3.674628352562814
mp-1187621.cif,282,Tl1 W1 O3,Tl,W,W,O,TlWO3,3,0.6,6.954505040386696e-17,6.810185386333882e-35,0.5352839796131623,0.0786750934350195,0.4416909379992909,0.011707603189735,0.5927645873142952,0.023663992947252,4.2582997228327526e-40,5.944283208833563e-79,0.2832248093433678,1.88043181757859,0.1966614058960226,0.9066367886090144,1.593699561465471,3.827564073751232e-19,36.15410410370146,0.0357910533011733,11.089785069001664,19.421508779387693,0.0332506391835195,0.0022194589122393,54.74472712577208,428.9651789918771,33.0751275246746,382.472243656754,7.395670870495532,15.403800623773632,42.04270995756998,437.7665394071417,39.27898729525178,501.7168175836679,39.27898729525177,501.71681758366736,0.9168734020412012,0.0138716182014958,1.1377286570738798,0.0380798947080597,0.1323580282873831,0.0351680016343259,0.8614311016870195,0.0013421769103489,2.797730015333703,0.959086853303096,1.3325063918351927,0.2219458912239339,0.2463890968536391,0.0006234582446448,180.0,0.0,78.03404976999445,215.79454199319667,101.96595023000556,215.79454199319667,36.15410410370146,0.0357910533011733,104.08387083381638,23.113200530841524,2.562591585786833,0.1152133468192722,8.39319004600111,8.631781679727863,0.202366012950648,0.0008741319381777,92.90279702864696,7.1765460971677335,27.046066354482644,366.4787850029328,-0.235117487,0.1109729104238419,1.3325063918351927,0.2219458912239339,0.2807737780394685,0.1582560073544673,0.1323580282873831,0.0351680016343259,2.6561828451333227,0.140088768590346,2.3754090670938544,0.1709665081801026,27.0,81.0,0.2307692307692307,1.0,3.0,2.076923076923077,6.0,6.0,0.0,0.2,27.0,243.0,0.6923076923076923,1.0,2.0,1.3076923076923077,18.0,18.0,0.0,0.6862745098039215,81.0,1.0,0.0,0.0,-1.138571747,-0.333117336,2.5452507094804124,2.883017182467354,-0.490986238,-0.016017082,0.2388369635065297,0.3980616058442154,7.2,12.0,0.0322115702479344,0.0322115702479344,3.3606911094804106,4.077201999999999,0.3256322521439847,0.3256322521439847,8.289413468196601e-16,8.881784197001252e-16,2.8175262302760222,3.530960508360718,-0.937061794,-0.504066653,2.817526230276024,3.53096050836072,-1.168103806,-0.962149618,1.103641630288637e-15,1.3171042345699646e-15,-9.984129918,-2.017449983,-2.017449983,-2.017449983,0.5782229955112802,4.86344786009144,0.6071399949978998,4.806619960399257,1.62,6.108194,20.4283,0.0,10.0,0.0,14.0,5.0,1.0,0.0,2.0,5.0,27.0,7.55,-6.06602995,-4.355829964,-4.355829964,-4.355829964,-0.368762497,8.697226028512699,-0.333519997,8.635419928854573,2.36,7.86403,16.1,6.0,4.0,0.0,14.0,0.0,0.0,0.0,2.0,6.0,20.0,11.1,-9.787249919,-9.787269919,3.47662997135677,-9.787269919,-3.814405005,16.99279956799987,-3.66805997,16.856479861122974,3.44,13.61805,35.1211,0.0,0.0,0.0,0.0,2.0,4.0,0.0,2.0,2.0,6.0,0.802,4.077202,221.0,4.077202
mp-1187655.cif,283,Tm1 Ge1 O3,Tm,Ge,Ge,O,TmGeO3,3,0.6,8.84839497478095e-17,4.5992154186650746e-35,0.5284630767849183,0.0794188705075484,0.4443221583897008,0.0118182843017185,0.5890237636013138,0.0238877071448486,5.757420045628223e-41,2.339183797958493e-79,0.2498781736955145,1.8982090074274187,0.1735066664911151,0.9152079338982858,1.593699561450426,3.863747666707921e-19,36.15870462356955,0.0361294260300447,11.196952966778918,19.605115462434817,0.0331092411791205,0.0022147022664548,50.27430645060171,353.8280266243244,29.112788218977364,288.0245052215973,7.471358075812329,15.602748985978357,38.73138545774447,361.5669119734342,36.230094699316325,416.7925524449761,36.230094699316325,416.7925524449761,0.9172268970521986,0.0138418891653429,1.1371429673627356,0.0379982835686793,0.1256492101506701,0.0318960145739904,0.8621719658301426,0.0013593915169353,2.8215451037286488,0.9681538499967812,1.3310924117912053,0.2214702266454882,0.2526652109731638,0.0003569694278863,180.0,0.0,77.67682344407027,217.83461624927563,102.32317655592976,217.83461624927568,36.15870462356955,0.0361294260300447,103.96696038103237,23.33170750576679,2.4519181441457607,0.1031310835468959,8.464635311185944,8.71338464997103,0.210026416184689,0.0003557877008296,80.66074367767217,79.0486476305673,36.42176898369685,12.395097570542704,-0.234117647,0.1107350728014212,1.3310924117912053,0.2214702266454882,0.266542225644818,0.1435320655829572,0.1256492101506701,0.0318960145739904,2.540765552694033,0.1241096070383082,2.274223327049216,0.156862080286043,27.0,81.0,0.2307692307692307,1.0,3.0,2.076923076923077,6.0,6.0,0.0,0.2,27.0,243.0,0.6923076923076923,1.0,2.0,1.3076923076923077,18.0,18.0,0.0,0.6862745098039215,81.0,1.0,0.0,0.0,-1.135735504,-0.253381986,2.4265587578321446,2.748574263053574,-0.17165377,1.193492433614766,0.2276993473892854,0.3794989123154751,7.2,12.0,-1.508709537,-1.508709537,3.203972957832144,3.887071,1.161308611871835,1.161308611871835,7.2154036304241565e-16,1.1011396044077513e-15,2.6861373317891166,3.3663022323137795,-0.848355953,-0.531186282,2.686137331789117,3.366302232313781,0.4068341433247496,1.4494984905879191,7.966614889503573e-16,8.406473066991232e-16,-3.68632997,-3.68753997,0.2545399979028979,-3.68753997,0.8790595927381544,5.901787851294252,2.3432199806946983,6.038359950251207,1.25,6.18431,12.05,0.0,0.0,1.0,13.0,0.0,0.0,0.0,2.0,1.0,15.0,21.8,-12.6643599,-3.782329969,-3.782329969,-3.782329969,-0.612054095,7.280624070018371,-0.579449995,7.220969940507932,2.01,7.89943,15.93461,0.0,10.0,0.0,0.0,4.0,2.0,0.0,2.0,4.0,14.0,5.84,-9.787249919,-9.787269919,3.47662997135677,-9.787269919,-3.814405005,16.99279956799987,-3.66805997,16.856479861122974,3.44,13.61805,35.1211,0.0,0.0,0.0,0.0,2.0,4.0,0.0,2.0,2.0,6.0,0.802,3.887070999999999,221.0,3.887070999999999
mp-1187736.cif,284,U1 Ti1 O3,U,Ti,Ti,O,UTiO3,3,0.6,9.25192075316086e-17,5.973537876387377e-35,0.5338679889477551,0.0788371517241578,0.4422371682572593,0.011731719006571,0.591988008085431,0.0237127370420318,2.639764534834259e-40,9.95550143402932e-80,0.2763021883958053,1.8843052106677205,0.1918545796322739,0.9085043174598456,1.5936995614623477,3.8354469042112744e-19,36.15505912502944,0.0358647610274442,11.112032672684787,19.46151402562068,0.034074248294236,0.0022463704326063,50.9248727967807,362.9013076808947,29.635883423143483,301.0309075706191,7.385794332962783,15.594387103948614,39.15564759135884,370.8781070663808,36.53417693752944,428.1204734008418,36.53417693752944,428.1204734008418,0.91481437926441,0.0140398152037895,1.1411401577114082,0.0385416234007416,0.1304934466263174,0.0329462667732503,0.8613835335301481,0.0013569990093719,2.802673927263286,0.9610624210183052,1.3407424829423584,0.224637043260635,0.2519701743367574,0.0003467132162067,180.0,0.0,77.95989109105068,216.2390447291185,102.0401089089493,216.2390447291185,36.15505912502944,0.0358647610274442,104.05960070513244,23.160810263170944,2.4718923206550243,0.1041250062206854,8.40802178178986,8.649561789164746,0.2102312879244368,0.0003780605458337,84.28379952664052,36.51915531259149,36.62192060789763,18.50352361252717,-0.240941277,0.1123184816363945,1.3407424829423584,0.224637043260635,0.2768184030296218,0.1482582004796271,0.1304934466263174,0.0329462667732503,2.564165121664898,0.1263204619951045,2.287346718635277,0.1585728949915994,27.0,81.0,0.2307692307692307,1.0,3.0,2.076923076923077,6.0,6.0,0.0,0.2,27.0,243.0,0.6923076923076923,1.0,2.0,1.3076923076923077,18.0,18.0,0.0,0.6862745098039215,81.0,1.0,0.0,0.0,-0.860336404,0.4616790370011157,2.4487401087216165,2.7736991812026948,-0.20510306,1.3896949596739436,0.2297807637594613,0.3829679395991016,7.2,12.0,0.0,0.0,3.233260708721616,3.9226029999999983,0.0,0.0,6.222656833131812e-16,8.417327136156249e-16,2.7106915093879125,3.397073846961048,-0.801330094,-0.277506464,2.7106915093879147,3.397073846961052,0.0110560972492833,1.26106716314476,1.2011509664544357e-15,2.3059719951900748e-15,-4.158209966,-1.579059987,-1.579059987,-1.579059987,1.0522473915431574,5.142908157717935,1.3298399890437251,4.478339963103889,1.38,6.1941,10.6,9.0,1.0,11.0,3.0,0.0,0.0,0.0,2.0,20.0,6.0,24.9,-4.762429961,-3.553389971,-3.553389971,-3.553389971,0.7799878335735743,7.4794458083788,0.8744399927956709,7.940329934581274,1.54,6.82812,13.5755,8.0,2.0,0.0,0.0,0.0,0.0,0.0,2.0,8.0,4.0,14.6,-9.787249919,-9.787269919,3.47662997135677,-9.787269919,-3.814405005,16.99279956799987,-3.66805997,16.856479861122974,3.44,13.61805,35.1211,0.0,0.0,0.0,0.0,2.0,4.0,0.0,2.0,2.0,6.0,0.802,3.922603,221.0,3.922603
mp-1187752.cif,285,U1 Be1 O3,U,Be,Be,O,UBeO3,3,0.6,5.3232750830529576e-17,2.484122303067475e-35,0.533465120094192,0.0788825267783772,0.4423925782915097,0.0117384712467823,0.5917670605952556,0.0237263850075588,2.387633129071982e-40,2.2110828631719688e-80,0.274332607357646,1.885389730456046,0.1904869713326831,0.9090272109404168,1.593699561461459,3.8376544118064934e-19,36.15533080267327,0.0358854093227805,11.118362422455965,19.472715181862288,0.0327579497663167,0.0022027117037391,42.25219621516701,256.4906065297083,22.443899365434344,176.10815470842343,7.429503121981143,15.378185993038528,32.46707535688176,261.6880348710604,30.368258023515995,299.43736833497013,30.368258023515995,299.43736833497013,0.918105125584208,0.0137669481483696,1.1356878706874496,0.0377925580365742,0.1144850392448639,0.0269043007355571,0.8617360734689413,0.0013408801898761,2.804080538323548,0.9616155645364092,1.3275794976631667,0.220271170373914,0.2468794392092285,0.0004651539719949,180.0,0.0,77.93879192514677,216.36350202069207,102.06120807485324,216.36350202069207,36.15533080267327,0.0358854093227805,104.0526954996906,23.174140478788487,2.249808136244649,0.0894271577226941,8.412241614970643,8.654540080827683,0.2041966588597405,0.0003215434167607,89.26782059759029,73.00276945447376,37.63794654384642,20.28476663052618,-0.23163363,0.1101355335855625,1.3275794976631667,0.220271170373914,0.2428594427833543,0.1210693533100071,0.1144850392448639,0.0269043007355571,2.330761283839101,0.1084296592327724,2.0879018410557464,0.1321350569092089,27.0,81.0,0.2307692307692307,1.0,3.0,2.076923076923077,6.0,6.0,0.0,0.2,27.0,243.0,0.6923076923076923,1.0,2.0,1.3076923076923077,18.0,18.0,0.0,0.6862745098039215,81.0,1.0,0.0,0.0,-0.354181271,2.781454458977409,2.234664352958579,2.531214588264298,-0.229926701,0.4926697056882909,0.2096926823471406,0.3494878039119006,7.2,12.0,-0.996539792,-0.996539792,2.9505999529585782,3.5796780000000004,-1.342621492,-1.342621492,6.7556350678230385e-16,1.0571437693441229e-15,2.473715224544188,3.1000920853682703,0.1118189874051284,2.758934703677565,2.473715224544188,3.1000920853682694,0.1271186403564557,1.335018983917155,9.65505807539466e-16,1.467909722726814e-15,-4.158209966,-1.579059987,-1.579059987,-1.579059987,1.0522473915431574,5.142908157717935,1.3298399890437251,4.478339963103889,1.38,6.1941,10.6,9.0,1.0,11.0,3.0,0.0,0.0,0.0,2.0,20.0,6.0,24.9,-6.07033995,-6.07033995,-1.473099988,-1.473099988,1.221916734732835,9.780957626816702,1.3019699892733403,9.752869919648134,1.57,9.3227,18.21114,0.0,0.0,0.0,0.0,0.0,0.0,0.0,2.0,0.0,2.0,5.6,-9.787249919,-9.787269919,3.47662997135677,-9.787269919,-3.814405005,16.99279956799987,-3.66805997,16.856479861122974,3.44,13.61805,35.1211,0.0,0.0,0.0,0.0,2.0,4.0,0.0,2.0,2.0,6.0,0.802,3.579678,221.0,3.579678
mp-1206341.cif,286,Nd1 Sb1 O3,Nd,Sb,Sb,O,NdSbO3,3,0.6,1.8501941627654761e-16,7.825305223004079e-33,0.540716180076424,0.0780161844134739,0.4395954211764235,0.011609551252005,0.5957437976649386,0.0234658054681152,3.1100749273306993e-38,1.4025866588466827e-75,-0.084472035,1.3265806099563529,-0.375211187,0.7263797665605465,1.3544285268276266,0.1184987262930991,36.15044018108225,0.0354912933456081,11.00443602964256,19.25885238092613,0.0325751569151905,0.0021963748434697,59.71322562611019,527.4390364597249,37.71777279472683,514.9422760422685,7.359035978972663,15.102529448795185,45.71783010408253,537.1751227626129,42.73201003654503,609.6954504718797,42.73201003654501,609.6954504718792,0.918562107712024,0.0137273427716859,1.1349307179070358,0.0376838347029242,0.1361689643614578,0.0383786502533874,0.8610271275983039,0.0013175770334764,2.7787635621427915,0.9510544385642534,1.3257515691519033,0.219637484346976,0.2479740046989891,0.0005749302623454,180.0,0.0,78.3185465678581,213.987248676957,101.68145343214188,213.987248676957,36.15044018108225,0.0354912933456081,104.17697886963012,22.91962605940698,2.6786411492298505,0.1307308899112208,8.336290686428374,8.559489947078282,0.2094577613464997,0.0001739080255168,89.3235476503453,17.507342015000663,27.127133416230325,358.47380492854234,-0.230341112,0.1098187121036206,1.3257515691519033,0.219637484346976,0.2888579942614091,0.1727039261402438,0.1361689643614579,0.0383786502533875,2.7749271473169874,0.1601859383734248,2.4860691530555785,0.1869567437469753,27.0,81.0,0.2307692307692307,1.0,3.0,2.076923076923077,6.0,6.0,0.0,0.2,27.0,81.0,0.2307692307692307,1.0,3.0,2.076923076923077,6.0,6.0,0.0,0.2,81.0,1.0,0.0,0.0,0.3689439981361382,4.975572903550743,2.672833429995276,3.027530716658792,-0.524034739,1.061972203875776,0.2508088566682419,0.418014761113736,7.2,12.0,0.7121023190593446,0.9937910883856822,3.5291484299952747,4.281574999999999,-1.278030131,-1.27338257,8.176411344379833e-16,1.290493325102167e-15,2.958756978289048,3.707952718208356,0.1640044906240989,1.527852893455922,2.958756978289049,3.707952718208358,-1.507187089,-1.393712923,9.711022058280205e-16,1.1561492024350312e-15,-2.781479977,-2.781479977,-1.072319991,-1.072319991,2.903782976091173,6.083155549909696,1.8723199845743448,6.376199947467815,1.14,5.525,10.72,0.0,0.0,10.0,4.0,0.0,0.0,0.0,2.0,10.0,6.0,31.4,-4.90672996,-4.90672996,-4.90672996,-4.90672996,-1.673612686,8.358098431195685,-1.655039986,8.322429931433232,2.05,8.60839,16.63,0.0,10.0,0.0,0.0,3.0,3.0,0.0,2.0,3.0,15.0,6.6,-9.787249919,-9.787269919,3.47662997135677,-9.787269919,-3.814405005,16.99279956799987,-3.66805997,16.856479861122974,3.44,13.61805,35.1211,0.0,0.0,0.0,0.0,2.0,4.0,0.0,2.0,2.0,6.0,0.802,4.281575,221.0,4.281575
mp-1188025.cif,287,Zr1 Ni1 O3,Zr,Ni,Ni,O,ZrNiO3,3,0.6,1.1829157000194803e-16,2.5921216895731926e-34,0.5266690852811118,0.0795990390870418,0.4450142056368028,0.0118450951022383,0.5880398753789896,0.0239418984753993,2.8651900858725552e-39,7.5487457130624545e-78,0.2411075486713516,1.9025152588040029,0.1674166507246899,0.9172841622850384,1.5936995614464693,3.8725101903343653e-19,36.15991467133932,0.0362113767686786,11.225139601735377,19.649591363201186,0.0328457822324862,0.0022057328127847,45.407227468740864,288.2921097368595,24.99893965386948,211.55367171546456,7.498052934182331,15.61251621425296,35.005588618783335,294.6083704332905,32.76879984004726,339.5780695547221,32.76879984004726,339.578069554722,0.9178855444187846,0.0137858300799044,1.1360516846744906,0.0378443920731145,0.1183464819212646,0.0286354748949937,0.862420241239083,0.0013606797483445,2.8278088003856388,0.9703501907753672,1.328457822324861,0.2205732812784712,0.2476978388541424,0.000642030356357,179.99999999999997,8.07793566946316e-28,77.58286799421539,218.32879292445776,102.4171320057846,218.32879292445773,36.15991467133932,0.0362113767686786,103.9362113435614,23.384637655379905,2.328988046845025,0.0930947029029858,8.483426401156915,8.733151716978306,0.2123742346602688,0.0004121049869934,83.42191116196628,24.16201770713133,37.577122657049394,19.98832381599248,-0.232254704,0.1102865934844758,1.328457822324861,0.2205732812784712,0.2510507996882928,0.1288596370274717,0.1183464819212647,0.0286354748949937,2.4126716467411224,0.1117350447289515,2.1616208470528298,0.1417204439360361,27.0,81.0,0.2307692307692307,1.0,3.0,2.076923076923077,6.0,6.0,0.0,0.2,27.0,243.0,0.6923076923076923,1.0,2.0,1.3076923076923077,18.0,18.0,0.0,0.6862745098039215,81.0,1.0,0.0,0.0,-0.306175831,1.643831050300789,2.3038596551268147,2.6095924252113583,0.1723630399907578,1.5843536327713523,0.2161857149577286,0.3603095249295471,7.2,12.0,-1.588129369,-1.588129369,3.0419638551268147,3.690521,-1.151969157,-1.151969157,6.972605499366588e-16,1.318489931149495e-15,2.550312621470434,3.1960849391999484,-1.036714446,-0.690453686,2.550312621470435,3.196084939199949,1.2361259788304029,1.2574539405447167,6.013695534848499e-16,7.762744877793948e-16,-4.648009962,-3.055889975,-3.055889975,-3.055889975,0.5037961558380569,7.098576891509628,0.5568399954123112,7.006299942276553,1.33,6.6339,13.1,8.0,2.0,0.0,0.0,0.0,0.0,0.0,2.0,8.0,4.0,17.9,-2.825219977,-2.825229977,-2.697169978,-2.825229977,-0.396642997,8.055245913651854,-0.517239996,7.938709934594622,1.91,7.6398,18.16884,2.0,8.0,0.0,0.0,0.0,0.0,0.0,2.0,2.0,10.0,6.8,-9.787249919,-9.787269919,3.47662997135677,-9.787269919,-3.814405005,16.99279956799987,-3.66805997,16.856479861122974,3.44,13.61805,35.1211,0.0,0.0,0.0,0.0,2.0,4.0,0.0,2.0,2.0,6.0,0.802,3.690521,221.0,3.690521
mp-1188011.cif,288,Zr1 Be1 O3,Zr,Be,Be,O,ZrBeO3,3,0.6,7.09948545806053e-17,4.880505801354995e-34,0.5255408261042878,0.0797090518502316,0.4454494410633265,0.0118614660491416,0.587421098247966,0.0239749882518275,7.643195837108352e-41,4.394515420825189e-80,0.2355916149843752,1.9051446995991728,0.1635865789763604,0.9185519284098632,1.5936995614439806,3.877865060704465e-19,36.160675634571305,0.0362614131062199,11.242866458014207,19.67674879960005,0.0331124806114347,0.0022148116889008,40.22980320180409,224.0244342601005,20.838399448188547,145.58618038497315,7.501869886999766,15.695975929609252,31.03543879668975,229.076773732234,29.04288120603214,264.85418651308544,29.042881206032128,264.8541865130853,0.9172187984714132,0.0138425730556301,1.137156385530724,0.0380001609610461,0.112151312314787,0.0254075092502855,0.8624743049123356,0.001367295700945,2.831748101780935,0.9716912987456814,1.331124806114346,0.2214811688900828,0.2424224298964103,0.0007071892995096,180.0,0.0,77.52377847328597,218.63054221777844,102.47622152671404,218.63054221777844,36.160675634571305,0.0362614131062199,103.91687294413413,23.416957372523,2.1919869958164,0.0814345792753275,8.495244305342805,8.745221688711132,0.2098097476401048,0.0003494417157985,86.14771239214956,63.2061876126642,37.49313291740937,19.81350747972312,-0.234140536,0.1107405274419102,1.331124806114346,0.2214811688900828,0.237908860370269,0.114333791626285,0.112151312314787,0.0254075092502855,2.2712899492731564,0.0975618933147611,2.033381088902887,0.1254024789473173,27.0,81.0,0.2307692307692307,1.0,3.0,2.076923076923077,6.0,6.0,0.0,0.2,27.0,243.0,0.6923076923076923,1.0,2.0,1.3076923076923077,18.0,18.0,0.0,0.6862745098039215,81.0,1.0,0.0,0.0,-0.216333821,3.093704028800329,2.165673185140811,2.4530679752346853,-0.187946211,1.2164018987200966,0.2032188049530631,0.3386980082551047,7.2,12.0,-1.540692042,-1.540692042,2.8595055851408104,3.4691619999999994,0.4266579948572576,0.4266579948572576,5.465997327088393e-16,1.1143273751277045e-15,2.3973437990261024,3.0043824218436272,-0.654815982,1.1090303056883464,2.397343799026104,3.004382421843629,0.279834071757874,1.135384171106855,8.898361162275115e-16,1.1702778228589005e-15,-4.648009962,-3.055889975,-3.055889975,-3.055889975,0.5037961558380569,7.098576891509628,0.5568399954123112,7.006299942276553,1.33,6.6339,13.1,8.0,2.0,0.0,0.0,0.0,0.0,0.0,2.0,8.0,4.0,17.9,-6.07033995,-6.07033995,-1.473099988,-1.473099988,1.221916734732835,9.780957626816702,1.3019699892733403,9.752869919648134,1.57,9.3227,18.21114,0.0,0.0,0.0,0.0,0.0,0.0,0.0,2.0,0.0,2.0,5.6,-9.787249919,-9.787269919,3.47662997135677,-9.787269919,-3.814405005,16.99279956799987,-3.66805997,16.856479861122974,3.44,13.61805,35.1211,0.0,0.0,0.0,0.0,2.0,4.0,0.0,2.0,2.0,6.0,0.802,3.469162,221.0,3.469162
mp-1239170.cif,289,Zr1 Be1 O3,Zr,Be,Be,O,ZrBeO3,3,0.6,1.2372986193307946e-16,8.896732463708301e-34,0.5354961310159063,0.0786504675704078,0.4416090988189344,0.0117039386265487,0.5928809386270334,0.0236565859489117,1.7790018063490512e-39,4.000571027962133e-78,-0.107579796,1.3259789771217858,-0.389319368,0.7160718335640309,1.3558926487789418,0.1181217997612175,36.15396097919308,0.0357798352083118,11.086451812332406,19.415429708809256,0.0323758264665555,0.002189388507263,55.61541666335567,451.1944073961256,33.91418820598816,408.2808712822668,7.419693080891613,15.244103187388088,42.68359204703417,459.912566092414,39.94086931889241,523.8834529089588,39.9408693188924,523.8834529089589,0.9190604338336112,0.0136836781703939,1.134105064154851,0.0375639681238764,0.1301081328438923,0.0353581876002374,0.8616156235587067,0.0013301109186089,2.796989291629424,0.958786652286877,1.3237582646655528,0.2189388507263027,0.2422009732858902,0.000643002249046,180.0,0.0,78.04516062555861,215.7269967645476,101.95483937444138,215.7269967645476,36.15396097919308,0.0357798352083118,104.08750709923888,23.10596610666409,2.581809312548209,0.11989887649695,8.390967874888272,8.629079870581892,0.2029249304862605,0.0004052852482174,81.29886215657281,101.4155905021812,36.1954731725666,10.716074753213473,-0.228931629,0.1094693916288292,1.3237582646655528,0.2189388507263027,0.2760010290643098,0.1591118442010686,0.1301081328438922,0.0353581876002374,2.673809655569646,0.1457868971627927,2.397808626505336,0.1741973979659767,27.0,81.0,0.2307692307692307,1.0,3.0,2.076923076923077,6.0,6.0,0.0,0.2,27.0,243.0,0.6923076923076923,1.0,2.0,1.3076923076923077,18.0,18.0,0.0,0.6862745098039215,81.0,1.0,0.0,0.0,-0.898095342,0.6239359141572272,2.5695901412554214,2.910586568759036,-0.545209485,0.3988239664516052,0.241120886248193,0.4018681437469878,7.2,12.0,0.0599999999999996,0.0599999999999996,3.392828341255421,4.116190999999999,-1.707629936,-1.707629936,6.591467862755465e-16,9.362222582871205e-16,2.8444693471959672,3.56472597282887,-0.907143207,-0.323260004,2.844469347195969,3.5647259728288723,-0.341560398,1.4755980030877385,1.0995717136302473e-15,1.7379052533227306e-15,-4.648009962,-3.055889975,-3.055889975,-3.055889975,0.5037961558380569,7.098576891509628,0.5568399954123112,7.006299942276553,1.33,6.6339,13.1,8.0,2.0,0.0,0.0,0.0,0.0,0.0,2.0,8.0,4.0,17.9,-6.07033995,-6.07033995,-1.473099988,-1.473099988,1.221916734732835,9.780957626816702,1.3019699892733403,9.752869919648134,1.57,9.3227,18.21114,0.0,0.0,0.0,0.0,0.0,0.0,0.0,2.0,0.0,2.0,5.6,-9.787249919,-9.787269919,3.47662997135677,-9.787269919,-3.814405005,16.99279956799987,-3.66805997,16.856479861122974,3.44,13.61805,35.1211,0.0,0.0,0.0,0.0,2.0,4.0,0.0,2.0,2.0,6.0,0.802,4.116191,221.0,4.116191
mp-1187570.cif,290,Yb1 Pd1 O3,Yb,Pd,Pd,O,YbPdO3,3,0.6,8.78636743776559e-17,3.265119917923104e-34,0.5357186535476213,0.0786245411331648,0.4415232588887203,0.0117000805257685,0.593002977832733,0.0236487877627097,1.2167319483576336e-39,1.875871986522272e-79,0.2853498818862585,1.879223555183096,0.1981369820670874,0.9060542335129949,1.593699561466429,3.82510469091505e-19,36.15381090198355,0.0357680451609635,11.08295560771955,19.40902958258697,0.0325062634568035,0.0021939691817572,50.30104959418526,368.380892433732,29.165171834472453,301.5996910761991,7.413449168108931,15.259547591162672,38.60395062127638,375.5430636422811,36.113517248043934,428.060575657432,36.113517248043934,428.060575657432,0.918734341357991,0.0137123073859825,1.134645351858809,0.0376425600732336,0.1242293031630925,0.0320438373993382,0.8615617491964069,0.0013311912152652,2.796212357271011,0.958470596670962,1.325062634568034,0.2193969181757227,0.245169930406456,0.0005963908184739,180.0,0.0,78.05681464093482,215.6558842509665,101.94318535906515,215.6558842509665,36.15381090198355,0.0357680451609635,104.09132114491526,23.098349377043192,2.455650559869182,0.1081701513376013,8.388637071813033,8.626235370038657,0.2010724901578848,0.0007984159300753,88.56764124553766,11.805415540808797,25.968322127680043,333.06668821347364,-0.229853952,0.1096984197818104,1.325062634568034,0.2193969181757227,0.2635301480661065,0.1441972682970222,0.1242293031630925,0.0320438373993382,2.543493942557884,0.1315773737305768,2.279963794491778,0.1574872187496651,27.0,81.0,0.2307692307692307,1.0,3.0,2.076923076923077,6.0,6.0,0.0,0.2,27.0,243.0,0.6923076923076923,1.0,2.0,1.3076923076923077,18.0,18.0,0.0,0.6862745098039215,81.0,1.0,0.0,0.0,-0.791987278,0.6241966293539756,2.443640277051885,2.767922578419808,0.1292116453520451,1.4852646020270537,0.2293022143160386,0.3821703571933971,7.2,12.0,0.0,0.0,3.2265270070518843,3.91443365,0.0,0.0,6.622572434331792e-16,8.373826446313467e-16,2.705046128582816,3.3899989823286423,-1.707786706,-1.707786706,2.7050461285828167,3.389998982328644,0.6862353232812479,0.6862353232812479,5.999661768905922e-16,7.118522090925096e-16,-3.926989968,-3.926989968,-0.194009998,-0.194009998,2.0578892829804767,6.480050346556007,2.07519998290286,6.488929946539056,1.1,6.25416,12.176,0.0,0.0,0.0,14.0,0.0,0.0,0.0,2.0,0.0,16.0,20.9,-5.069039958,-5.069039958,-2.683859978,-2.683859978,-0.0178384,10.099679516760922,0.0108299999107738,10.019159917454228,2.2,8.3369,19.43,0.0,10.0,0.0,0.0,0.0,0.0,0.0,0.0,0.0,10.0,4.8,-9.787249919,-9.787269919,3.47662997135677,-9.787269919,-3.814405005,16.99279956799987,-3.66805997,16.856479861122974,3.44,13.61805,35.1211,0.0,0.0,0.0,0.0,2.0,4.0,0.0,2.0,2.0,6.0,0.802,3.9144336524232273,221.0,3.9144336524232273
